<entry-calmagRes>
    <id>367</id>
    <filename>calmag_res.bin</filename>
    <version>
        <major>7</major>
        <minor>3</minor>
        <revision>1</revision>
    </version>
    <data>
        <temp_hyst>1.0</temp_hyst>
        <cal_data>
            <str-tunarray-element>
                <temp>0.0</temp>
                <b0>0.0</b0>
                <b1>0.0</b1>
                <b2>0.0</b2>
                <a00>1.0</a00>
                <a10>0.0</a10>
                <a20>0.0</a20>
                <a01>0.0</a01>
                <a11>1.0</a11>
                <a21>0.0</a21>
                <a02>0.0</a02>
                <a12>0.0</a12>
                <a22>1.0</a22>
            </str-tunarray-element>
        </cal_data>
    </data>
</entry-calmagRes>
