<entry-tm-compl>
    <id>72</id>
    <filename>tmcompl.bin</filename>
    <version>
        <major>7</major>
        <minor>3</minor>
        <revision>1</revision>
    </version>
    <data>
        <str-tunarray-element>
            <fields>
                <str-tunarray-element>
                    <data-fieldset>
                        <real-float32>
                            <type>0</type>
                            <id>2095</id>
                            <scale>1.0</scale>
                        </real-float32>
                    </data-fieldset>
                </str-tunarray-element>
                <str-tunarray-element>
                    <data-fieldset>
                        <bit>
                            <type>3</type>
                            <id>16</id>
                        </bit>
                    </data-fieldset>
                </str-tunarray-element>
                <str-tunarray-element>
                    <data-fieldset>
                        <real-float32>
                            <type>0</type>
                            <id>2051</id>
                            <scale>1.0</scale>
                        </real-float32>
                    </data-fieldset>
                </str-tunarray-element>
                <str-tunarray-element>
                    <data-fieldset>
                        <real-float32>
                            <type>0</type>
                            <id>504</id>
                            <scale>1.0</scale>
                        </real-float32>
                    </data-fieldset>
                </str-tunarray-element>
                <str-tunarray-element>
                    <data-fieldset>
                        <real-float32>
                            <type>0</type>
                            <id>1513</id>
                            <scale>1.0</scale>
                        </real-float32>
                    </data-fieldset>
                </str-tunarray-element>
                <str-tunarray-element>
                    <data-fieldset>
                        <real-float32>
                            <type>0</type>
                            <id>3110</id>
                            <scale>1.0</scale>
                        </real-float32>
                    </data-fieldset>
                </str-tunarray-element>
                <str-tunarray-element>
                    <data-fieldset>
                        <bit>
                            <type>3</type>
                            <id>73</id>
                        </bit>
                    </data-fieldset>
                </str-tunarray-element>
                <str-tunarray-element>
                    <data-fieldset>
                        <real-float32>
                            <type>0</type>
                            <id>346</id>
                            <scale>1.0</scale>
                        </real-float32>
                    </data-fieldset>
                </str-tunarray-element>
                <str-tunarray-element>
                    <data-fieldset>
                        <real-float32>
                            <type>0</type>
                            <id>1505</id>
                            <scale>1.0</scale>
                        </real-float32>
                    </data-fieldset>
                </str-tunarray-element>
                <str-tunarray-element>
                    <data-fieldset>
                        <bit>
                            <type>3</type>
                            <id>8</id>
                        </bit>
                    </data-fieldset>
                </str-tunarray-element>
                <str-tunarray-element>
                    <data-fieldset>
                        <real-float32>
                            <type>0</type>
                            <id>1101</id>
                            <scale>1.0</scale>
                        </real-float32>
                    </data-fieldset>
                </str-tunarray-element>
                <str-tunarray-element>
                    <data-fieldset>
                        <real-float32>
                            <type>0</type>
                            <id>387</id>
                            <scale>1.0</scale>
                        </real-float32>
                    </data-fieldset>
                </str-tunarray-element>
                <str-tunarray-element>
                    <data-fieldset>
                        <real-float32>
                            <type>0</type>
                            <id>390</id>
                            <scale>1.0</scale>
                        </real-float32>
                    </data-fieldset>
                </str-tunarray-element>
                <str-tunarray-element>
                    <data-fieldset>
                        <bit>
                            <type>3</type>
                            <id>111</id>
                        </bit>
                    </data-fieldset>
                </str-tunarray-element>
                <str-tunarray-element>
                    <data-fieldset>
                        <real-float32>
                            <type>0</type>
                            <id>1515</id>
                            <scale>1.0</scale>
                        </real-float32>
                    </data-fieldset>
                </str-tunarray-element>
                <str-tunarray-element>
                    <data-fieldset>
                        <real-float32>
                            <type>0</type>
                            <id>348</id>
                            <scale>1.0</scale>
                        </real-float32>
                    </data-fieldset>
                </str-tunarray-element>
                <str-tunarray-element>
                    <data-fieldset>
                        <real-float32>
                            <type>0</type>
                            <id>501</id>
                            <scale>1.0</scale>
                        </real-float32>
                    </data-fieldset>
                </str-tunarray-element>
                <str-tunarray-element>
                    <data-fieldset>
                        <real-float32>
                            <type>0</type>
                            <id>6</id>
                            <scale>1.0</scale>
                        </real-float32>
                    </data-fieldset>
                </str-tunarray-element>
                <str-tunarray-element>
                    <data-fieldset>
                        <bit>
                            <type>3</type>
                            <id>200</id>
                        </bit>
                    </data-fieldset>
                </str-tunarray-element>
                <str-tunarray-element>
                    <data-fieldset>
                        <real-float32>
                            <type>0</type>
                            <id>2094</id>
                            <scale>1.0</scale>
                        </real-float32>
                    </data-fieldset>
                </str-tunarray-element>
                <str-tunarray-element>
                    <data-fieldset>
                        <real-float32>
                            <type>0</type>
                            <id>389</id>
                            <scale>1.0</scale>
                        </real-float32>
                    </data-fieldset>
                </str-tunarray-element>
                <str-tunarray-element>
                    <data-fieldset>
                        <real-float32>
                            <type>0</type>
                            <id>392</id>
                            <scale>1.0</scale>
                        </real-float32>
                    </data-fieldset>
                </str-tunarray-element>
                <str-tunarray-element>
                    <data-fieldset>
                        <uinteger16>
                            <type>2</type>
                            <id>100</id>
                            <min>0.0</min>
                            <max>65535.0</max>
                        </uinteger16>
                    </data-fieldset>
                </str-tunarray-element>
                <str-tunarray-element>
                    <data-fieldset>
                        <uinteger16>
                            <type>2</type>
                            <id>451</id>
                            <min>0.0</min>
                            <max>65535.0</max>
                        </uinteger16>
                    </data-fieldset>
                </str-tunarray-element>
                <str-tunarray-element>
                    <data-fieldset>
                        <real-float32>
                            <type>0</type>
                            <id>2050</id>
                            <scale>1.0</scale>
                        </real-float32>
                    </data-fieldset>
                </str-tunarray-element>
                <str-tunarray-element>
                    <data-fieldset>
                        <real-float32>
                            <type>0</type>
                            <id>8</id>
                            <scale>1.0</scale>
                        </real-float32>
                    </data-fieldset>
                </str-tunarray-element>
                <str-tunarray-element>
                    <data-fieldset>
                        <bit>
                            <type>3</type>
                            <id>10</id>
                        </bit>
                    </data-fieldset>
                </str-tunarray-element>
                <str-tunarray-element>
                    <data-fieldset>
                        <bit>
                            <type>3</type>
                            <id>7</id>
                        </bit>
                    </data-fieldset>
                </str-tunarray-element>
                <str-tunarray-element>
                    <data-fieldset>
                        <real-float32>
                            <type>0</type>
                            <id>1504</id>
                            <scale>1.0</scale>
                        </real-float32>
                    </data-fieldset>
                </str-tunarray-element>
                <str-tunarray-element>
                    <data-fieldset>
                        <real-float32>
                            <type>0</type>
                            <id>3</id>
                            <scale>1.0</scale>
                        </real-float32>
                    </data-fieldset>
                </str-tunarray-element>
                <str-tunarray-element>
                    <data-fieldset>
                        <bit>
                            <type>3</type>
                            <id>90</id>
                        </bit>
                    </data-fieldset>
                </str-tunarray-element>
                <str-tunarray-element>
                    <data-fieldset>
                        <real-float32>
                            <type>0</type>
                            <id>1100</id>
                            <scale>1.0</scale>
                        </real-float32>
                    </data-fieldset>
                </str-tunarray-element>
                <str-tunarray-element>
                    <data-fieldset>
                        <bit>
                            <type>3</type>
                            <id>56</id>
                        </bit>
                    </data-fieldset>
                </str-tunarray-element>
                <str-tunarray-element>
                    <data-fieldset>
                        <real-float32>
                            <type>0</type>
                            <id>2057</id>
                            <scale>1.0</scale>
                        </real-float32>
                    </data-fieldset>
                </str-tunarray-element>
                <str-tunarray-element>
                    <data-fieldset>
                        <real-float32>
                            <type>0</type>
                            <id>386</id>
                            <scale>1.0</scale>
                        </real-float32>
                    </data-fieldset>
                </str-tunarray-element>
                <str-tunarray-element>
                    <data-fieldset>
                        <bit>
                            <type>3</type>
                            <id>17</id>
                        </bit>
                    </data-fieldset>
                </str-tunarray-element>
                <str-tunarray-element>
                    <data-fieldset>
                        <real-float32>
                            <type>0</type>
                            <id>1514</id>
                            <scale>1.0</scale>
                        </real-float32>
                    </data-fieldset>
                </str-tunarray-element>
                <str-tunarray-element>
                    <data-fieldset>
                        <bit>
                            <type>3</type>
                            <id>102</id>
                        </bit>
                    </data-fieldset>
                </str-tunarray-element>
                <str-tunarray-element>
                    <data-fieldset>
                        <real-float32>
                            <type>0</type>
                            <id>347</id>
                            <scale>1.0</scale>
                        </real-float32>
                    </data-fieldset>
                </str-tunarray-element>
                <str-tunarray-element>
                    <data-fieldset>
                        <bit>
                            <type>3</type>
                            <id>12</id>
                        </bit>
                    </data-fieldset>
                </str-tunarray-element>
                <str-tunarray-element>
                    <data-fieldset>
                        <real-float32>
                            <type>0</type>
                            <id>500</id>
                            <scale>1.0</scale>
                        </real-float32>
                    </data-fieldset>
                </str-tunarray-element>
                <str-tunarray-element>
                    <data-fieldset>
                        <bit>
                            <type>3</type>
                            <id>9</id>
                        </bit>
                    </data-fieldset>
                </str-tunarray-element>
                <str-tunarray-element>
                    <data-fieldset>
                        <real-float32>
                            <type>0</type>
                            <id>1506</id>
                            <scale>1.0</scale>
                        </real-float32>
                    </data-fieldset>
                </str-tunarray-element>
                <str-tunarray-element>
                    <data-fieldset>
                        <bit>
                            <type>3</type>
                            <id>117</id>
                        </bit>
                    </data-fieldset>
                </str-tunarray-element>
                <str-tunarray-element>
                    <data-fieldset>
                        <bit>
                            <type>3</type>
                            <id>58</id>
                        </bit>
                    </data-fieldset>
                </str-tunarray-element>
                <str-tunarray-element>
                    <data-fieldset>
                        <real-float32>
                            <type>0</type>
                            <id>388</id>
                            <scale>1.0</scale>
                        </real-float32>
                    </data-fieldset>
                </str-tunarray-element>
                <str-tunarray-element>
                    <data-fieldset>
                        <real-float32>
                            <type>0</type>
                            <id>391</id>
                            <scale>1.0</scale>
                        </real-float32>
                    </data-fieldset>
                </str-tunarray-element>
                <str-tunarray-element>
                    <data-fieldset>
                        <uinteger16>
                            <type>2</type>
                            <id>450</id>
                            <min>0.0</min>
                            <max>65535.0</max>
                        </uinteger16>
                    </data-fieldset>
                </str-tunarray-element>
                <str-tunarray-element>
                    <data-fieldset>
                        <real-float32>
                            <type>0</type>
                            <id>502</id>
                            <scale>1.0</scale>
                        </real-float32>
                    </data-fieldset>
                </str-tunarray-element>
                <str-tunarray-element>
                    <data-fieldset>
                        <real-float32>
                            <type>0</type>
                            <id>7</id>
                            <scale>1.0</scale>
                        </real-float32>
                    </data-fieldset>
                </str-tunarray-element>
            </fields>
            <enable>1</enable>
            <periode>0.1</periode>
            <address>
                <uav>2</uav>
            </address>
        </str-tunarray-element>
    </data>
</entry-tm-compl>
