<entry-varini>
    <id>6</id>
    <filename>varini.bin</filename>
    <version>
        <major>7</major>
        <minor>3</minor>
        <revision>1</revision>
    </version>
    <data>
        <str-tunarray-element>
            <vtype>3</vtype>
            <id>1420</id>
            <val0>1.0</val0>
        </str-tunarray-element>
        <str-tunarray-element>
            <vtype>3</vtype>
            <id>1430</id>
            <val0>1.0</val0>
        </str-tunarray-element>
        <str-tunarray-element>
            <vtype>3</vtype>
            <id>1429</id>
            <val0>1.0</val0>
        </str-tunarray-element>
        <str-tunarray-element>
            <vtype>3</vtype>
            <id>1450</id>
            <val0>0.0</val0>
        </str-tunarray-element>
        <str-tunarray-element>
            <vtype>0</vtype>
            <id>3244</id>
            <val0>0.5</val0>
        </str-tunarray-element>
        <str-tunarray-element>
            <vtype>0</vtype>
            <id>3245</id>
            <val0>0.5</val0>
        </str-tunarray-element>
        <str-tunarray-element>
            <vtype>0</vtype>
            <id>3246</id>
            <val0>0.9</val0>
        </str-tunarray-element>
        <str-tunarray-element>
            <vtype>0</vtype>
            <id>3247</id>
            <val0>10.0</val0>
        </str-tunarray-element>
        <str-tunarray-element>
            <vtype>3</vtype>
            <id>1449</id>
            <val0>1.0</val0>
        </str-tunarray-element>
        <str-tunarray-element>
            <vtype>3</vtype>
            <id>1448</id>
            <val0>1.0</val0>
        </str-tunarray-element>
        <str-tunarray-element>
            <vtype>3</vtype>
            <id>1440</id>
            <val0>1.0</val0>
        </str-tunarray-element>
        <str-tunarray-element>
            <vtype>3</vtype>
            <id>1202</id>
            <val0>1.0</val0>
        </str-tunarray-element>
        <str-tunarray-element>
            <vtype>0</vtype>
            <id>3200</id>
            <val0>0.0</val0>
        </str-tunarray-element>
        <str-tunarray-element>
            <vtype>3</vtype>
            <id>1471</id>
            <val0>0.0</val0>
        </str-tunarray-element>
        <str-tunarray-element>
            <vtype>3</vtype>
            <id>1340</id>
            <val0>0.0</val0>
        </str-tunarray-element>
        <str-tunarray-element>
            <vtype>3</vtype>
            <id>1475</id>
            <val0>1.0</val0>
        </str-tunarray-element>
        <str-tunarray-element>
            <vtype>2</vtype>
            <id>1161</id>
            <val0>20.0</val0>
        </str-tunarray-element>
        <str-tunarray-element>
            <vtype>0</vtype>
            <id>3250</id>
            <val0>2.5</val0>
        </str-tunarray-element>
    </data>
</entry-varini>
