<entry-kf>
    <id>46</id>
    <filename>kf.bin</filename>
    <version>
        <major>7</major>
        <minor>3</minor>
        <revision>1</revision>
    </version>
    <data>
        <gpsok-time>5.0</gpsok-time>
        <Qnfb>
            <x>0.0</x>
            <y>0.0</y>
            <z>0.0</z>
        </Qnfb>
        <Qnwb>
            <x>0.0</x>
            <y>0.0</y>
            <z>0.0</z>
        </Qnwb>
        <Qdwb>
            <x>0.0</x>
            <y>0.0</y>
            <z>0.0</z>
        </Qdwb>
        <Qdfb>
            <x>0.0</x>
            <y>0.0</y>
            <z>0.0</z>
        </Qdfb>
        <Qdem>1.0</Qdem>
    </data>
</entry-kf>
