<entry-imu3>
    <id>360</id>
    <filename>imu3.bin</filename>
    <version>
        <major>7</major>
        <minor>3</minor>
        <revision>1</revision>
    </version>
    <data>
        <accMaxNvSamples>0</accMaxNvSamples>
        <gyrMaxNvSamples>0</gyrMaxNvSamples>
        <mode_32bit>0</mode_32bit>
        <filter_stages>0</filter_stages>
        <bandwidth_370hz>0</bandwidth_370hz>
        <acc_max_delta>156.8</acc_max_delta>
        <gyr_max_delta>69.81317</gyr_max_delta>
    </data>
</entry-imu3>
