<entry-xpccan>
    <id>87</id>
    <filename>xpccan.bin</filename>
    <version>
        <major>7</major>
        <minor>3</minor>
        <revision>1</revision>
    </version>
    <data>
        <str-tunarray-element>
            <producer>20</producer>
            <consumer>9</consumer>
            <group>1</group>
            <enable-bvar>1</enable-bvar>
        </str-tunarray-element>
        <str-tunarray-element>
            <producer>9</producer>
            <consumer>18</consumer>
            <group>1</group>
            <enable-bvar>1</enable-bvar>
        </str-tunarray-element>
        <str-tunarray-element>
            <producer>21</producer>
            <consumer>10</consumer>
            <group>1</group>
            <enable-bvar>1</enable-bvar>
        </str-tunarray-element>
    </data>
</entry-xpccan>
