<entry-acc3filt>
    <id>363</id>
    <filename>acc3filt.bin</filename>
    <version>
        <major>7</major>
        <minor>3</minor>
        <revision>1</revision>
    </version>
    <data>
        <notch>
            <num-harmonics>0</num-harmonics>
            <center-freq>
                <vref-kval>
                    <type>65534</type>
                    <kval>100.0</kval>
                </vref-kval>
            </center-freq>
            <bandwidth>20.0</bandwidth>
            <notch-gain>0.5</notch-gain>
        </notch>
        <butterworth>
            <enable>0</enable>
            <cutoff_freq>1.0</cutoff_freq>
        </butterworth>
    </data>
</entry-acc3filt>
