<entry-can_fd_a>
    <id>41</id>
    <filename>can_fd_a.bin</filename>
    <version>
        <major>7</major>
        <minor>3</minor>
        <revision>1</revision>
    </version>
    <data>
        <can_fd_mode>1</can_fd_mode>
        <enable_brs>1</enable_brs>
        <arb>
            <use_timings>0</use_timings>
            <baudrate>3</baudrate>
            <tim>
                <prescaler>49</prescaler>
                <tseg1>4</tseg1>
                <tseg2>1</tseg2>
                <sjw>1</sjw>
            </tim>
        </arb>
        <data>
            <use_timings>0</use_timings>
            <baudrate>6</baudrate>
            <tim>
                <prescaler>9</prescaler>
                <tseg1>5</tseg1>
                <tseg2>2</tseg2>
                <sjw>2</sjw>
            </tim>
        </data>
        <rx>
            <str-tunarray-element>
                <size>1</size>
                <filter>
                    <id>
                        <ext>1</ext>
                        <id>274850840</id>
                    </id>
                    <mask>1048320</mask>
                </filter>
            </str-tunarray-element>
            <str-tunarray-element>
                <size>1</size>
                <filter>
                    <id>
                        <ext>1</ext>
                        <id>274784280</id>
                    </id>
                    <mask>1048320</mask>
                </filter>
            </str-tunarray-element>
            <str-tunarray-element>
                <size>1</size>
                <filter>
                    <id>
                        <ext>1</ext>
                        <id>274817304</id>
                    </id>
                    <mask>1048320</mask>
                </filter>
            </str-tunarray-element>
            <str-tunarray-element>
                <size>1</size>
                <filter>
                    <id>
                        <ext>1</ext>
                        <id>274817820</id>
                    </id>
                    <mask>1048320</mask>
                </filter>
            </str-tunarray-element>
            <str-tunarray-element>
                <size>1</size>
                <filter>
                    <id>
                        <ext>1</ext>
                        <id>274852632</id>
                    </id>
                    <mask>1048320</mask>
                </filter>
            </str-tunarray-element>
            <str-tunarray-element>
                <size>1</size>
                <filter>
                    <id>
                        <ext>1</ext>
                        <id>274834712</id>
                    </id>
                    <mask>1048320</mask>
                </filter>
            </str-tunarray-element>
            <str-tunarray-element>
                <size>1</size>
                <filter>
                    <id>
                        <ext>1</ext>
                        <id>274787864</id>
                    </id>
                    <mask>1048320</mask>
                </filter>
            </str-tunarray-element>
            <str-tunarray-element>
                <size>1</size>
                <filter>
                    <id>
                        <ext>1</ext>
                        <id>274774040</id>
                    </id>
                    <mask>1048320</mask>
                </filter>
            </str-tunarray-element>
            <str-tunarray-element>
                <size>1</size>
                <filter>
                    <id>
                        <ext>1</ext>
                        <id>274798364</id>
                    </id>
                    <mask>536870656</mask>
                </filter>
            </str-tunarray-element>
            <str-tunarray-element>
                <size>1</size>
                <filter>
                    <id>
                        <ext>1</ext>
                        <id>274804764</id>
                    </id>
                    <mask>536870656</mask>
                </filter>
            </str-tunarray-element>
            <str-tunarray-element>
                <size>1</size>
                <filter>
                    <id>
                        <ext>1</ext>
                        <id>274805532</id>
                    </id>
                    <mask>536870656</mask>
                </filter>
            </str-tunarray-element>
            <str-tunarray-element>
                <size>1</size>
                <filter>
                    <id>
                        <ext>1</ext>
                        <id>274802204</id>
                    </id>
                    <mask>536870656</mask>
                </filter>
            </str-tunarray-element>
            <str-tunarray-element>
                <size>1</size>
                <filter>
                    <id>
                        <ext>1</ext>
                        <id>6477824</id>
                    </id>
                    <mask>50331136</mask>
                </filter>
            </str-tunarray-element>
            <str-tunarray-element>
                <size>1</size>
                <filter>
                    <id>
                        <ext>1</ext>
                        <id>6296612</id>
                    </id>
                    <mask>50331392</mask>
                </filter>
            </str-tunarray-element>
            <str-tunarray-element>
                <size>1</size>
                <filter>
                    <id>
                        <ext>1</ext>
                        <id>6387480</id>
                    </id>
                    <mask>50331392</mask>
                </filter>
            </str-tunarray-element>
            <str-tunarray-element>
                <size>1</size>
                <filter>
                    <id>
                        <ext>1</ext>
                        <id>6415128</id>
                    </id>
                    <mask>50331392</mask>
                </filter>
            </str-tunarray-element>
            <str-tunarray-element>
                <size>1</size>
                <filter>
                    <id>
                        <ext>1</ext>
                        <id>274819096</id>
                    </id>
                    <mask>1048320</mask>
                </filter>
            </str-tunarray-element>
            <str-tunarray-element>
                <size>1</size>
                <filter>
                    <id>
                        <ext>1</ext>
                        <id>274819352</id>
                    </id>
                    <mask>1048320</mask>
                </filter>
            </str-tunarray-element>
            <str-tunarray-element>
                <size>1</size>
                <filter>
                    <id>
                        <ext>1</ext>
                        <id>274853656</id>
                    </id>
                    <mask>1048320</mask>
                </filter>
            </str-tunarray-element>
            <str-tunarray-element>
                <size>1</size>
                <filter>
                    <id>
                        <ext>1</ext>
                        <id>189465</id>
                    </id>
                    <mask>1048320</mask>
                </filter>
            </str-tunarray-element>
            <str-tunarray-element>
                <size>1</size>
                <filter>
                    <id>
                        <ext>1</ext>
                        <id>274802712</id>
                    </id>
                    <mask>1048320</mask>
                </filter>
            </str-tunarray-element>
            <str-tunarray-element>
                <size>1</size>
                <filter>
                    <id>
                        <ext>1</ext>
                        <id>274809880</id>
                    </id>
                    <mask>1048320</mask>
                </filter>
            </str-tunarray-element>
            <str-tunarray-element>
                <size>1</size>
                <filter>
                    <id>
                        <ext>1</ext>
                        <id>274766360</id>
                    </id>
                    <mask>1048320</mask>
                </filter>
            </str-tunarray-element>
            <str-tunarray-element>
                <size>1</size>
                <filter>
                    <id>
                        <ext>1</ext>
                        <id>274757656</id>
                    </id>
                    <mask>1048320</mask>
                </filter>
            </str-tunarray-element>
            <str-tunarray-element>
                <size>1</size>
                <filter>
                    <id>
                        <ext>1</ext>
                        <id>274805020</id>
                    </id>
                    <mask>536870656</mask>
                </filter>
            </str-tunarray-element>
            <str-tunarray-element>
                <size>1</size>
                <filter>
                    <id>
                        <ext>1</ext>
                        <id>274811928</id>
                    </id>
                    <mask>1048320</mask>
                </filter>
            </str-tunarray-element>
            <str-tunarray-element>
                <size>1</size>
                <filter>
                    <id>
                        <ext>1</ext>
                        <id>274969368</id>
                    </id>
                    <mask>1048320</mask>
                </filter>
            </str-tunarray-element>
            <str-tunarray-element>
                <size>1</size>
                <filter>
                    <id>
                        <ext>1</ext>
                        <id>274756120</id>
                    </id>
                    <mask>1048320</mask>
                </filter>
            </str-tunarray-element>
            <str-tunarray-element>
                <size>1</size>
                <filter>
                    <id>
                        <ext>1</ext>
                        <id>274763032</id>
                    </id>
                    <mask>1048320</mask>
                </filter>
            </str-tunarray-element>
        </rx>
    </data>
</entry-can_fd_a>
