<entry-amz-site-config>
    <id>495</id>
    <filename>amz_site_config.bin</filename>
    <version>
        <major>7</major>
        <minor>3</minor>
        <revision>1</revision>
    </version>
    <data>
        <persistent_pdi_data>
            <is_persistent_pdi>1</is_persistent_pdi>
            <is_pdi_config_valid>1</is_pdi_config_valid>
        </persistent_pdi_data>
        <site_config_guid>UNKNOWN</site_config_guid>
        <operating_region>UNKNOWN</operating_region>
        <operator_registration_number>UNKNOWN</operator_registration_number>
        <nav_init_heading_degrees>0</nav_init_heading_degrees>
    </data>
</entry-amz-site-config>
