<entry-amz-radio-dyn>
    <id>493</id>
    <filename>amz_radio_dyn.bin</filename>
    <version>
        <major>7</major>
        <minor>3</minor>
        <revision>1</revision>
    </version>
    <data>
        <!-- The `is_persistent_pdi` tag is only needed for tooling. It is not used by the firmware. -->
        <is_persistent_pdi>1</is_persistent_pdi>
        <!-- The following values are used by firmware -->
        <freq_table/>
        <reg_values/>
        <call_sign>
            <reg>0</reg>
            <value/>
        </call_sign>
    </data>
</entry-amz-radio-dyn>
