<entry-vargyr>
    <id>122</id>
    <filename>vargyr.bin</filename>
    <version>
        <major>7</major>
        <minor>3</minor>
        <revision>1</revision>
    </version>
    <data>
        <rvar0>
            <enable>0</enable>
            <rvar_id0>4100</rvar_id0>
            <rvar_id1>4100</rvar_id1>
            <rvar_id2>4100</rvar_id2>
            <min_value>-3.4028235E38</min_value>
            <max_value>3.4028235E38</max_value>
            <max_delta>3.4028235E38</max_delta>
            <max_count_nv>0</max_count_nv>
        </rvar0>
        <rvar1>
            <enable>0</enable>
            <rvar_id0>4100</rvar_id0>
            <rvar_id1>4100</rvar_id1>
            <rvar_id2>4100</rvar_id2>
            <min_value>-3.4028235E38</min_value>
            <max_value>3.4028235E38</max_value>
            <max_delta>3.4028235E38</max_delta>
            <max_count_nv>0</max_count_nv>
        </rvar1>
    </data>
</entry-vargyr>
