<entry-mbit>
    <id>138</id>
    <filename>mbit.bin</filename>
    <version>
        <major>7</major>
        <minor>3</minor>
        <revision>1</revision>
    </version>
    <data>
        <map>
            <str-tunarray-element>
                <id>1200</id>
                <description>
                    <name/>
                </description>
            </str-tunarray-element>
            <str-tunarray-element>
                <id>1201</id>
                <description>
                    <name/>
                </description>
            </str-tunarray-element>
            <str-tunarray-element>
                <id>1202</id>
                <description>
                    <name/>
                </description>
            </str-tunarray-element>
            <str-tunarray-element>
                <id>1203</id>
                <description>
                    <name/>
                </description>
            </str-tunarray-element>
            <str-tunarray-element>
                <id>1204</id>
                <description>
                    <name/>
                </description>
            </str-tunarray-element>
            <str-tunarray-element>
                <id>1205</id>
                <description>
                    <name/>
                </description>
            </str-tunarray-element>
            <str-tunarray-element>
                <id>1206</id>
                <description>
                    <name/>
                </description>
            </str-tunarray-element>
            <str-tunarray-element>
                <id>1207</id>
                <description>
                    <name/>
                </description>
            </str-tunarray-element>
            <str-tunarray-element>
                <id>1208</id>
                <description>
                    <name/>
                </description>
            </str-tunarray-element>
            <str-tunarray-element>
                <id>1209</id>
                <description>
                    <name/>
                </description>
            </str-tunarray-element>
            <str-tunarray-element>
                <id>1210</id>
                <description>
                    <name/>
                </description>
            </str-tunarray-element>
            <str-tunarray-element>
                <id>1211</id>
                <description>
                    <name/>
                </description>
            </str-tunarray-element>
            <str-tunarray-element>
                <id>1212</id>
                <description>
                    <name/>
                </description>
            </str-tunarray-element>
            <str-tunarray-element>
                <id>1213</id>
                <description>
                    <name/>
                </description>
            </str-tunarray-element>
            <str-tunarray-element>
                <id>1214</id>
                <description>
                    <name/>
                </description>
            </str-tunarray-element>
            <str-tunarray-element>
                <id>1215</id>
                <description>
                    <name/>
                </description>
            </str-tunarray-element>
            <str-tunarray-element>
                <id>1216</id>
                <description>
                    <name/>
                </description>
            </str-tunarray-element>
            <str-tunarray-element>
                <id>1217</id>
                <description>
                    <name/>
                </description>
            </str-tunarray-element>
            <str-tunarray-element>
                <id>1218</id>
                <description>
                    <name/>
                </description>
            </str-tunarray-element>
            <str-tunarray-element>
                <id>1219</id>
                <description>
                    <name/>
                </description>
            </str-tunarray-element>
            <str-tunarray-element>
                <id>1220</id>
                <description>
                    <name/>
                </description>
            </str-tunarray-element>
            <str-tunarray-element>
                <id>1300</id>
                <description>
                    <name>is_onground</name>
                </description>
            </str-tunarray-element>
            <str-tunarray-element>
                <id>1301</id>
                <description>
                    <name>control status</name>
                </description>
            </str-tunarray-element>
            <str-tunarray-element>
                <id>1302</id>
                <description>
                    <name>ctr_switchover_signaled</name>
                </description>
            </str-tunarray-element>
            <str-tunarray-element>
                <id>1303</id>
                <description>
                    <name>ttcg wp is valid</name>
                </description>
            </str-tunarray-element>
            <str-tunarray-element>
                <id>1304</id>
                <description>
                    <name>self arm enabled</name>
                </description>
            </str-tunarray-element>
            <str-tunarray-element>
                <id>1305</id>
                <description>
                    <name>mixer is saturated</name>
                </description>
            </str-tunarray-element>
            <str-tunarray-element>
                <id>1306</id>
                <description>
                    <name>recovery is in control</name>
                </description>
            </str-tunarray-element>
            <str-tunarray-element>
                <id>1307</id>
                <description>
                    <name>recovery tracking has started</name>
                </description>
            </str-tunarray-element>
            <str-tunarray-element>
                <id>1308</id>
                <description>
                    <name>recvoery is armed allowed</name>
                </description>
            </str-tunarray-element>
            <str-tunarray-element>
                <id>1309</id>
                <description>
                    <name>recovery arming disallowed</name>
                </description>
            </str-tunarray-element>
            <str-tunarray-element>
                <id>1310</id>
                <description>
                    <name>recovery takeoff executed</name>
                </description>
            </str-tunarray-element>
            <str-tunarray-element>
                <id>1311</id>
                <description>
                    <name>recovery initial tracking point set</name>
                </description>
            </str-tunarray-element>
            <str-tunarray-element>
                <id>1317</id>
                <description>
                    <name>recovery pre takeoff cmd</name>
                </description>
            </str-tunarray-element>
            <str-tunarray-element>
                <id>1321</id>
                <description>
                    <name/>
                </description>
            </str-tunarray-element>
            <str-tunarray-element>
                <id>1401</id>
                <description>
                    <name>mon_pri_motor_rpm_cmd_aic_active</name>
                </description>
            </str-tunarray-element>
            <str-tunarray-element>
                <id>1402</id>
                <description>
                    <name>mon_pri_motor_rpm_cmd_mrc_active</name>
                </description>
            </str-tunarray-element>
            <str-tunarray-element>
                <id>1403</id>
                <description>
                    <name>mon_pri_state_estimate_aic_active</name>
                </description>
            </str-tunarray-element>
            <str-tunarray-element>
                <id>1404</id>
                <description>
                    <name>mon_pri_ctrl_monit_data_aic_active</name>
                </description>
            </str-tunarray-element>
            <str-tunarray-element>
                <id>1405</id>
                <description>
                    <name>mon_vms_monit_data_aic_active</name>
                </description>
            </str-tunarray-element>
            <str-tunarray-element>
                <id>1406</id>
                <description>
                    <name>mon_pri_ccp_hrtbt_aic_active</name>
                </description>
            </str-tunarray-element>
            <str-tunarray-element>
                <id>1407</id>
                <description>
                    <name>mon_pri_onground_hrtbt_aic_active</name>
                </description>
            </str-tunarray-element>
            <str-tunarray-element>
                <id>1408</id>
                <description>
                    <name>mon_air_data_hrtbt_aic_active</name>
                </description>
            </str-tunarray-element>
            <str-tunarray-element>
                <id>1409</id>
                <description>
                    <name>mon_rec_motor_rpm_cmd_aic_active</name>
                </description>
            </str-tunarray-element>
            <str-tunarray-element>
                <id>1410</id>
                <description>
                    <name>mon_rec_state_estimate_aic_active</name>
                </description>
            </str-tunarray-element>
            <str-tunarray-element>
                <id>1411</id>
                <description>
                    <name>mon_motor_perf_chk_active</name>
                </description>
            </str-tunarray-element>
            <str-tunarray-element>
                <id>1412</id>
                <description>
                    <name>mon_motor_perf_chk_failed</name>
                </description>
            </str-tunarray-element>
            <str-tunarray-element>
                <id>1413</id>
                <description>
                    <name>mon_exec_pret_swo_test</name>
                </description>
            </str-tunarray-element>
            <str-tunarray-element>
                <id>1414</id>
                <description>
                    <name>mon_disarm_inhibit_active</name>
                </description>
            </str-tunarray-element>
            <str-tunarray-element>
                <id>1415</id>
                <description>
                    <name>mon_power_on_inhibit_active</name>
                </description>
            </str-tunarray-element>
            <str-tunarray-element>
                <id>1416</id>
                <description>
                    <name>mon_ul_inhibit_active</name>
                </description>
            </str-tunarray-element>
            <str-tunarray-element>
                <id>1417</id>
                <description>
                    <name>mon_rec_unhealthy_inhibit_active</name>
                </description>
            </str-tunarray-element>
            <str-tunarray-element>
                <id>1418</id>
                <description>
                    <name>mon_mep_out_inhibit_active</name>
                </description>
            </str-tunarray-element>
            <str-tunarray-element>
                <id>1419</id>
                <description>
                    <name>mon_ads_fault_inhibit_active</name>
                </description>
            </str-tunarray-element>
            <str-tunarray-element>
                <id>1420</id>
                <description>
                    <name>mon_gps_out_inhibit_active</name>
                </description>
            </str-tunarray-element>
            <str-tunarray-element>
                <id>1421</id>
                <description>
                    <name>mon_imu_sat_inhibit_active</name>
                </description>
            </str-tunarray-element>
            <str-tunarray-element>
                <id>1342</id>
                <description>
                    <name/>
                </description>
            </str-tunarray-element>
            <str-tunarray-element>
                <id>1423</id>
                <description>
                    <name>mon_loss_check_fail</name>
                </description>
            </str-tunarray-element>
            <str-tunarray-element>
                <id>1424</id>
                <description>
                    <name>mon_vms_check_fail</name>
                </description>
            </str-tunarray-element>
            <str-tunarray-element>
                <id>1425</id>
                <description>
                    <name>mon_pri_nav_pos_check_fail</name>
                </description>
            </str-tunarray-element>
            <str-tunarray-element>
                <id>1426</id>
                <description>
                    <name>mon_pri_nav_att_check_fail</name>
                </description>
            </str-tunarray-element>
            <str-tunarray-element>
                <id>1427</id>
                <description>
                    <name>mon_tp_check_fail</name>
                </description>
            </str-tunarray-element>
            <str-tunarray-element>
                <id>1428</id>
                <description>
                    <name>mon_vehicle_state_check_fail</name>
                </description>
            </str-tunarray-element>
            <str-tunarray-element>
                <id>1430</id>
                <description>
                    <name>Enable Monitor Nav</name>
                </description>
            </str-tunarray-element>
            <str-tunarray-element>
                <id>1431</id>
                <description>
                    <name>mon_pri_motor_rpm_cmd_aic_failed</name>
                </description>
            </str-tunarray-element>
            <str-tunarray-element>
                <id>1432</id>
                <description>
                    <name>mon_pri_motor_rpm_cmd_mrc_failed</name>
                </description>
            </str-tunarray-element>
            <str-tunarray-element>
                <id>1433</id>
                <description>
                    <name>mon_pri_state_estimate_aic_failed</name>
                </description>
            </str-tunarray-element>
            <str-tunarray-element>
                <id>1434</id>
                <description>
                    <name>mon_vms_monit_data_aic_failed</name>
                </description>
            </str-tunarray-element>
            <str-tunarray-element>
                <id>1435</id>
                <description>
                    <name>mon_pri_ccp_hrtbt_aic_failed</name>
                </description>
            </str-tunarray-element>
            <str-tunarray-element>
                <id>1436</id>
                <description>
                    <name>mon_pri_onground_hrtbt_aic_failed</name>
                </description>
            </str-tunarray-element>
            <str-tunarray-element>
                <id>1437</id>
                <description>
                    <name>mon_air_data_hrtbt_aic_failed</name>
                </description>
            </str-tunarray-element>
            <str-tunarray-element>
                <id>1438</id>
                <description>
                    <name>mon_rec_motor_rpm_cmd_aic_failed</name>
                </description>
            </str-tunarray-element>
            <str-tunarray-element>
                <id>1439</id>
                <description>
                    <name>mon_rec_state_estimate_aic_failed</name>
                </description>
            </str-tunarray-element>
            <str-tunarray-element>
                <id>1440</id>
                <description>
                    <name>mon_pri_ctrl_monit_data_aic_failed</name>
                </description>
            </str-tunarray-element>
            <str-tunarray-element>
                <id>1344</id>
                <description>
                    <name/>
                </description>
            </str-tunarray-element>
            <str-tunarray-element>
                <id>1470</id>
                <description>
                    <name>Monitor Navigation Rate OK</name>
                </description>
            </str-tunarray-element>
            <str-tunarray-element>
                <id>1322</id>
                <description>
                    <name>gnss_vel_consumable</name>
                </description>
            </str-tunarray-element>
            <str-tunarray-element>
                <id>1323</id>
                <description>
                    <name>gnss_vel_gnss_posvel_match</name>
                </description>
            </str-tunarray-element>
            <str-tunarray-element>
                <id>1324</id>
                <description>
                    <name>gnss_vel_gnss_check_accuracies</name>
                </description>
            </str-tunarray-element>
            <str-tunarray-element>
                <id>1325</id>
                <description>
                    <name>gnss_vel_idx_present</name>
                </description>
            </str-tunarray-element>
            <str-tunarray-element>
                <id>1326</id>
                <description>
                    <name>gnss_vel_chi</name>
                </description>
            </str-tunarray-element>
            <str-tunarray-element>
                <id>1327</id>
                <description>
                    <name>enable_replay_mode</name>
                </description>
            </str-tunarray-element>
            <str-tunarray-element>
                <id>1330</id>
                <description>
                    <name>mission_has_flight_id</name>
                </description>
            </str-tunarray-element>
            <str-tunarray-element>
                <id>1331</id>
                <description>
                    <name>mission_has_version</name>
                </description>
            </str-tunarray-element>
            <str-tunarray-element>
                <id>1332</id>
                <description>
                    <name>mission_has_crs</name>
                </description>
            </str-tunarray-element>
            <str-tunarray-element>
                <id>1333</id>
                <description>
                    <name>mission_has_initial_plan</name>
                </description>
            </str-tunarray-element>
            <str-tunarray-element>
                <id>1334</id>
                <description>
                    <name>mission_has_takeoff_bounding_volume</name>
                </description>
            </str-tunarray-element>
            <str-tunarray-element>
                <id>1335</id>
                <description>
                    <name>is_mission_plan_data_valid</name>
                </description>
            </str-tunarray-element>
            <str-tunarray-element>
                <id>1336</id>
                <description>
                    <name>is_upload_mission_plan_wrapper_valid</name>
                </description>
            </str-tunarray-element>
            <str-tunarray-element>
                <id>1337</id>
                <description>
                    <name>is_mission_plan_data_cached</name>
                </description>
            </str-tunarray-element>
            <str-tunarray-element>
                <id>1338</id>
                <description>
                    <name>is_mission_metadata_received</name>
                </description>
            </str-tunarray-element>
            <str-tunarray-element>
                <id>1339</id>
                <description>
                    <name>is_mission_deserialized_successfully</name>
                </description>
            </str-tunarray-element>
            <str-tunarray-element>
                <id>1471</id>
                <description>
                    <name>Monnav send full state estimate</name>
                </description>
            </str-tunarray-element>
            <str-tunarray-element>
                <id>1340</id>
                <description>
                    <name>Send IMU measurements over CAN</name>
                </description>
            </str-tunarray-element>
            <str-tunarray-element>
                <id>1475</id>
                <description>
                    <name>mon_raim_use_dgnss_corrections</name>
                </description>
            </str-tunarray-element>
            <str-tunarray-element>
                <id>1478</id>
                <description>
                    <name>mon_raim_shot_position_is_success</name>
                </description>
            </str-tunarray-element>
            <str-tunarray-element>
                <id>1479</id>
                <description>
                    <name>mon_raim_solver_vel_is_success</name>
                </description>
            </str-tunarray-element>
            <str-tunarray-element>
                <id>1480</id>
                <description>
                    <name>vs_pos_alongtrack_failed</name>
                </description>
            </str-tunarray-element>
            <str-tunarray-element>
                <id>1481</id>
                <description>
                    <name>vs_pos_crosstrack_failed</name>
                </description>
            </str-tunarray-element>
            <str-tunarray-element>
                <id>1482</id>
                <description>
                    <name>vs_pos_altitude_failed</name>
                </description>
            </str-tunarray-element>
            <str-tunarray-element>
                <id>1483</id>
                <description>
                    <name>vs_pos_contingency_active</name>
                </description>
            </str-tunarray-element>
            <str-tunarray-element>
                <id>1484</id>
                <description>
                    <name>vs_pos_is_check_activ</name>
                </description>
            </str-tunarray-element>
            <str-tunarray-element>
                <id>1485</id>
                <description>
                    <name>mmdp_has_top_of_takeoff_llh</name>
                </description>
            </str-tunarray-element>
            <str-tunarray-element>
                <id>1486</id>
                <description>
                    <name>dsm_takeoff_completed</name>
                </description>
            </str-tunarray-element>
            <str-tunarray-element>
                <id>1487</id>
                <description>
                    <name>dsm_is_takeoff_to_delivery_route</name>
                </description>
            </str-tunarray-element>
            <str-tunarray-element>
                <id>1488</id>
                <description>
                    <name>dsm_is_takeoff_hae_below_threshold</name>
                </description>
            </str-tunarray-element>
            <str-tunarray-element>
                <id>1489</id>
                <description>
                    <name>dsm_is_previous_route_takeoff_route</name>
                </description>
            </str-tunarray-element>
            <str-tunarray-element>
                <id>1490</id>
                <description>
                    <name>dsm_is_current_route_takeoff_route</name>
                </description>
            </str-tunarray-element>
            <str-tunarray-element>
                <id>1491</id>
                <description>
                    <name>dsm_completed_takeoff_route</name>
                </description>
            </str-tunarray-element>
            <str-tunarray-element>
                <id>1492</id>
                <description>
                    <name>dsm_is_takeoff_maneuver_condition_met</name>
                </description>
            </str-tunarray-element>
            <str-tunarray-element>
                <id>1493</id>
                <description>
                    <name>dsm_completed_top_of_takeoff_maneuver</name>
                </description>
            </str-tunarray-element>
            <str-tunarray-element>
                <id>1341</id>
                <description>
                    <name>is_mission_processing_attempted</name>
                </description>
            </str-tunarray-element>
        </map>
    </data>
</entry-mbit>
