<entry-sara>
    <id>15</id>
    <filename>sara.bin</filename>
    <version>
        <major>7</major>
        <minor>3</minor>
        <revision>1</revision>
    </version>
    <data>
        <enable>0</enable>
        <sim>0</sim>
        <rawpcfg>
            <str-tunarray-element>2</str-tunarray-element>
            <str-tunarray-element>3</str-tunarray-element>
            <str-tunarray-element>21569</str-tunarray-element>
            <str-tunarray-element>3341</str-tunarray-element>
            <str-tunarray-element>10</str-tunarray-element>
            <str-tunarray-element>0</str-tunarray-element>
            <str-tunarray-element>1087</str-tunarray-element>
            <str-tunarray-element>16640</str-tunarray-element>
            <str-tunarray-element>20308</str-tunarray-element>
            <str-tunarray-element>25675</str-tunarray-element>
            <str-tunarray-element>256</str-tunarray-element>
            <str-tunarray-element>42496</str-tunarray-element>
            <str-tunarray-element>16640</str-tunarray-element>
            <str-tunarray-element>9812</str-tunarray-element>
            <str-tunarray-element>12363</str-tunarray-element>
            <str-tunarray-element>11067</str-tunarray-element>
            <str-tunarray-element>17225</str-tunarray-element>
            <str-tunarray-element>15686</str-tunarray-element>
            <str-tunarray-element>15155</str-tunarray-element>
            <str-tunarray-element>18731</str-tunarray-element>
            <str-tunarray-element>21072</str-tunarray-element>
            <str-tunarray-element>12605</str-tunarray-element>
            <str-tunarray-element>13617</str-tunarray-element>
            <str-tunarray-element>12338</str-tunarray-element>
            <str-tunarray-element>15152</str-tunarray-element>
            <str-tunarray-element>21803</str-tunarray-element>
            <str-tunarray-element>20307</str-tunarray-element>
            <str-tunarray-element>20289</str-tunarray-element>
            <str-tunarray-element>12605</str-tunarray-element>
            <str-tunarray-element>11312</str-tunarray-element>
            <str-tunarray-element>12322</str-tunarray-element>
            <str-tunarray-element>12336</str-tunarray-element>
            <str-tunarray-element>8752</str-tunarray-element>
            <str-tunarray-element>11067</str-tunarray-element>
            <str-tunarray-element>20565</str-tunarray-element>
            <str-tunarray-element>17491</str-tunarray-element>
            <str-tunarray-element>12349</str-tunarray-element>
            <str-tunarray-element>12588</str-tunarray-element>
            <str-tunarray-element>8748</str-tunarray-element>
            <str-tunarray-element>28005</str-tunarray-element>
            <str-tunarray-element>15138</str-tunarray-element>
            <str-tunarray-element>21803</str-tunarray-element>
            <str-tunarray-element>20307</str-tunarray-element>
            <str-tunarray-element>20289</str-tunarray-element>
            <str-tunarray-element>12605</str-tunarray-element>
            <str-tunarray-element>12332</str-tunarray-element>
            <str-tunarray-element>11067</str-tunarray-element>
            <str-tunarray-element>21333</str-tunarray-element>
            <str-tunarray-element>16719</str-tunarray-element>
            <str-tunarray-element>15695</str-tunarray-element>
            <str-tunarray-element>11314</str-tunarray-element>
            <str-tunarray-element>15152</str-tunarray-element>
            <str-tunarray-element>21803</str-tunarray-element>
            <str-tunarray-element>20307</str-tunarray-element>
            <str-tunarray-element>20289</str-tunarray-element>
            <str-tunarray-element>13117</str-tunarray-element>
            <str-tunarray-element>8748</str-tunarray-element>
            <str-tunarray-element>29810</str-tunarray-element>
            <str-tunarray-element>29998</str-tunarray-element>
            <str-tunarray-element>28020</str-tunarray-element>
            <str-tunarray-element>29486</str-tunarray-element>
            <str-tunarray-element>29561</str-tunarray-element>
            <str-tunarray-element>25972</str-tunarray-element>
            <str-tunarray-element>29549</str-tunarray-element>
            <str-tunarray-element>15138</str-tunarray-element>
            <str-tunarray-element>21803</str-tunarray-element>
            <str-tunarray-element>20307</str-tunarray-element>
            <str-tunarray-element>20289</str-tunarray-element>
            <str-tunarray-element>13373</str-tunarray-element>
            <str-tunarray-element>13100</str-tunarray-element>
            <str-tunarray-element>12593</str-tunarray-element>
            <str-tunarray-element>15156</str-tunarray-element>
            <str-tunarray-element>21803</str-tunarray-element>
            <str-tunarray-element>20307</str-tunarray-element>
            <str-tunarray-element>20289</str-tunarray-element>
            <str-tunarray-element>13629</str-tunarray-element>
            <str-tunarray-element>13868</str-tunarray-element>
            <str-tunarray-element>11067</str-tunarray-element>
            <str-tunarray-element>21333</str-tunarray-element>
            <str-tunarray-element>16719</str-tunarray-element>
            <str-tunarray-element>15695</str-tunarray-element>
            <str-tunarray-element>11312</str-tunarray-element>
            <str-tunarray-element>15153</str-tunarray-element>
            <str-tunarray-element>21803</str-tunarray-element>
            <str-tunarray-element>21328</str-tunarray-element>
            <str-tunarray-element>16708</str-tunarray-element>
            <str-tunarray-element>12349</str-tunarray-element>
            <str-tunarray-element>12588</str-tunarray-element>
            <str-tunarray-element>9787</str-tunarray-element>
            <str-tunarray-element>12375</str-tunarray-element>
            <str-tunarray-element>11067</str-tunarray-element>
            <str-tunarray-element>17987</str-tunarray-element>
            <str-tunarray-element>20053</str-tunarray-element>
            <str-tunarray-element>12605</str-tunarray-element>
            <str-tunarray-element>3382</str-tunarray-element>
            <str-tunarray-element>778</str-tunarray-element>
            <str-tunarray-element>0</str-tunarray-element>
            <str-tunarray-element>0</str-tunarray-element>
            <str-tunarray-element>32768</str-tunarray-element>
            <str-tunarray-element>2239</str-tunarray-element>
            <str-tunarray-element>11008</str-tunarray-element>
            <str-tunarray-element>21845</str-tunarray-element>
            <str-tunarray-element>20307</str-tunarray-element>
            <str-tunarray-element>20289</str-tunarray-element>
            <str-tunarray-element>67</str-tunarray-element>
        </rawpcfg>
    </data>
</entry-sara>
