<entry-fmset>
    <id>50</id>
    <filename>fmset.bin</filename>
    <version>
        <major>7</major>
        <minor>3</minor>
        <revision>1</revision>
    </version>
    <data>
        <str-tunarray-element>
            <fields>
                <str-tunarray-element>
                    <data-fieldset>
                        <matcher>
                            <type>8</type>
                            <id>0</id>
                            <nbits>8</nbits>
                            <value>193</value>
                            <mask>255</mask>
                            <is_dyn>0</is_dyn>
                        </matcher>
                    </data-fieldset>
                </str-tunarray-element>
                <str-tunarray-element>
                    <data-fieldset>
                        <skip>
                            <type>9</type>
                            <id>0</id>
                            <nbits>6</nbits>
                        </skip>
                    </data-fieldset>
                </str-tunarray-element>
                <str-tunarray-element>
                    <data-fieldset>
                        <matcher>
                            <type>8</type>
                            <id>0</id>
                            <nbits>2</nbits>
                            <value>0</value>
                            <mask>3</mask>
                            <is_dyn>0</is_dyn>
                        </matcher>
                    </data-fieldset>
                </str-tunarray-element>
                <str-tunarray-element>
                    <data-fieldset>
                        <matcher>
                            <type>8</type>
                            <id>0</id>
                            <nbits>3</nbits>
                            <value>3</value>
                            <mask>7</mask>
                            <is_dyn>0</is_dyn>
                        </matcher>
                    </data-fieldset>
                </str-tunarray-element>
                <str-tunarray-element>
                    <data-fieldset>
                        <matcher>
                            <type>8</type>
                            <id>0</id>
                            <nbits>13</nbits>
                            <value>461</value>
                            <mask>8191</mask>
                            <is_dyn>0</is_dyn>
                        </matcher>
                    </data-fieldset>
                </str-tunarray-element>
                <str-tunarray-element>
                    <data-fieldset>
                        <matcher>
                            <type>8</type>
                            <id>0</id>
                            <nbits>1</nbits>
                            <value>0</value>
                            <mask>1</mask>
                            <is_dyn>0</is_dyn>
                        </matcher>
                    </data-fieldset>
                </str-tunarray-element>
                <str-tunarray-element>
                    <data-fieldset>
                        <skip>
                            <type>9</type>
                            <id>0</id>
                            <nbits>7</nbits>
                        </skip>
                    </data-fieldset>
                </str-tunarray-element>
                <str-tunarray-element>
                    <data-fieldset>
                        <matcher>
                            <type>8</type>
                            <id>0</id>
                            <nbits>16</nbits>
                            <value>9</value>
                            <mask>65535</mask>
                            <is_dyn>0</is_dyn>
                        </matcher>
                    </data-fieldset>
                </str-tunarray-element>
                <str-tunarray-element>
                    <data-fieldset>
                        <skip>
                            <type>9</type>
                            <id>0</id>
                            <nbits>64</nbits>
                        </skip>
                    </data-fieldset>
                </str-tunarray-element>
                <str-tunarray-element>
                    <data-fieldset>
                        <uinteger16>
                            <type>2</type>
                            <id>1019</id>
                            <min>0.0</min>
                            <max>255.0</max>
                        </uinteger16>
                    </data-fieldset>
                </str-tunarray-element>
            </fields>
            <endianness>2</endianness>
            <time>1.0</time>
            <offset>0.0</offset>
        </str-tunarray-element>
    </data>
</entry-fmset>
