<entry-gpio>
    <id>1</id>
    <filename>gpio.bin</filename>
    <version>
        <major>7</major>
        <minor>3</minor>
        <revision>1</revision>
    </version>
    <data>
        <gpio-pwm000>
            <io>1</io>
            <pu>0</pu>
            <mux>0</mux>
            <q>0</q>
        </gpio-pwm000>
        <gpio-pwm001>
            <io>1</io>
            <pu>0</pu>
            <mux>0</mux>
            <q>0</q>
        </gpio-pwm001>
        <gpio-pwm002>
            <io>1</io>
            <pu>0</pu>
            <mux>0</mux>
            <q>0</q>
        </gpio-pwm002>
        <gpio-pwm003>
            <io>1</io>
            <pu>0</pu>
            <mux>0</mux>
            <q>0</q>
        </gpio-pwm003>
        <gpio-pwm004>
            <io>1</io>
            <pu>0</pu>
            <mux>0</mux>
            <q>0</q>
        </gpio-pwm004>
        <gpio-pwm005>
            <io>1</io>
            <pu>0</pu>
            <mux>0</mux>
            <q>0</q>
        </gpio-pwm005>
        <gpio-pwm006>
            <io>1</io>
            <pu>0</pu>
            <mux>0</mux>
            <q>0</q>
        </gpio-pwm006>
        <gpio-pwm007>
            <io>1</io>
            <pu>0</pu>
            <mux>0</mux>
            <q>0</q>
        </gpio-pwm007>
        <gpio-pwm008>
            <io>1</io>
            <pu>0</pu>
            <mux>0</mux>
            <q>0</q>
        </gpio-pwm008>
        <gpio-pwm009>
            <io>1</io>
            <pu>0</pu>
            <mux>0</mux>
            <q>0</q>
        </gpio-pwm009>
        <gpio-pwm010>
            <io>1</io>
            <pu>0</pu>
            <mux>0</mux>
            <q>0</q>
        </gpio-pwm010>
        <gpio-pwm011>
            <io>1</io>
            <pu>0</pu>
            <mux>0</mux>
            <q>0</q>
        </gpio-pwm011>
        <gpio-pwm012>
            <io>1</io>
            <pu>0</pu>
            <mux>1</mux>
            <q>0</q>
        </gpio-pwm012>
        <gpio-pwm013>
            <io>1</io>
            <pu>0</pu>
            <mux>0</mux>
            <q>0</q>
        </gpio-pwm013>
        <gpio-pwm014>
            <io>1</io>
            <pu>0</pu>
            <mux>0</mux>
            <q>0</q>
        </gpio-pwm014>
        <gpio-pwm015>
            <io>1</io>
            <pu>0</pu>
            <mux>0</mux>
            <q>0</q>
        </gpio-pwm015>
        <gpio-io01>
            <io>1</io>
            <pu>0</pu>
            <mux>0</mux>
            <q>0</q>
        </gpio-io01>
        <gpio-io02>
            <io>1</io>
            <pu>0</pu>
            <mux>0</mux>
            <q>0</q>
        </gpio-io02>
        <gpio-io03>
            <io>1</io>
            <pu>0</pu>
            <mux>0</mux>
            <q>0</q>
        </gpio-io03>
        <gpio-io04>
            <io>1</io>
            <pu>0</pu>
            <mux>0</mux>
            <q>0</q>
        </gpio-io04>
    </data>
</entry-gpio>
