<entry-cana>
    <id>34</id>
    <filename>cana.bin</filename>
    <version>
        <major>7</major>
        <minor>3</minor>
        <revision>1</revision>
    </version>
    <data>
        <baudrate>500000</baudrate>
        <rx>
            <str-tunarray-element>
                <size>2</size>
                <filter>
                    <id>
                        <ext>1</ext>
                        <id>274834465</id>
                    </id>
                    <mask>2096896</mask>
                </filter>
            </str-tunarray-element>
            <str-tunarray-element>
                <size>2</size>
                <filter>
                    <id>
                        <ext>1</ext>
                        <id>274835489</id>
                    </id>
                    <mask>2096896</mask>
                </filter>
            </str-tunarray-element>
            <str-tunarray-element>
                <size>2</size>
                <filter>
                    <id>
                        <ext>1</ext>
                        <id>274835745</id>
                    </id>
                    <mask>2096896</mask>
                </filter>
            </str-tunarray-element>
            <str-tunarray-element>
                <size>2</size>
                <filter>
                    <id>
                        <ext>1</ext>
                        <id>274836001</id>
                    </id>
                    <mask>2096896</mask>
                </filter>
            </str-tunarray-element>
            <str-tunarray-element>
                <size>1</size>
                <filter>
                    <id>
                        <ext>1</ext>
                        <id>274854175</id>
                    </id>
                    <mask>2096896</mask>
                </filter>
            </str-tunarray-element>
            <str-tunarray-element>
                <size>1</size>
                <filter>
                    <id>
                        <ext>1</ext>
                        <id>341929503</id>
                    </id>
                    <mask>2096896</mask>
                </filter>
            </str-tunarray-element>
        </rx>
    </data>
</entry-cana>
