<entry-evact>
    <id>84</id>
    <filename>evact.bin</filename>
    <version>
        <major>7</major>
        <minor>3</minor>
        <revision>1</revision>
    </version>
    <data>
        <str-tunarray-element str-tunarray-key="0">
            <data>
                <enabled>1</enabled>
                <delay>0.0</delay>
                <delay_max>0</delay_max>
                <xclk>
                    <period>
                        <fixed-disable>
                            <mode>0</mode>
                        </fixed-disable>
                    </period>
                    <type>
                        <type-no-vector>
                            <type>0</type>
                        </type-no-vector>
                    </type>
                </xclk>
                <node>
                    <map>
                        <event>
                            <type>2</type>
                            <param>1</param>
                        </event>
                    </map>
                </node>
                <actions>
                    <str-tunarray-element>1</str-tunarray-element>
                </actions>
            </data>
        </str-tunarray-element>
        <str-tunarray-element str-tunarray-key="1">
            <data>
                <enabled>1</enabled>
                <delay>0.0</delay>
                <delay_max>0</delay_max>
                <xclk>
                    <period>
                        <fixed-disable>
                            <mode>0</mode>
                        </fixed-disable>
                    </period>
                    <type>
                        <type-no-vector>
                            <type>0</type>
                        </type-no-vector>
                    </type>
                </xclk>
                <node>
                    <map>
                        <event>
                            <type>2</type>
                            <param>0</param>
                        </event>
                    </map>
                </node>
                <actions>
                    <str-tunarray-element>2</str-tunarray-element>
                </actions>
            </data>
        </str-tunarray-element>
        <str-tunarray-element str-tunarray-key="2">
            <data>
                <enabled>1</enabled>
                <delay>0.0</delay>
                <delay_max>0</delay_max>
                <xclk>
                    <period>
                        <fixed-disable>
                            <mode>0</mode>
                        </fixed-disable>
                    </period>
                    <type>
                        <type-no-vector>
                            <type>0</type>
                        </type-no-vector>
                    </type>
                </xclk>
                <node>
                    <map>
                        <event>
                            <type>2</type>
                            <param>3</param>
                        </event>
                    </map>
                </node>
                <actions>
                    <str-tunarray-element>0</str-tunarray-element>
                </actions>
            </data>
        </str-tunarray-element>
    </data>
</entry-evact>
