<entry-can-suite-in>
    <id>288</id>
    <filename>can_in.bin</filename>
    <version>
        <major>7</major>
        <minor>3</minor>
        <revision>1</revision>
    </version>
    <data>
        <can-in>
            <str-tunarray-element>
                <port>6</port>
                <filter_p>
                    <filter>
                        <id>
                            <ext>1</ext>
                            <id>0</id>
                        </id>
                        <mask>0</mask>
                    </filter>
                    <both_ids>0</both_ids>
                </filter_p>
            </str-tunarray-element>
            <str-tunarray-element>
                <port>7</port>
                <filter_p>
                    <filter>
                        <id>
                            <ext>1</ext>
                            <id>0</id>
                        </id>
                        <mask>0</mask>
                    </filter>
                    <both_ids>0</both_ids>
                </filter_p>
            </str-tunarray-element>
            <str-tunarray-element>
                <port>3</port>
                <filter_p>
                    <filter>
                        <id>
                            <ext>0</ext>
                            <id>0</id>
                        </id>
                        <mask>2047</mask>
                    </filter>
                    <both_ids>1</both_ids>
                </filter_p>
            </str-tunarray-element>
            <str-tunarray-element>
                <port>3</port>
                <filter_p>
                    <filter>
                        <id>
                            <ext>0</ext>
                            <id>0</id>
                        </id>
                        <mask>2047</mask>
                    </filter>
                    <both_ids>1</both_ids>
                </filter_p>
            </str-tunarray-element>
            <str-tunarray-element>
                <port>3</port>
                <filter_p>
                    <filter>
                        <id>
                            <ext>0</ext>
                            <id>0</id>
                        </id>
                        <mask>2047</mask>
                    </filter>
                    <both_ids>1</both_ids>
                </filter_p>
            </str-tunarray-element>
            <str-tunarray-element>
                <port>3</port>
                <filter_p>
                    <filter>
                        <id>
                            <ext>0</ext>
                            <id>0</id>
                        </id>
                        <mask>2047</mask>
                    </filter>
                    <both_ids>1</both_ids>
                </filter_p>
            </str-tunarray-element>
        </can-in>
    </data>
</entry-can-suite-in>
