<entry-maction>
    <id>130</id>
    <filename>maction.bin</filename>
    <version>
        <major>7</major>
        <minor>3</minor>
        <revision>1</revision>
    </version>
    <data>
        <map>
            <str-tunarray-element str-tunarray-key="0">
                <data>
                    <name>
                        <name>Send response</name>
                    </name>
                </data>
            </str-tunarray-element>
            <str-tunarray-element str-tunarray-key="1">
                <data>
                    <name>
                        <name>Send contingency cyphal message</name>
                    </name>
                </data>
            </str-tunarray-element>
            <str-tunarray-element str-tunarray-key="2">
                <data>
                    <name>
                        <name>Send ISC Cyphal msg</name>
                    </name>
                </data>
            </str-tunarray-element>
            <str-tunarray-element str-tunarray-key="3">
                <data>
                    <name>
                        <name>DComms response</name>
                    </name>
                </data>
            </str-tunarray-element>
            <str-tunarray-element str-tunarray-key="4">
                <data>
                    <name>
                        <name>Cyphal contingency</name>
                    </name>
                </data>
            </str-tunarray-element>
        </map>
    </data>
</entry-maction>
