<entry-amz-rec-param>
    <id>488</id>
    <filename>amz_rec_param.bin</filename>
    <version>
        <major>7</major>
        <minor>3</minor>
        <revision>1</revision>
    </version>
    <data>
        <is_switchover_enabled>1</is_switchover_enabled>
        <enable_preflight_switchover_test>1</enable_preflight_switchover_test>
        <enable_preflight_health_checks>1</enable_preflight_health_checks>
        <dt_to_arm_motors_after_mrs_s>5.0</dt_to_arm_motors_after_mrs_s>
        <dt_to_disarm_after_in_air_motors_disabled_low_rpm_s>2.0</dt_to_disarm_after_in_air_motors_disabled_low_rpm_s>
        <recovery_alerts_output_dt_s>0.05</recovery_alerts_output_dt_s>
        <use_cx3_wind_estimates>1</use_cx3_wind_estimates>
        <rccp>
            <rmpf>
                <altitude_agl_on_ground_vf_origin_m>0.48</altitude_agl_on_ground_vf_origin_m>
                <pretakeoff_to_takeoff_agl_threshold_m>1.0</pretakeoff_to_takeoff_agl_threshold_m>
                <pretakeoff_to_takeoff_velocity_threshold_m_per_s>0.5</pretakeoff_to_takeoff_velocity_threshold_m_per_s>
                <pretakeoff_to_takeoff_acceleration_threshold_m_per_s2>2.6</pretakeoff_to_takeoff_acceleration_threshold_m_per_s2>
                <takeoff_to_flight_altitude_offset_threshold_m>0.5</takeoff_to_flight_altitude_offset_threshold_m>
                <takeoff_to_landing_vertical_velocity_threshold_m_per_s>0.5</takeoff_to_landing_vertical_velocity_threshold_m_per_s>
                <flight_to_landing_altitude_offset_threshold_m>10.0</flight_to_landing_altitude_offset_threshold_m>
                <flight_to_landing_final_position_horz_threshold_m>10.0</flight_to_landing_final_position_horz_threshold_m>
                <flight_to_landing_groundspeed_threshold_m_per_s>0.5</flight_to_landing_groundspeed_threshold_m_per_s>
            </rmpf>
            <rrc>
                <v_min_for_route_planning_m_per_s>0.2</v_min_for_route_planning_m_per_s>
            </rrc>
            <min_battery_soc_for_use_cp>1000</min_battery_soc_for_use_cp>
            <max_battery_soc_for_land_cp>2300</max_battery_soc_for_land_cp>
            <enable_oic_commanded_land_contingency>0</enable_oic_commanded_land_contingency>
            <enable_bounding_box_protection>1</enable_bounding_box_protection>
            <bounding_box_logging_dt_s>15.0</bounding_box_logging_dt_s>
            <use_mission_bounding_box_dimensions>0</use_mission_bounding_box_dimensions>
            <bounding_box_half_length_m>6.0</bounding_box_half_length_m>
            <bounding_box_half_width_m>6.0</bounding_box_half_width_m>
            <bounding_box_half_height_m>15.0</bounding_box_half_height_m>
        </rccp>
        <logging>
            <suppress_control_log_output>1</suppress_control_log_output>
            <suppress_recovery_telemetry_output>0</suppress_recovery_telemetry_output>
            <recovery_telemetry_output_dt_s>0.1</recovery_telemetry_output_dt_s>
            <suppress_recovery_controller_telemetry_output>0</suppress_recovery_controller_telemetry_output>
            <recovery_controller_telemetry_output_dt_s>0.1</recovery_controller_telemetry_output_dt_s>
        </logging>
        <gnss>
            <use_receiver_pvt>1</use_receiver_pvt>
            <use_gnss_A_true_B_false>0</use_gnss_A_true_B_false>
            <max_vert_pos_accuracy_m>25.0</max_vert_pos_accuracy_m>
            <max_horiz_pos_accuracy_m>15.0</max_horiz_pos_accuracy_m>
        </gnss>
        <navigation>
            <wind_estimate_source>
                <value>1</value>
            </wind_estimate_source>
            <installation>
                <r_imu_from_vf>
                    <a00>0.0</a00>
                    <a10>0.0</a10>
                    <a20>1.0</a20>
                    <a01>0.0</a01>
                    <a11>-1.0</a11>
                    <a21>0.0</a21>
                    <a02>1.0</a02>
                    <a12>0.0</a12>
                    <a22>0.0</a22>
                </r_imu_from_vf>
                <t_vf_vf2imu_m>
                    <x>0.3866583</x>
                    <y>-0.0829065</y>
                    <z>-0.051990367</z>
                </t_vf_vf2imu_m>
                <t_vf_vf2antA_m>
                    <x>-0.2492</x>
                    <y>0.6254</y>
                    <z>-0.8587</z>
                </t_vf_vf2antA_m>
                <t_vf_vf2antB_m>
                    <x>-0.2492</x>
                    <y>-0.6254</y>
                    <z>-0.8587</z>
                </t_vf_vf2antB_m>
                <t_vf_vf2laser_m>
                    <x>0.1717</x>
                    <y>0.0</y>
                    <z>0.1722</z>
                </t_vf_vf2laser_m>
                <q_vf_from_laser>
                    <s>0.7970572</s>
                    <i>0.0</i>
                    <j>-0.6039038</j>
                    <k>0.0</k>
                </q_vf_from_laser>
            </installation>
            <wind_params>
                <tau_s>10.0</tau_s>
                <latch_ias_threshold_m_per_s>25.0</latch_ias_threshold_m_per_s>
            </wind_params>
            <air_data>
                <dynpres_lpf_tau_s>0.6168</dynpres_lpf_tau_s>
            </air_data>
            <heading>
                <max_update_innovation_threshold_rad>0.7854</max_update_innovation_threshold_rad>
                <enable_heading_updates>1</enable_heading_updates>
            </heading>
            <onground>
                <jerk_threshold_m_per_s3>3.5</jerk_threshold_m_per_s3>
                <jerk_window_s>0.75</jerk_window_s>
                <num_motors_to_takeoff>4</num_motors_to_takeoff>
                <takeoff_rpm>1500</takeoff_rpm>
                <land_threshold_vel_m_per_s>0.25</land_threshold_vel_m_per_s>
                <land_threshold_vel_cmd_m_per_s>0.75</land_threshold_vel_cmd_m_per_s>
                <land_threshold_vel_cmd_timeout_s>2.0</land_threshold_vel_cmd_timeout_s>
                <recovery_in_control_timeout_s>2.0</recovery_in_control_timeout_s>
            </onground>
            <vehicle_params_nav>
                <dynpres_use_probe_left_true_right_false>1</dynpres_use_probe_left_true_right_false>
            </vehicle_params_nav>
            <enable_baro>1</enable_baro>
        </navigation>
        <dt_to_start_motor_checks_s>10.0</dt_to_start_motor_checks_s>
        <low_measured_rpm_threshold>400.0</low_measured_rpm_threshold>
        <aacg>
            <use_attitude_contingency_mode_blending>1</use_attitude_contingency_mode_blending>
            <attitude_contingency_mode_blending_total_time_s>2.0</attitude_contingency_mode_blending_total_time_s>
            <use_blending_based_takeoff_logic>1</use_blending_based_takeoff_logic>
        </aacg>
        <sep>
            <use_attitude_contingency_mode_blending>1</use_attitude_contingency_mode_blending>
            <attitude_contingency_mode_blending_total_time_s>2.0</attitude_contingency_mode_blending_total_time_s>
            <position_lpf_dt_gain_A_lat>0.1</position_lpf_dt_gain_A_lat>
            <position_lpf_dt_gain_B_lat>0.0</position_lpf_dt_gain_B_lat>
            <position_lpf_dt_gain_C_lat>1.0</position_lpf_dt_gain_C_lat>
            <position_lpf_dt_gain_D_lat>1.0</position_lpf_dt_gain_D_lat>
            <position_lpf_dt_gain_A_lon>0.1</position_lpf_dt_gain_A_lon>
            <position_lpf_dt_gain_B_lon>0.0</position_lpf_dt_gain_B_lon>
            <position_lpf_dt_gain_C_lon>1.0</position_lpf_dt_gain_C_lon>
            <position_lpf_dt_gain_D_lon>1.0</position_lpf_dt_gain_D_lon>
            <position_lpf_dt_gain_A_hae>0.1</position_lpf_dt_gain_A_hae>
            <position_lpf_dt_gain_B_hae>0.0</position_lpf_dt_gain_B_hae>
            <position_lpf_dt_gain_C_hae>1.0</position_lpf_dt_gain_C_hae>
            <position_lpf_dt_gain_D_hae>1.0</position_lpf_dt_gain_D_hae>
        </sep>
        <tsc>
            <bypass_a_hf_during_pristine>0</bypass_a_hf_during_pristine>
            <bypass_a2a_during_takeoff_and_landing>0</bypass_a2a_during_takeoff_and_landing>
            <is_v2a_output_connected_to_a2a_input>1</is_v2a_output_connected_to_a2a_input>
            <is_a_ff_cmd_connected_to_a2a_input>0</is_a_ff_cmd_connected_to_a2a_input>
            <a2a_bypass_switch_blender>
                <max_time_limit_s>2.5</max_time_limit_s>
            </a2a_bypass_switch_blender>
        </tsc>
        <tcg>
            <waypoint_cmd_blending_time_s>3.0</waypoint_cmd_blending_time_s>
            <p_err_pos_ncg2pos_x_m_blending_rate_limit_m_per_s>2.0</p_err_pos_ncg2pos_x_m_blending_rate_limit_m_per_s>
            <p_err_pos_ncg2pos_y_m_blending_rate_limit_m_per_s>2.0</p_err_pos_ncg2pos_y_m_blending_rate_limit_m_per_s>
            <p_err_pos_ncg2pos_z_m_blending_rate_limit_m_per_s>2.0</p_err_pos_ncg2pos_z_m_blending_rate_limit_m_per_s>
            <ttcg>
                <inbound_transition_hs_integration_dt_override_s>0.5</inbound_transition_hs_integration_dt_override_s>
                <eas_wbf_nominal_pristine_m_per_s>30.0</eas_wbf_nominal_pristine_m_per_s>
            </ttcg>
            <waca>
                <airspeed_cmd_mode_blending_time_s>5.0</airspeed_cmd_mode_blending_time_s>
            </waca>
            <atcg>
                <is_weathervaning_enabled>1</is_weathervaning_enabled>
                <tas_awv_min_engaged_m_per_s>2.0</tas_awv_min_engaged_m_per_s>
                <tas_awv_max_rate_m_per_s>3.0</tas_awv_max_rate_m_per_s>
                <yaw_rate_max_awv_rad_per_s>0.7853982</yaw_rate_max_awv_rad_per_s>
                <yaw_rate_max_awv_land_slow_descent_rad_per_s>0.0</yaw_rate_max_awv_land_slow_descent_rad_per_s>
                <threshold_min_a_lf_cmd_z_trimncg_g>-1.5</threshold_min_a_lf_cmd_z_trimncg_g>
                <threshold_max_a_lf_cmd_z_trimncg_g>-0.6</threshold_max_a_lf_cmd_z_trimncg_g>
                <vel_from_ned_pitch_augmentation_min_deg>-10.0</vel_from_ned_pitch_augmentation_min_deg>
                <vel_from_ned_pitch_augmentation_max_deg>10.0</vel_from_ned_pitch_augmentation_max_deg>
                <a_vel_from_ned_pitch_augmentation_pristine>0.97575265</a_vel_from_ned_pitch_augmentation_pristine>
                <b_vel_from_ned_pitch_augmentation_pristine>0.70280737</b_vel_from_ned_pitch_augmentation_pristine>
                <c_vel_from_ned_pitch_augmentation_pristine>0.8520608</c_vel_from_ned_pitch_augmentation_pristine>
                <d_vel_from_ned_pitch_augmentation_pristine>0.30309188</d_vel_from_ned_pitch_augmentation_pristine>
            </atcg>
        </tcg>
        <mixer>
            <enable_state_reset>0</enable_state_reset>
            <use_actuator_hysteresis_override>0</use_actuator_hysteresis_override>
            <rotor_speed_hysteresis_half_width_krpm>0.0</rotor_speed_hysteresis_half_width_krpm>
            <use_scheduler_contingency_mode_blending>1</use_scheduler_contingency_mode_blending>
            <scheduler_contingency_mode_blending_total_time_s>2.0</scheduler_contingency_mode_blending_total_time_s>
            <mixer_params>
                <vehicle_params>
                    <num_motors>6</num_motors>
                    <num_control_surfaces>0</num_control_surfaces>
                    <art_min_dynamic_pressure_pa>0</art_min_dynamic_pressure_pa>
                </vehicle_params>
            </mixer_params>
        </mixer>
        <sm>
            <track_spline>
                <max_attitude_tracking_error_rad>3.1415</max_attitude_tracking_error_rad>
                <max_angular_rate_magnitude_rad_per_s>3.1415</max_angular_rate_magnitude_rad_per_s>
                <max_horizontal_tracking_error_m>9999.0</max_horizontal_tracking_error_m>
                <max_vertical_tracking_error_m>99.0</max_vertical_tracking_error_m>
                <max_vtol_horizontal_tracking_error_m>10.0</max_vtol_horizontal_tracking_error_m>
                <max_vtol_vertical_tracking_error_m>5.0</max_vtol_vertical_tracking_error_m>
                <max_vertical_speed_m_per_s>10.0</max_vertical_speed_m_per_s>
                <max_vtol_agl_m>20.0</max_vtol_agl_m>
            </track_spline>
        </sm>
        <cm>
            <takeoffmanager>
                <run_horizontal_controllers_in_onground_mode>1</run_horizontal_controllers_in_onground_mode>
            </takeoffmanager>
            <tracksplinemanager>
                <wind_gust_threshold_m_per_s>12.8</wind_gust_threshold_m_per_s>
                <wind_gust_counter_threshold>3</wind_gust_counter_threshold>
                <enable_wind_threshold_monitor_to_command_skip_delivery>1</enable_wind_threshold_monitor_to_command_skip_delivery>
            </tracksplinemanager>
            <landmanager>
                <climb_rate_fast_descent_m_per_s>-1.0</climb_rate_fast_descent_m_per_s>
            </landmanager>
        </cm>
    </data>
</entry-amz-rec-param>
