<entry-mevent>
    <id>128</id>
    <filename>mevent.bin</filename>
    <version>
        <major>7</major>
        <minor>3</minor>
        <revision>1</revision>
    </version>
    <data>
        <map>
            <str-tunarray-element str-tunarray-key="0">
                <data>
                    <name>ISC DComms cmd received</name>
                    <dataTypeColor>
                        <cmpType3>
                            <typeColor>1</typeColor>
                            <var>
                                <vref-var>
                                    <type>0</type>
                                    <id>4101</id>
                                </vref-var>
                            </var>
                            <arrayColores/>
                        </cmpType3>
                    </dataTypeColor>
                    <check>
                        <data>
                            <icon>10</icon>
                            <timeControl>0.0</timeControl>
                            <check>0</check>
                            <checkTime>0</checkTime>
                        </data>
                    </check>
                </data>
            </str-tunarray-element>
            <str-tunarray-element str-tunarray-key="1">
                <data>
                    <name>Contingency command</name>
                    <dataTypeColor>
                        <cmpType3>
                            <typeColor>1</typeColor>
                            <var>
                                <vref-var>
                                    <type>0</type>
                                    <id>4101</id>
                                </vref-var>
                            </var>
                            <arrayColores/>
                        </cmpType3>
                    </dataTypeColor>
                    <check>
                        <data>
                            <icon>10</icon>
                            <timeControl>0.0</timeControl>
                            <check>0</check>
                            <checkTime>0</checkTime>
                        </data>
                    </check>
                </data>
            </str-tunarray-element>
            <str-tunarray-element str-tunarray-key="2">
                <data>
                    <name>OK to deliver command</name>
                    <dataTypeColor>
                        <cmpType3>
                            <typeColor>1</typeColor>
                            <var>
                                <vref-var>
                                    <type>0</type>
                                    <id>4101</id>
                                </vref-var>
                            </var>
                            <arrayColores/>
                        </cmpType3>
                    </dataTypeColor>
                    <check>
                        <data>
                            <icon>10</icon>
                            <timeControl>0.0</timeControl>
                            <check>0</check>
                            <checkTime>0</checkTime>
                        </data>
                    </check>
                </data>
            </str-tunarray-element>
            <str-tunarray-element str-tunarray-key="3">
                <data>
                    <name>Contingency response</name>
                    <dataTypeColor>
                        <cmpType3>
                            <typeColor>1</typeColor>
                            <var>
                                <vref-var>
                                    <type>0</type>
                                    <id>4101</id>
                                </vref-var>
                            </var>
                            <arrayColores/>
                        </cmpType3>
                    </dataTypeColor>
                    <check>
                        <data>
                            <icon>10</icon>
                            <timeControl>0.0</timeControl>
                            <check>0</check>
                            <checkTime>0</checkTime>
                        </data>
                    </check>
                </data>
            </str-tunarray-element>
        </map>
    </data>
</entry-mevent>
