<entry-can_fd_a>
    <id>41</id>
    <filename>can_fd_a.bin</filename>
    <version>
        <major>7</major>
        <minor>3</minor>
        <revision>1</revision>
    </version>
    <data>
        <can_fd_mode>1</can_fd_mode>
        <enable_brs>1</enable_brs>
        <arb>
            <use_timings>0</use_timings>
            <baudrate>3</baudrate>
            <tim>
                <prescaler>49</prescaler>
                <tseg1>4</tseg1>
                <tseg2>1</tseg2>
                <sjw>1</sjw>
            </tim>
        </arb>
        <data>
            <use_timings>0</use_timings>
            <baudrate>6</baudrate>
            <tim>
                <prescaler>9</prescaler>
                <tseg1>5</tseg1>
                <tseg2>2</tseg2>
                <sjw>2</sjw>
            </tim>
        </data>
        <rx>
            <str-tunarray-element>
                <size>2</size>
                <filter>
                    <id>
                        <ext>1</ext>
                        <id>274844953</id>
                    </id>
                    <mask>1048320</mask>
                </filter>
            </str-tunarray-element>
            <str-tunarray-element>
                <size>1</size>
                <filter>
                    <id>
                        <ext>1</ext>
                        <id>274785816</id>
                    </id>
                    <mask>1048320</mask>
                </filter>
            </str-tunarray-element>
            <str-tunarray-element>
                <size>1</size>
                <filter>
                    <id>
                        <ext>1</ext>
                        <id>274754072</id>
                    </id>
                    <mask>1048320</mask>
                </filter>
            </str-tunarray-element>
            <str-tunarray-element>
                <size>1</size>
                <filter>
                    <id>
                        <ext>1</ext>
                        <id>6414372</id>
                    </id>
                    <mask>50331392</mask>
                </filter>
            </str-tunarray-element>
            <str-tunarray-element>
                <size>1</size>
                <filter>
                    <id>
                        <ext>1</ext>
                        <id>274805784</id>
                    </id>
                    <mask>1048320</mask>
                </filter>
            </str-tunarray-element>
            <str-tunarray-element>
                <size>2</size>
                <filter>
                    <id>
                        <ext>1</ext>
                        <id>6477824</id>
                    </id>
                    <mask>50331136</mask>
                </filter>
            </str-tunarray-element>
            <str-tunarray-element>
                <size>2</size>
                <filter>
                    <id>
                        <ext>1</ext>
                        <id>6296600</id>
                    </id>
                    <mask>50331392</mask>
                </filter>
            </str-tunarray-element>
            <str-tunarray-element>
                <size>1</size>
                <filter>
                    <id>
                        <ext>1</ext>
                        <id>6414336</id>
                    </id>
                    <mask>67108608</mask>
                </filter>
            </str-tunarray-element>
            <str-tunarray-element>
                <size>1</size>
                <filter>
                    <id>
                        <ext>1</ext>
                        <id>6350367</id>
                    </id>
                    <mask>67108608</mask>
                </filter>
            </str-tunarray-element>
            <str-tunarray-element>
                <size>1</size>
                <filter>
                    <id>
                        <ext>1</ext>
                        <id>6365976</id>
                    </id>
                    <mask>67108608</mask>
                </filter>
            </str-tunarray-element>
            <str-tunarray-element>
                <size>1</size>
                <filter>
                    <id>
                        <ext>1</ext>
                        <id>6344223</id>
                    </id>
                    <mask>67108608</mask>
                </filter>
            </str-tunarray-element>
            <str-tunarray-element>
                <size>1</size>
                <filter>
                    <id>
                        <ext>1</ext>
                        <id>6413824</id>
                    </id>
                    <mask>50331392</mask>
                </filter>
            </str-tunarray-element>
            <str-tunarray-element>
                <size>1</size>
                <filter>
                    <id>
                        <ext>1</ext>
                        <id>6329600</id>
                    </id>
                    <mask>50331392</mask>
                </filter>
            </str-tunarray-element>
            <str-tunarray-element>
                <size>1</size>
                <filter>
                    <id>
                        <ext>1</ext>
                        <id>274850840</id>
                    </id>
                    <mask>1048320</mask>
                </filter>
            </str-tunarray-element>
            <str-tunarray-element>
                <size>1</size>
                <filter>
                    <id>
                        <ext>1</ext>
                        <id>6328088</id>
                    </id>
                    <mask>67108608</mask>
                </filter>
            </str-tunarray-element>
            <str-tunarray-element>
                <size>1</size>
                <filter>
                    <id>
                        <ext>1</ext>
                        <id>274834712</id>
                    </id>
                    <mask>1048320</mask>
                </filter>
            </str-tunarray-element>
            <str-tunarray-element>
                <size>1</size>
                <filter>
                    <id>
                        <ext>1</ext>
                        <id>6321432</id>
                    </id>
                    <mask>67108608</mask>
                </filter>
            </str-tunarray-element>
            <str-tunarray-element>
                <size>1</size>
                <filter>
                    <id>
                        <ext>1</ext>
                        <id>189465</id>
                    </id>
                    <mask>1048320</mask>
                </filter>
            </str-tunarray-element>
            <str-tunarray-element>
                <size>1</size>
                <filter>
                    <id>
                        <ext>1</ext>
                        <id>125440</id>
                    </id>
                    <mask>1048320</mask>
                </filter>
            </str-tunarray-element>
        </rx>
    </data>
</entry-can_fd_a>
