<entry-fmsg-c>
    <id>75</id>
    <filename>fmsg_c.bin</filename>
    <version>
        <major>7</major>
        <minor>3</minor>
        <revision>1</revision>
    </version>
    <data>
        <str-tunarray-element str-tunarray-key="0">
            <data>
                <str-tunarray-element>
                    <fmsg-id>0</fmsg-id>
                    <time>0.005</time>
                    <type>0</type>
                    <bitid>100</bitid>
                    <triggers_ev>0</triggers_ev>
                </str-tunarray-element>
            </data>
        </str-tunarray-element>
        <str-tunarray-element str-tunarray-key="1">
            <data>
                <str-tunarray-element>
                    <fmsg-id>1</fmsg-id>
                    <time>0.0</time>
                    <type>0</type>
                    <bitid>0</bitid>
                    <triggers_ev>0</triggers_ev>
                </str-tunarray-element>
            </data>
        </str-tunarray-element>
        <str-tunarray-element str-tunarray-key="2">
            <data>
                <str-tunarray-element>
                    <fmsg-id>4</fmsg-id>
                    <time>0.1</time>
                    <type>0</type>
                    <bitid>10</bitid>
                    <triggers_ev>0</triggers_ev>
                </str-tunarray-element>
                <str-tunarray-element>
                    <fmsg-id>5</fmsg-id>
                    <time>0.1</time>
                    <type>0</type>
                    <bitid>11</bitid>
                    <triggers_ev>1</triggers_ev>
                </str-tunarray-element>
                <str-tunarray-element>
                    <fmsg-id>6</fmsg-id>
                    <time>0.1</time>
                    <type>0</type>
                    <bitid>12</bitid>
                    <triggers_ev>1</triggers_ev>
                </str-tunarray-element>
            </data>
        </str-tunarray-element>
    </data>
</entry-fmsg-c>
