<entry-polymgr>
    <id>21</id>
    <filename>polymgr.bin</filename>
    <version>
        <major>7</major>
        <minor>3</minor>
        <revision>1</revision>
    </version>
    <data>
        <volumeOp/>
        <polygons/>
        <circles/>
        <spheres/>
        <groups/>
        <geoCage>
            <geoIdx>
                <contingency>0</contingency>
                <emergency>0</emergency>
                <emergencyMargin>0</emergencyMargin>
                <prohibited>0</prohibited>
            </geoIdx>
            <geoDist>
                <cont-dist>0.0</cont-dist>
                <emer-dist>0.0</emer-dist>
                <emer-mar-dist>0.0</emer-mar-dist>
            </geoDist>
        </geoCage>
    </data>
</entry-polymgr>
