<entry-tm-compl>
    <id>72</id>
    <filename>tmcompl.bin</filename>
    <version>
        <major>7</major>
        <minor>3</minor>
        <revision>1</revision>
    </version>
    <data>
        <str-tunarray-element>
            <fields>
                <str-tunarray-element>
                    <data-fieldset>
                        <bit>
                            <type>3</type>
                            <id>16</id>
                        </bit>
                    </data-fieldset>
                </str-tunarray-element>
                <str-tunarray-element>
                    <data-fieldset>
                        <bit>
                            <type>3</type>
                            <id>8</id>
                        </bit>
                    </data-fieldset>
                </str-tunarray-element>
                <str-tunarray-element>
                    <data-fieldset>
                        <real-float32>
                            <type>0</type>
                            <id>501</id>
                            <scale>1.0</scale>
                        </real-float32>
                    </data-fieldset>
                </str-tunarray-element>
                <str-tunarray-element>
                    <data-fieldset>
                        <uinteger16>
                            <type>2</type>
                            <id>1</id>
                            <min>0.0</min>
                            <max>65535.0</max>
                        </uinteger16>
                    </data-fieldset>
                </str-tunarray-element>
                <str-tunarray-element>
                    <data-fieldset>
                        <real-float32>
                            <type>0</type>
                            <id>3401</id>
                            <scale>1.0</scale>
                        </real-float32>
                    </data-fieldset>
                </str-tunarray-element>
                <str-tunarray-element>
                    <data-fieldset>
                        <real-float32>
                            <type>0</type>
                            <id>6</id>
                            <scale>1.0</scale>
                        </real-float32>
                    </data-fieldset>
                </str-tunarray-element>
                <str-tunarray-element>
                    <data-fieldset>
                        <real-float32>
                            <type>0</type>
                            <id>3403</id>
                            <scale>1.0</scale>
                        </real-float32>
                    </data-fieldset>
                </str-tunarray-element>
                <str-tunarray-element>
                    <data-fieldset>
                        <bit>
                            <type>3</type>
                            <id>10</id>
                        </bit>
                    </data-fieldset>
                </str-tunarray-element>
                <str-tunarray-element>
                    <data-fieldset>
                        <bit>
                            <type>3</type>
                            <id>7</id>
                        </bit>
                    </data-fieldset>
                </str-tunarray-element>
                <str-tunarray-element>
                    <data-fieldset>
                        <real-float32>
                            <type>0</type>
                            <id>3</id>
                            <scale>1.0</scale>
                        </real-float32>
                    </data-fieldset>
                </str-tunarray-element>
                <str-tunarray-element>
                    <data-fieldset>
                        <bit>
                            <type>3</type>
                            <id>17</id>
                        </bit>
                    </data-fieldset>
                </str-tunarray-element>
                <str-tunarray-element>
                    <data-fieldset>
                        <bit>
                            <type>3</type>
                            <id>12</id>
                        </bit>
                    </data-fieldset>
                </str-tunarray-element>
                <str-tunarray-element>
                    <data-fieldset>
                        <bit>
                            <type>3</type>
                            <id>1500</id>
                        </bit>
                    </data-fieldset>
                </str-tunarray-element>
                <str-tunarray-element>
                    <data-fieldset>
                        <uinteger16>
                            <type>2</type>
                            <id>0</id>
                            <min>0.0</min>
                            <max>65535.0</max>
                        </uinteger16>
                    </data-fieldset>
                </str-tunarray-element>
                <str-tunarray-element>
                    <data-fieldset>
                        <real-float32>
                            <type>0</type>
                            <id>500</id>
                            <scale>1.0</scale>
                        </real-float32>
                    </data-fieldset>
                </str-tunarray-element>
                <str-tunarray-element>
                    <data-fieldset>
                        <real-float32>
                            <type>0</type>
                            <id>3400</id>
                            <scale>1.0</scale>
                        </real-float32>
                    </data-fieldset>
                </str-tunarray-element>
                <str-tunarray-element>
                    <data-fieldset>
                        <bit>
                            <type>3</type>
                            <id>9</id>
                        </bit>
                    </data-fieldset>
                </str-tunarray-element>
                <str-tunarray-element>
                    <data-fieldset>
                        <bit>
                            <type>3</type>
                            <id>117</id>
                        </bit>
                    </data-fieldset>
                </str-tunarray-element>
                <str-tunarray-element>
                    <data-fieldset>
                        <real-float32>
                            <type>0</type>
                            <id>300</id>
                            <scale>1.0</scale>
                        </real-float32>
                    </data-fieldset>
                </str-tunarray-element>
                <str-tunarray-element>
                    <data-fieldset>
                        <real-float32>
                            <type>0</type>
                            <id>2903</id>
                            <scale>1.0</scale>
                        </real-float32>
                    </data-fieldset>
                </str-tunarray-element>
                <str-tunarray-element>
                    <data-fieldset>
                        <real-float32>
                            <type>0</type>
                            <id>502</id>
                            <scale>1.0</scale>
                        </real-float32>
                    </data-fieldset>
                </str-tunarray-element>
                <str-tunarray-element>
                    <data-fieldset>
                        <real-float32>
                            <type>0</type>
                            <id>3402</id>
                            <scale>1.0</scale>
                        </real-float32>
                    </data-fieldset>
                </str-tunarray-element>
            </fields>
            <enable>1</enable>
            <periode>0.1</periode>
            <address>
                <uav>2</uav>
            </address>
        </str-tunarray-element>
    </data>
</entry-tm-compl>
