<entry-arctrim0>
    <id>350</id>
    <filename>arctrim0.bin</filename>
    <version>
        <major>7</major>
        <minor>3</minor>
        <revision>1</revision>
    </version>
    <data>
        <u0>
            <str-tunarray-element>0.0</str-tunarray-element>
            <str-tunarray-element>0.0</str-tunarray-element>
            <str-tunarray-element>0.0</str-tunarray-element>
            <str-tunarray-element>0.0</str-tunarray-element>
            <str-tunarray-element>0.0</str-tunarray-element>
            <str-tunarray-element>0.0</str-tunarray-element>
            <str-tunarray-element>0.0</str-tunarray-element>
            <str-tunarray-element>0.0</str-tunarray-element>
            <str-tunarray-element>0.0</str-tunarray-element>
            <str-tunarray-element>0.0</str-tunarray-element>
            <str-tunarray-element>0.0</str-tunarray-element>
            <str-tunarray-element>0.0</str-tunarray-element>
            <str-tunarray-element>0.0</str-tunarray-element>
            <str-tunarray-element>0.0</str-tunarray-element>
            <str-tunarray-element>0.0</str-tunarray-element>
            <str-tunarray-element>0.0</str-tunarray-element>
            <str-tunarray-element>0.0</str-tunarray-element>
            <str-tunarray-element>0.0</str-tunarray-element>
            <str-tunarray-element>0.0</str-tunarray-element>
            <str-tunarray-element>0.0</str-tunarray-element>
        </u0>
    </data>
</entry-arctrim0>
