<entry-mevact>
    <id>129</id>
    <filename>mevact.bin</filename>
    <version>
        <major>7</major>
        <minor>3</minor>
        <revision>1</revision>
    </version>
    <data>
        <map>
            <str-tunarray-element str-tunarray-key="0">
                <data>
                    <name>DComms Conteingency</name>
                    <group>0</group>
                    <order>0</order>
                </data>
            </str-tunarray-element>
            <str-tunarray-element str-tunarray-key="1">
                <data>
                    <name>ISC Command</name>
                    <group>0</group>
                    <order>2</order>
                </data>
            </str-tunarray-element>
            <str-tunarray-element str-tunarray-key="2">
                <data>
                    <name>DComms Contingency response</name>
                    <group>0</group>
                    <order>1</order>
                </data>
            </str-tunarray-element>
        </map>
    </data>
</entry-mevact>
