<entry-mbit>
    <id>138</id>
    <filename>mbit.bin</filename>
    <version>
        <major>7</major>
        <minor>3</minor>
        <revision>1</revision>
    </version>
    <data>
        <map>
            <str-tunarray-element>
                <id>1200</id>
                <description>
                    <name/>
                </description>
            </str-tunarray-element>
            <str-tunarray-element>
                <id>1201</id>
                <description>
                    <name/>
                </description>
            </str-tunarray-element>
            <str-tunarray-element>
                <id>1202</id>
                <description>
                    <name/>
                </description>
            </str-tunarray-element>
            <str-tunarray-element>
                <id>1203</id>
                <description>
                    <name/>
                </description>
            </str-tunarray-element>
            <str-tunarray-element>
                <id>1204</id>
                <description>
                    <name/>
                </description>
            </str-tunarray-element>
            <str-tunarray-element>
                <id>1205</id>
                <description>
                    <name/>
                </description>
            </str-tunarray-element>
            <str-tunarray-element>
                <id>1206</id>
                <description>
                    <name/>
                </description>
            </str-tunarray-element>
            <str-tunarray-element>
                <id>1207</id>
                <description>
                    <name/>
                </description>
            </str-tunarray-element>
            <str-tunarray-element>
                <id>1208</id>
                <description>
                    <name/>
                </description>
            </str-tunarray-element>
            <str-tunarray-element>
                <id>1209</id>
                <description>
                    <name/>
                </description>
            </str-tunarray-element>
            <str-tunarray-element>
                <id>1210</id>
                <description>
                    <name/>
                </description>
            </str-tunarray-element>
            <str-tunarray-element>
                <id>1211</id>
                <description>
                    <name/>
                </description>
            </str-tunarray-element>
            <str-tunarray-element>
                <id>1212</id>
                <description>
                    <name/>
                </description>
            </str-tunarray-element>
            <str-tunarray-element>
                <id>1213</id>
                <description>
                    <name/>
                </description>
            </str-tunarray-element>
            <str-tunarray-element>
                <id>1214</id>
                <description>
                    <name/>
                </description>
            </str-tunarray-element>
            <str-tunarray-element>
                <id>1215</id>
                <description>
                    <name/>
                </description>
            </str-tunarray-element>
            <str-tunarray-element>
                <id>1216</id>
                <description>
                    <name/>
                </description>
            </str-tunarray-element>
            <str-tunarray-element>
                <id>1217</id>
                <description>
                    <name/>
                </description>
            </str-tunarray-element>
            <str-tunarray-element>
                <id>1218</id>
                <description>
                    <name/>
                </description>
            </str-tunarray-element>
            <str-tunarray-element>
                <id>1219</id>
                <description>
                    <name/>
                </description>
            </str-tunarray-element>
            <str-tunarray-element>
                <id>1220</id>
                <description>
                    <name/>
                </description>
            </str-tunarray-element>
            <str-tunarray-element>
                <id>1225</id>
                <description>
                    <name>Switchover</name>
                </description>
            </str-tunarray-element>
            <str-tunarray-element>
                <id>1318</id>
                <description>
                    <name>GPS Outdoor</name>
                </description>
            </str-tunarray-element>
            <str-tunarray-element>
                <id>1320</id>
                <description>
                    <name>Enable State Estimate</name>
                </description>
            </str-tunarray-element>
            <str-tunarray-element>
                <id>1301</id>
                <description>
                    <name>IMU self test failed</name>
                </description>
            </str-tunarray-element>
            <str-tunarray-element>
                <id>1304</id>
                <description>
                    <name>Full state estimate CAN</name>
                </description>
            </str-tunarray-element>
            <str-tunarray-element>
                <id>1110</id>
                <description>
                    <name>LIDAR Ok</name>
                </description>
            </str-tunarray-element>
            <str-tunarray-element>
                <id>1306</id>
                <description>
                    <name>rec_in_control</name>
                </description>
            </str-tunarray-element>
            <str-tunarray-element>
                <id>1340</id>
                <description>
                    <name>Send IMU measurements over Ethernet</name>
                </description>
            </str-tunarray-element>
        </map>
    </data>
</entry-mbit>
