<entry-canb>
    <id>35</id>
    <filename>canb.bin</filename>
    <version>
        <major>7</major>
        <minor>3</minor>
        <revision>1</revision>
    </version>
    <data>
        <baudrate>500000</baudrate>
        <rx>
            <str-tunarray-element>
                <size>1</size>
                <filter>
                    <id>
                        <ext>1</ext>
                        <id>274967586</id>
                    </id>
                    <mask>2096896</mask>
                </filter>
            </str-tunarray-element>
            <str-tunarray-element>
                <size>1</size>
                <filter>
                    <id>
                        <ext>1</ext>
                        <id>274967842</id>
                    </id>
                    <mask>2096896</mask>
                </filter>
            </str-tunarray-element>
            <str-tunarray-element>
                <size>1</size>
                <filter>
                    <id>
                        <ext>1</ext>
                        <id>274968098</id>
                    </id>
                    <mask>2096896</mask>
                </filter>
            </str-tunarray-element>
            <str-tunarray-element>
                <size>1</size>
                <filter>
                    <id>
                        <ext>1</ext>
                        <id>274968354</id>
                    </id>
                    <mask>2096896</mask>
                </filter>
            </str-tunarray-element>
            <str-tunarray-element>
                <size>1</size>
                <filter>
                    <id>
                        <ext>1</ext>
                        <id>274968610</id>
                    </id>
                    <mask>2096896</mask>
                </filter>
            </str-tunarray-element>
            <str-tunarray-element>
                <size>1</size>
                <filter>
                    <id>
                        <ext>1</ext>
                        <id>274968866</id>
                    </id>
                    <mask>2096896</mask>
                </filter>
            </str-tunarray-element>
            <str-tunarray-element>
                <size>1</size>
                <filter>
                    <id>
                        <ext>1</ext>
                        <id>274969122</id>
                    </id>
                    <mask>2096896</mask>
                </filter>
            </str-tunarray-element>
            <str-tunarray-element>
                <size>2</size>
                <filter>
                    <id>
                        <ext>1</ext>
                        <id>274969378</id>
                    </id>
                    <mask>2096896</mask>
                </filter>
            </str-tunarray-element>
            <str-tunarray-element>
                <size>5</size>
                <filter>
                    <id>
                        <ext>1</ext>
                        <id>274969890</id>
                    </id>
                    <mask>2096896</mask>
                </filter>
            </str-tunarray-element>
            <str-tunarray-element>
                <size>5</size>
                <filter>
                    <id>
                        <ext>1</ext>
                        <id>274970146</id>
                    </id>
                    <mask>2096896</mask>
                </filter>
            </str-tunarray-element>
            <str-tunarray-element>
                <size>5</size>
                <filter>
                    <id>
                        <ext>1</ext>
                        <id>274970402</id>
                    </id>
                    <mask>2096896</mask>
                </filter>
            </str-tunarray-element>
            <str-tunarray-element>
                <size>5</size>
                <filter>
                    <id>
                        <ext>1</ext>
                        <id>274970658</id>
                    </id>
                    <mask>2096896</mask>
                </filter>
            </str-tunarray-element>
        </rx>
    </data>
</entry-canb>
