<entry-fmset>
    <id>50</id>
    <filename>fmset.bin</filename>
    <version>
        <major>7</major>
        <minor>3</minor>
        <revision>1</revision>
    </version>
    <data>
        <str-tunarray-element>
            <fields>
                <str-tunarray-element>
                    <data-fieldset>
                        <matcher>
                            <type>8</type>
                            <id>0</id>
                            <nbits>8</nbits>
                            <value>89</value>
                            <mask>255</mask>
                            <is_dyn>0</is_dyn>
                        </matcher>
                    </data-fieldset>
                </str-tunarray-element>
                <str-tunarray-element>
                    <data-fieldset>
                        <matcher>
                            <type>8</type>
                            <id>0</id>
                            <nbits>8</nbits>
                            <value>89</value>
                            <mask>255</mask>
                            <is_dyn>0</is_dyn>
                        </matcher>
                    </data-fieldset>
                </str-tunarray-element>
                <str-tunarray-element>
                    <data-fieldset>
                        <matcher>
                            <type>8</type>
                            <id>0</id>
                            <nbits>8</nbits>
                            <value>30</value>
                            <mask>255</mask>
                            <is_dyn>0</is_dyn>
                        </matcher>
                    </data-fieldset>
                </str-tunarray-element>
                <str-tunarray-element>
                    <data-fieldset>
                        <matcher>
                            <type>8</type>
                            <id>0</id>
                            <nbits>8</nbits>
                            <value>0</value>
                            <mask>255</mask>
                            <is_dyn>0</is_dyn>
                        </matcher>
                    </data-fieldset>
                </str-tunarray-element>
                <str-tunarray-element>
                    <data-fieldset>
                        <real-ubits>
                            <type>5</type>
                            <id>1100</id>
                            <min>0.0</min>
                            <max>1.0</max>
                            <umin>0</umin>
                            <umax>100</umax>
                            <nbits>16</nbits>
                        </real-ubits>
                    </data-fieldset>
                </str-tunarray-element>
                <str-tunarray-element>
                    <data-fieldset>
                        <real-ubits>
                            <type>5</type>
                            <id>1101</id>
                            <min>0.0</min>
                            <max>1.0</max>
                            <umin>0</umin>
                            <umax>1</umax>
                            <nbits>8</nbits>
                        </real-ubits>
                    </data-fieldset>
                </str-tunarray-element>
                <str-tunarray-element>
                    <data-fieldset>
                        <real-ubits>
                            <type>5</type>
                            <id>3110</id>
                            <min>0.0</min>
                            <max>1.0</max>
                            <umin>0</umin>
                            <umax>1</umax>
                            <nbits>8</nbits>
                        </real-ubits>
                    </data-fieldset>
                </str-tunarray-element>
                <str-tunarray-element>
                    <data-fieldset>
                        <skip>
                            <type>9</type>
                            <id>0</id>
                            <nbits>160</nbits>
                        </skip>
                    </data-fieldset>
                </str-tunarray-element>
                <str-tunarray-element>
                    <data-fieldset>
                        <checksum>
                            <type>7</type>
                            <id>0</id>
                            <bytes-back-from>28</bytes-back-from>
                            <bytes-back-to>0</bytes-back-to>
                            <endn>1</endn>
                            <dmode>0</dmode>
                            <crc>
                                <nbits>16</nbits>
                                <polynomial>40961</polynomial>
                                <start-value>65535</start-value>
                                <final-xor>0</final-xor>
                                <reflect-in>1</reflect-in>
                                <reflect-out>1</reflect-out>
                            </crc>
                        </checksum>
                    </data-fieldset>
                </str-tunarray-element>
            </fields>
            <endianness>1</endianness>
            <time>1.0</time>
            <offset>0.0</offset>
        </str-tunarray-element>
        <str-tunarray-element>
            <fields>
                <str-tunarray-element>
                    <data-fieldset>
                        <matcher>
                            <type>8</type>
                            <id>0</id>
                            <nbits>8</nbits>
                            <value>193</value>
                            <mask>255</mask>
                            <is_dyn>0</is_dyn>
                        </matcher>
                    </data-fieldset>
                </str-tunarray-element>
                <str-tunarray-element>
                    <data-fieldset>
                        <matcher>
                            <type>8</type>
                            <id>0</id>
                            <nbits>8</nbits>
                            <value>164</value>
                            <mask>255</mask>
                            <is_dyn>0</is_dyn>
                        </matcher>
                    </data-fieldset>
                </str-tunarray-element>
                <str-tunarray-element>
                    <data-fieldset>
                        <matcher>
                            <type>8</type>
                            <id>0</id>
                            <nbits>32</nbits>
                            <value>274777887</value>
                            <mask>4294967295</mask>
                            <is_dyn>0</is_dyn>
                        </matcher>
                    </data-fieldset>
                </str-tunarray-element>
                <str-tunarray-element>
                    <data-fieldset>
                        <matcher>
                            <type>8</type>
                            <id>0</id>
                            <nbits>16</nbits>
                            <value>13</value>
                            <mask>65535</mask>
                            <is_dyn>0</is_dyn>
                        </matcher>
                    </data-fieldset>
                </str-tunarray-element>
                <str-tunarray-element>
                    <data-fieldset>
                        <real-ibits>
                            <type>6</type>
                            <id>3100</id>
                            <min>-8192.0</min>
                            <max>8191.0</max>
                            <umin>-8192</umin>
                            <umax>8191</umax>
                            <nbits>14</nbits>
                        </real-ibits>
                    </data-fieldset>
                </str-tunarray-element>
                <str-tunarray-element>
                    <data-fieldset>
                        <real-ibits>
                            <type>6</type>
                            <id>3101</id>
                            <min>-8192.0</min>
                            <max>8191.0</max>
                            <umin>-8192</umin>
                            <umax>8191</umax>
                            <nbits>14</nbits>
                        </real-ibits>
                    </data-fieldset>
                </str-tunarray-element>
                <str-tunarray-element>
                    <data-fieldset>
                        <real-ibits>
                            <type>6</type>
                            <id>3102</id>
                            <min>-8192.0</min>
                            <max>8191.0</max>
                            <umin>-8192</umin>
                            <umax>8191</umax>
                            <nbits>14</nbits>
                        </real-ibits>
                    </data-fieldset>
                </str-tunarray-element>
                <str-tunarray-element>
                    <data-fieldset>
                        <real-ibits>
                            <type>6</type>
                            <id>3103</id>
                            <min>-8192.0</min>
                            <max>8191.0</max>
                            <umin>-8192</umin>
                            <umax>8191</umax>
                            <nbits>14</nbits>
                        </real-ibits>
                    </data-fieldset>
                </str-tunarray-element>
                <str-tunarray-element>
                    <data-fieldset>
                        <real-ibits>
                            <type>6</type>
                            <id>3104</id>
                            <min>-8192.0</min>
                            <max>8191.0</max>
                            <umin>-8192</umin>
                            <umax>8191</umax>
                            <nbits>14</nbits>
                        </real-ibits>
                    </data-fieldset>
                </str-tunarray-element>
                <str-tunarray-element>
                    <data-fieldset>
                        <real-ibits>
                            <type>6</type>
                            <id>3105</id>
                            <min>-8192.0</min>
                            <max>8191.0</max>
                            <umin>-8192</umin>
                            <umax>8191</umax>
                            <nbits>14</nbits>
                        </real-ibits>
                    </data-fieldset>
                </str-tunarray-element>
                <str-tunarray-element>
                    <data-fieldset>
                        <skip>
                            <type>9</type>
                            <id>0</id>
                            <nbits>4</nbits>
                        </skip>
                    </data-fieldset>
                </str-tunarray-element>
                <str-tunarray-element>
                    <data-fieldset>
                        <uinteger16>
                            <type>2</type>
                            <id>1000</id>
                            <min>0.0</min>
                            <max>3.0</max>
                        </uinteger16>
                    </data-fieldset>
                </str-tunarray-element>
                <str-tunarray-element>
                    <data-fieldset>
                        <uinteger16>
                            <type>2</type>
                            <id>1001</id>
                            <min>0.0</min>
                            <max>7.0</max>
                        </uinteger16>
                    </data-fieldset>
                </str-tunarray-element>
                <str-tunarray-element>
                    <data-fieldset>
                        <uinteger16>
                            <type>2</type>
                            <id>1002</id>
                            <min>0.0</min>
                            <max>3.0</max>
                        </uinteger16>
                    </data-fieldset>
                </str-tunarray-element>
                <str-tunarray-element>
                    <data-fieldset>
                        <uinteger16>
                            <type>2</type>
                            <id>1003</id>
                            <min>0.0</min>
                            <max>3.0</max>
                        </uinteger16>
                    </data-fieldset>
                </str-tunarray-element>
            </fields>
            <endianness>1</endianness>
            <time>0.01</time>
            <offset>0.0</offset>
        </str-tunarray-element>
        <str-tunarray-element>
            <fields>
                <str-tunarray-element>
                    <data-fieldset>
                        <matcher>
                            <type>8</type>
                            <id>0</id>
                            <nbits>8</nbits>
                            <value>204</value>
                            <mask>255</mask>
                            <is_dyn>0</is_dyn>
                        </matcher>
                    </data-fieldset>
                </str-tunarray-element>
                <str-tunarray-element>
                    <data-fieldset>
                        <uinteger16>
                            <type>2</type>
                            <id>1151</id>
                            <min>0.0</min>
                            <max>65535.0</max>
                        </uinteger16>
                    </data-fieldset>
                </str-tunarray-element>
                <str-tunarray-element>
                    <data-fieldset>
                        <uinteger16>
                            <type>2</type>
                            <id>1152</id>
                            <min>0.0</min>
                            <max>65535.0</max>
                        </uinteger16>
                    </data-fieldset>
                </str-tunarray-element>
                <str-tunarray-element>
                    <data-fieldset>
                        <uinteger16>
                            <type>2</type>
                            <id>1153</id>
                            <min>0.0</min>
                            <max>65535.0</max>
                        </uinteger16>
                    </data-fieldset>
                </str-tunarray-element>
                <str-tunarray-element>
                    <data-fieldset>
                        <uinteger16>
                            <type>2</type>
                            <id>1154</id>
                            <min>0.0</min>
                            <max>65535.0</max>
                        </uinteger16>
                    </data-fieldset>
                </str-tunarray-element>
                <str-tunarray-element>
                    <data-fieldset>
                        <uinteger16>
                            <type>2</type>
                            <id>1114</id>
                            <min>0.0</min>
                            <max>65535.0</max>
                        </uinteger16>
                    </data-fieldset>
                </str-tunarray-element>
                <str-tunarray-element>
                    <data-fieldset>
                        <uinteger16>
                            <type>2</type>
                            <id>1115</id>
                            <min>0.0</min>
                            <max>65535.0</max>
                        </uinteger16>
                    </data-fieldset>
                </str-tunarray-element>
                <str-tunarray-element>
                    <data-fieldset>
                        <uinteger16>
                            <type>2</type>
                            <id>1118</id>
                            <min>0.0</min>
                            <max>65535.0</max>
                        </uinteger16>
                    </data-fieldset>
                </str-tunarray-element>
                <str-tunarray-element>
                    <data-fieldset>
                        <uinteger16>
                            <type>2</type>
                            <id>1119</id>
                            <min>0.0</min>
                            <max>65535.0</max>
                        </uinteger16>
                    </data-fieldset>
                </str-tunarray-element>
                <str-tunarray-element>
                    <data-fieldset>
                        <uinteger16>
                            <type>2</type>
                            <id>1108</id>
                            <min>0.0</min>
                            <max>255.0</max>
                        </uinteger16>
                    </data-fieldset>
                </str-tunarray-element>
                <str-tunarray-element>
                    <data-fieldset>
                        <checksum>
                            <type>7</type>
                            <id>0</id>
                            <bytes-back-from>18</bytes-back-from>
                            <bytes-back-to>0</bytes-back-to>
                            <endn>1</endn>
                            <dmode>0</dmode>
                            <crc>
                                <nbits>16</nbits>
                                <polynomial>54277</polynomial>
                                <start-value>0</start-value>
                                <final-xor>0</final-xor>
                                <reflect-in>0</reflect-in>
                                <reflect-out>0</reflect-out>
                            </crc>
                        </checksum>
                    </data-fieldset>
                </str-tunarray-element>
            </fields>
            <endianness>1</endianness>
            <time>-1.0</time>
            <offset>0.0</offset>
        </str-tunarray-element>
        <str-tunarray-element>
            <fields>
                <str-tunarray-element>
                    <data-fieldset>
                        <matcher>
                            <type>8</type>
                            <id>0</id>
                            <nbits>8</nbits>
                            <value>170</value>
                            <mask>255</mask>
                            <is_dyn>0</is_dyn>
                        </matcher>
                    </data-fieldset>
                </str-tunarray-element>
                <str-tunarray-element>
                    <data-fieldset>
                        <uinteger16>
                            <type>2</type>
                            <id>1151</id>
                            <min>0.0</min>
                            <max>65535.0</max>
                        </uinteger16>
                    </data-fieldset>
                </str-tunarray-element>
                <str-tunarray-element>
                    <data-fieldset>
                        <uinteger16>
                            <type>2</type>
                            <id>1152</id>
                            <min>0.0</min>
                            <max>65535.0</max>
                        </uinteger16>
                    </data-fieldset>
                </str-tunarray-element>
                <str-tunarray-element>
                    <data-fieldset>
                        <uinteger16>
                            <type>2</type>
                            <id>1153</id>
                            <min>0.0</min>
                            <max>65535.0</max>
                        </uinteger16>
                    </data-fieldset>
                </str-tunarray-element>
                <str-tunarray-element>
                    <data-fieldset>
                        <uinteger16>
                            <type>2</type>
                            <id>1154</id>
                            <min>0.0</min>
                            <max>65535.0</max>
                        </uinteger16>
                    </data-fieldset>
                </str-tunarray-element>
                <str-tunarray-element>
                    <data-fieldset>
                        <uinteger16>
                            <type>2</type>
                            <id>1114</id>
                            <min>0.0</min>
                            <max>65535.0</max>
                        </uinteger16>
                    </data-fieldset>
                </str-tunarray-element>
                <str-tunarray-element>
                    <data-fieldset>
                        <uinteger16>
                            <type>2</type>
                            <id>1115</id>
                            <min>0.0</min>
                            <max>65535.0</max>
                        </uinteger16>
                    </data-fieldset>
                </str-tunarray-element>
                <str-tunarray-element>
                    <data-fieldset>
                        <bit>
                            <type>3</type>
                            <id>1306</id>
                        </bit>
                    </data-fieldset>
                </str-tunarray-element>
                <str-tunarray-element>
                    <data-fieldset>
                        <uinteger16>
                            <type>2</type>
                            <id>1128</id>
                            <min>0.0</min>
                            <max>3.0</max>
                        </uinteger16>
                    </data-fieldset>
                </str-tunarray-element>
                <str-tunarray-element>
                    <data-fieldset>
                        <uinteger16>
                            <type>2</type>
                            <id>1129</id>
                            <min>0.0</min>
                            <max>3.0</max>
                        </uinteger16>
                    </data-fieldset>
                </str-tunarray-element>
                <str-tunarray-element>
                    <data-fieldset>
                        <uinteger16>
                            <type>2</type>
                            <id>1130</id>
                            <min>0.0</min>
                            <max>3.0</max>
                        </uinteger16>
                    </data-fieldset>
                </str-tunarray-element>
                <str-tunarray-element>
                    <data-fieldset>
                        <matcher>
                            <type>8</type>
                            <id>0</id>
                            <nbits>1</nbits>
                            <value>0</value>
                            <mask>1</mask>
                            <is_dyn>0</is_dyn>
                        </matcher>
                    </data-fieldset>
                </str-tunarray-element>
                <str-tunarray-element>
                    <data-fieldset>
                        <real-ibits>
                            <type>6</type>
                            <id>3232</id>
                            <min>0.0</min>
                            <max>1.0E-9</max>
                            <umin>0</umin>
                            <umax>1</umax>
                            <nbits>32</nbits>
                        </real-ibits>
                    </data-fieldset>
                </str-tunarray-element>
                <str-tunarray-element>
                    <data-fieldset>
                        <real-ibits>
                            <type>6</type>
                            <id>3233</id>
                            <min>0.0</min>
                            <max>1.0E-9</max>
                            <umin>0</umin>
                            <umax>1</umax>
                            <nbits>32</nbits>
                        </real-ibits>
                    </data-fieldset>
                </str-tunarray-element>
                <str-tunarray-element>
                    <data-fieldset>
                        <real-ibits>
                            <type>6</type>
                            <id>3238</id>
                            <min>0.0</min>
                            <max>0.1</max>
                            <umin>0</umin>
                            <umax>1</umax>
                            <nbits>16</nbits>
                        </real-ibits>
                    </data-fieldset>
                </str-tunarray-element>
                <str-tunarray-element>
                    <data-fieldset>
                        <uinteger16>
                            <type>2</type>
                            <id>1146</id>
                            <min>0.0</min>
                            <max>65535.0</max>
                        </uinteger16>
                    </data-fieldset>
                </str-tunarray-element>
                <str-tunarray-element>
                    <data-fieldset>
                        <uinteger16>
                            <type>2</type>
                            <id>1147</id>
                            <min>0.0</min>
                            <max>65535.0</max>
                        </uinteger16>
                    </data-fieldset>
                </str-tunarray-element>
                <str-tunarray-element>
                    <data-fieldset>
                        <uinteger16>
                            <type>2</type>
                            <id>1148</id>
                            <min>0.0</min>
                            <max>65535.0</max>
                        </uinteger16>
                    </data-fieldset>
                </str-tunarray-element>
                <str-tunarray-element>
                    <data-fieldset>
                        <uinteger16>
                            <type>2</type>
                            <id>1149</id>
                            <min>0.0</min>
                            <max>65535.0</max>
                        </uinteger16>
                    </data-fieldset>
                </str-tunarray-element>
                <str-tunarray-element>
                    <data-fieldset>
                        <uinteger16>
                            <type>2</type>
                            <id>1117</id>
                            <min>0.0</min>
                            <max>65535.0</max>
                        </uinteger16>
                    </data-fieldset>
                </str-tunarray-element>
                <str-tunarray-element>
                    <data-fieldset>
                        <uinteger16>
                            <type>2</type>
                            <id>1100</id>
                            <min>0.0</min>
                            <max>63.0</max>
                        </uinteger16>
                    </data-fieldset>
                </str-tunarray-element>
                <str-tunarray-element>
                    <data-fieldset>
                        <uinteger16>
                            <type>2</type>
                            <id>1131</id>
                            <min>0.0</min>
                            <max>3.0</max>
                        </uinteger16>
                    </data-fieldset>
                </str-tunarray-element>
                <str-tunarray-element>
                    <data-fieldset>
                        <uinteger16>
                            <type>2</type>
                            <id>1132</id>
                            <min>0.0</min>
                            <max>255.0</max>
                        </uinteger16>
                    </data-fieldset>
                </str-tunarray-element>
                <str-tunarray-element>
                    <data-fieldset>
                        <uinteger16>
                            <type>2</type>
                            <id>1116</id>
                            <min>0.0</min>
                            <max>65535.0</max>
                        </uinteger16>
                    </data-fieldset>
                </str-tunarray-element>
                <str-tunarray-element>
                    <data-fieldset>
                        <uinteger16>
                            <type>2</type>
                            <id>1101</id>
                            <min>0.0</min>
                            <max>255.0</max>
                        </uinteger16>
                    </data-fieldset>
                </str-tunarray-element>
                <str-tunarray-element>
                    <data-fieldset>
                        <uinteger16>
                            <type>2</type>
                            <id>1102</id>
                            <min>0.0</min>
                            <max>255.0</max>
                        </uinteger16>
                    </data-fieldset>
                </str-tunarray-element>
                <str-tunarray-element>
                    <data-fieldset>
                        <uinteger16>
                            <type>2</type>
                            <id>1103</id>
                            <min>0.0</min>
                            <max>255.0</max>
                        </uinteger16>
                    </data-fieldset>
                </str-tunarray-element>
                <str-tunarray-element>
                    <data-fieldset>
                        <checksum>
                            <type>7</type>
                            <id>0</id>
                            <bytes-back-from>41</bytes-back-from>
                            <bytes-back-to>0</bytes-back-to>
                            <endn>1</endn>
                            <dmode>0</dmode>
                            <crc>
                                <nbits>16</nbits>
                                <polynomial>54277</polynomial>
                                <start-value>0</start-value>
                                <final-xor>0</final-xor>
                                <reflect-in>0</reflect-in>
                                <reflect-out>0</reflect-out>
                            </crc>
                        </checksum>
                    </data-fieldset>
                </str-tunarray-element>
            </fields>
            <endianness>1</endianness>
            <time>0.9</time>
            <offset>0.0</offset>
        </str-tunarray-element>
        <str-tunarray-element>
            <fields>
                <str-tunarray-element>
                    <data-fieldset>
                        <matcher>
                            <type>8</type>
                            <id>0</id>
                            <nbits>8</nbits>
                            <value>85</value>
                            <mask>255</mask>
                            <is_dyn>0</is_dyn>
                        </matcher>
                    </data-fieldset>
                </str-tunarray-element>
                <str-tunarray-element>
                    <data-fieldset>
                        <skip>
                            <type>9</type>
                            <id>0</id>
                            <nbits>8</nbits>
                        </skip>
                    </data-fieldset>
                </str-tunarray-element>
                <str-tunarray-element>
                    <data-fieldset>
                        <uinteger16>
                            <type>2</type>
                            <id>1109</id>
                            <min>0.0</min>
                            <max>255.0</max>
                        </uinteger16>
                    </data-fieldset>
                </str-tunarray-element>
                <str-tunarray-element>
                    <data-fieldset>
                        <uinteger16>
                            <type>2</type>
                            <id>1126</id>
                            <min>0.0</min>
                            <max>65535.0</max>
                        </uinteger16>
                    </data-fieldset>
                </str-tunarray-element>
                <str-tunarray-element>
                    <data-fieldset>
                        <uinteger16>
                            <type>2</type>
                            <id>1127</id>
                            <min>0.0</min>
                            <max>65535.0</max>
                        </uinteger16>
                    </data-fieldset>
                </str-tunarray-element>
                <str-tunarray-element>
                    <data-fieldset>
                        <real-ubits>
                            <type>5</type>
                            <id>3237</id>
                            <min>0.0</min>
                            <max>1.0</max>
                            <umin>0</umin>
                            <umax>1</umax>
                            <nbits>32</nbits>
                        </real-ubits>
                    </data-fieldset>
                </str-tunarray-element>
                <str-tunarray-element>
                    <data-fieldset>
                        <checksum>
                            <type>7</type>
                            <id>0</id>
                            <bytes-back-from>11</bytes-back-from>
                            <bytes-back-to>0</bytes-back-to>
                            <endn>1</endn>
                            <dmode>0</dmode>
                            <crc>
                                <nbits>16</nbits>
                                <polynomial>54277</polynomial>
                                <start-value>0</start-value>
                                <final-xor>0</final-xor>
                                <reflect-in>0</reflect-in>
                                <reflect-out>0</reflect-out>
                            </crc>
                        </checksum>
                    </data-fieldset>
                </str-tunarray-element>
                <str-tunarray-element>
                    <data-fieldset>
                        <uinteger16>
                            <type>2</type>
                            <id>1124</id>
                            <min>0.0</min>
                            <max>255.0</max>
                        </uinteger16>
                    </data-fieldset>
                </str-tunarray-element>
                <str-tunarray-element>
                    <data-fieldset>
                        <uinteger16>
                            <type>2</type>
                            <id>1125</id>
                            <min>0.0</min>
                            <max>255.0</max>
                        </uinteger16>
                    </data-fieldset>
                </str-tunarray-element>
            </fields>
            <endianness>1</endianness>
            <time>1.1</time>
            <offset>0.0</offset>
        </str-tunarray-element>
        <str-tunarray-element>
            <fields>
                <str-tunarray-element>
                    <data-fieldset>
                        <matcher>
                            <type>8</type>
                            <id>0</id>
                            <nbits>8</nbits>
                            <value>102</value>
                            <mask>255</mask>
                            <is_dyn>0</is_dyn>
                        </matcher>
                    </data-fieldset>
                </str-tunarray-element>
                <str-tunarray-element>
                    <data-fieldset>
                        <real-ubits>
                            <type>5</type>
                            <id>3237</id>
                            <min>0.0</min>
                            <max>1.0</max>
                            <umin>0</umin>
                            <umax>1</umax>
                            <nbits>32</nbits>
                        </real-ubits>
                    </data-fieldset>
                </str-tunarray-element>
                <str-tunarray-element>
                    <data-fieldset>
                        <matcher>
                            <type>8</type>
                            <id>1114</id>
                            <nbits>16</nbits>
                            <value>0</value>
                            <mask>65535</mask>
                            <is_dyn>1</is_dyn>
                        </matcher>
                    </data-fieldset>
                </str-tunarray-element>
                <str-tunarray-element>
                    <data-fieldset>
                        <matcher>
                            <type>8</type>
                            <id>1115</id>
                            <nbits>16</nbits>
                            <value>0</value>
                            <mask>65535</mask>
                            <is_dyn>1</is_dyn>
                        </matcher>
                    </data-fieldset>
                </str-tunarray-element>
                <str-tunarray-element>
                    <data-fieldset>
                        <uinteger16>
                            <type>2</type>
                            <id>1120</id>
                            <min>0.0</min>
                            <max>65535.0</max>
                        </uinteger16>
                    </data-fieldset>
                </str-tunarray-element>
                <str-tunarray-element>
                    <data-fieldset>
                        <uinteger16>
                            <type>2</type>
                            <id>1121</id>
                            <min>0.0</min>
                            <max>65535.0</max>
                        </uinteger16>
                    </data-fieldset>
                </str-tunarray-element>
                <str-tunarray-element>
                    <data-fieldset>
                        <uinteger16>
                            <type>2</type>
                            <id>1110</id>
                            <min>0.0</min>
                            <max>255.0</max>
                        </uinteger16>
                    </data-fieldset>
                </str-tunarray-element>
                <str-tunarray-element>
                    <data-fieldset>
                        <uinteger16>
                            <type>2</type>
                            <id>1111</id>
                            <min>0.0</min>
                            <max>255.0</max>
                        </uinteger16>
                    </data-fieldset>
                </str-tunarray-element>
                <str-tunarray-element>
                    <data-fieldset>
                        <uinteger16>
                            <type>2</type>
                            <id>1155</id>
                            <min>0.0</min>
                            <max>65535.0</max>
                        </uinteger16>
                    </data-fieldset>
                </str-tunarray-element>
                <str-tunarray-element>
                    <data-fieldset>
                        <uinteger16>
                            <type>2</type>
                            <id>1156</id>
                            <min>0.0</min>
                            <max>65535.0</max>
                        </uinteger16>
                    </data-fieldset>
                </str-tunarray-element>
                <str-tunarray-element>
                    <data-fieldset>
                        <uinteger16>
                            <type>2</type>
                            <id>1157</id>
                            <min>0.0</min>
                            <max>65535.0</max>
                        </uinteger16>
                    </data-fieldset>
                </str-tunarray-element>
                <str-tunarray-element>
                    <data-fieldset>
                        <uinteger16>
                            <type>2</type>
                            <id>1158</id>
                            <min>0.0</min>
                            <max>65535.0</max>
                        </uinteger16>
                    </data-fieldset>
                </str-tunarray-element>
                <str-tunarray-element>
                    <data-fieldset>
                        <uinteger16>
                            <type>2</type>
                            <id>1159</id>
                            <min>0.0</min>
                            <max>65535.0</max>
                        </uinteger16>
                    </data-fieldset>
                </str-tunarray-element>
                <str-tunarray-element>
                    <data-fieldset>
                        <uinteger16>
                            <type>2</type>
                            <id>1160</id>
                            <min>0.0</min>
                            <max>65535.0</max>
                        </uinteger16>
                    </data-fieldset>
                </str-tunarray-element>
                <str-tunarray-element>
                    <data-fieldset>
                        <checksum>
                            <type>7</type>
                            <id>0</id>
                            <bytes-back-from>27</bytes-back-from>
                            <bytes-back-to>0</bytes-back-to>
                            <endn>1</endn>
                            <dmode>0</dmode>
                            <crc>
                                <nbits>16</nbits>
                                <polynomial>54277</polynomial>
                                <start-value>0</start-value>
                                <final-xor>0</final-xor>
                                <reflect-in>0</reflect-in>
                                <reflect-out>0</reflect-out>
                            </crc>
                        </checksum>
                    </data-fieldset>
                </str-tunarray-element>
                <str-tunarray-element>
                    <data-fieldset>
                        <uinteger16>
                            <type>2</type>
                            <id>1124</id>
                            <min>0.0</min>
                            <max>255.0</max>
                        </uinteger16>
                    </data-fieldset>
                </str-tunarray-element>
                <str-tunarray-element>
                    <data-fieldset>
                        <uinteger16>
                            <type>2</type>
                            <id>1125</id>
                            <min>0.0</min>
                            <max>255.0</max>
                        </uinteger16>
                    </data-fieldset>
                </str-tunarray-element>
            </fields>
            <endianness>1</endianness>
            <time>1.0</time>
            <offset>0.0</offset>
        </str-tunarray-element>
        <str-tunarray-element>
            <fields>
                <str-tunarray-element>
                    <data-fieldset>
                        <matcher>
                            <type>8</type>
                            <id>0</id>
                            <nbits>8</nbits>
                            <value>153</value>
                            <mask>255</mask>
                            <is_dyn>0</is_dyn>
                        </matcher>
                    </data-fieldset>
                </str-tunarray-element>
                <str-tunarray-element>
                    <data-fieldset>
                        <real-ubits>
                            <type>5</type>
                            <id>3237</id>
                            <min>0.0</min>
                            <max>1.0</max>
                            <umin>0</umin>
                            <umax>1</umax>
                            <nbits>32</nbits>
                        </real-ubits>
                    </data-fieldset>
                </str-tunarray-element>
                <str-tunarray-element>
                    <data-fieldset>
                        <matcher>
                            <type>8</type>
                            <id>1114</id>
                            <nbits>16</nbits>
                            <value>0</value>
                            <mask>65535</mask>
                            <is_dyn>1</is_dyn>
                        </matcher>
                    </data-fieldset>
                </str-tunarray-element>
                <str-tunarray-element>
                    <data-fieldset>
                        <matcher>
                            <type>8</type>
                            <id>1115</id>
                            <nbits>16</nbits>
                            <value>0</value>
                            <mask>65535</mask>
                            <is_dyn>1</is_dyn>
                        </matcher>
                    </data-fieldset>
                </str-tunarray-element>
                <str-tunarray-element>
                    <data-fieldset>
                        <uinteger16>
                            <type>2</type>
                            <id>1120</id>
                            <min>0.0</min>
                            <max>65535.0</max>
                        </uinteger16>
                    </data-fieldset>
                </str-tunarray-element>
                <str-tunarray-element>
                    <data-fieldset>
                        <uinteger16>
                            <type>2</type>
                            <id>1121</id>
                            <min>0.0</min>
                            <max>65535.0</max>
                        </uinteger16>
                    </data-fieldset>
                </str-tunarray-element>
                <str-tunarray-element>
                    <data-fieldset>
                        <uinteger16>
                            <type>2</type>
                            <id>1113</id>
                            <min>0.0</min>
                            <max>255.0</max>
                        </uinteger16>
                    </data-fieldset>
                </str-tunarray-element>
                <str-tunarray-element>
                    <data-fieldset>
                        <uinteger16>
                            <type>2</type>
                            <id>1133</id>
                            <min>0.0</min>
                            <max>65535.0</max>
                        </uinteger16>
                    </data-fieldset>
                </str-tunarray-element>
                <str-tunarray-element>
                    <data-fieldset>
                        <uinteger16>
                            <type>2</type>
                            <id>1134</id>
                            <min>0.0</min>
                            <max>65535.0</max>
                        </uinteger16>
                    </data-fieldset>
                </str-tunarray-element>
                <str-tunarray-element>
                    <data-fieldset>
                        <uinteger16>
                            <type>2</type>
                            <id>1135</id>
                            <min>0.0</min>
                            <max>65535.0</max>
                        </uinteger16>
                    </data-fieldset>
                </str-tunarray-element>
                <str-tunarray-element>
                    <data-fieldset>
                        <uinteger16>
                            <type>2</type>
                            <id>1136</id>
                            <min>0.0</min>
                            <max>65535.0</max>
                        </uinteger16>
                    </data-fieldset>
                </str-tunarray-element>
                <str-tunarray-element>
                    <data-fieldset>
                        <uinteger16>
                            <type>2</type>
                            <id>1137</id>
                            <min>0.0</min>
                            <max>255.0</max>
                        </uinteger16>
                    </data-fieldset>
                </str-tunarray-element>
                <str-tunarray-element>
                    <data-fieldset>
                        <checksum>
                            <type>7</type>
                            <id>0</id>
                            <bytes-back-from>23</bytes-back-from>
                            <bytes-back-to>0</bytes-back-to>
                            <endn>1</endn>
                            <dmode>0</dmode>
                            <crc>
                                <nbits>16</nbits>
                                <polynomial>54277</polynomial>
                                <start-value>0</start-value>
                                <final-xor>0</final-xor>
                                <reflect-in>0</reflect-in>
                                <reflect-out>0</reflect-out>
                            </crc>
                        </checksum>
                    </data-fieldset>
                </str-tunarray-element>
                <str-tunarray-element>
                    <data-fieldset>
                        <uinteger16>
                            <type>2</type>
                            <id>1124</id>
                            <min>0.0</min>
                            <max>255.0</max>
                        </uinteger16>
                    </data-fieldset>
                </str-tunarray-element>
                <str-tunarray-element>
                    <data-fieldset>
                        <uinteger16>
                            <type>2</type>
                            <id>1125</id>
                            <min>0.0</min>
                            <max>255.0</max>
                        </uinteger16>
                    </data-fieldset>
                </str-tunarray-element>
            </fields>
            <endianness>1</endianness>
            <time>1.0</time>
            <offset>0.0</offset>
        </str-tunarray-element>
    </data>
</entry-fmset>
