<entry-actions>
    <id>83</id>
    <filename>actions.bin</filename>
    <version>
        <major>7</major>
        <minor>3</minor>
        <revision>1</revision>
    </version>
    <data>
        <action-array>
            <str-tunarray-element str-tunarray-key="0">
                <data>
                    <acset-tx>
                        <type>0</type>
                        <idCfg>185</idCfg>
                        <str>
                            <tx>
                                <producer>0</producer>
                                <custom-message>0</custom-message>
                            </tx>
                        </str>
                    </acset-tx>
                </data>
            </str-tunarray-element>
            <str-tunarray-element str-tunarray-key="1">
                <data>
                    <msg-sender-cmd>
                        <type>0</type>
                        <idCfg>199</idCfg>
                        <str>
                            <message_type>57485</message_type>
                            <address>24</address>
                        </str>
                    </msg-sender-cmd>
                </data>
            </str-tunarray-element>
            <str-tunarray-element str-tunarray-key="2">
                <data>
                    <msg-sender-cmd>
                        <type>0</type>
                        <idCfg>199</idCfg>
                        <str>
                            <message_type>57491</message_type>
                            <address>24</address>
                        </str>
                    </msg-sender-cmd>
                </data>
            </str-tunarray-element>
        </action-array>
    </data>
</entry-actions>
