<entry-events>
    <id>82</id>
    <filename>events.bin</filename>
    <version>
        <major>7</major>
        <minor>3</minor>
        <revision>1</revision>
    </version>
    <data>
        <str-tunarray-element str-tunarray-key="0">
            <data>
                <type>15</type>
                <duration>0.0</duration>
                <idx>65535</idx>
                <indexes>
                    <str-tunarray-element>514</str-tunarray-element>
                </indexes>
            </data>
        </str-tunarray-element>
        <str-tunarray-element str-tunarray-key="1">
            <data>
                <type>15</type>
                <duration>0.0</duration>
                <idx>65535</idx>
                <indexes>
                    <str-tunarray-element>513</str-tunarray-element>
                </indexes>
            </data>
        </str-tunarray-element>
        <str-tunarray-element str-tunarray-key="3">
            <data>
                <type>16</type>
                <duration>0.0</duration>
                <idx>65535</idx>
                <indexes>
                    <str-tunarray-element>149</str-tunarray-element>
                </indexes>
            </data>
        </str-tunarray-element>
    </data>
</entry-events>
