<entry-can-suite-out>
    <id>289</id>
    <filename>can_out.bin</filename>
    <version>
        <major>7</major>
        <minor>3</minor>
        <revision>1</revision>
    </version>
    <data>
        <can-out>
            <str-tunarray-element>
                <port>4</port>
            </str-tunarray-element>
            <str-tunarray-element>
                <port>4</port>
            </str-tunarray-element>
            <str-tunarray-element>
                <port>1</port>
            </str-tunarray-element>
            <str-tunarray-element>
                <port>3</port>
            </str-tunarray-element>
            <str-tunarray-element>
                <port>3</port>
            </str-tunarray-element>
            <str-tunarray-element>
                <port>3</port>
            </str-tunarray-element>
        </can-out>
    </data>
</entry-can-suite-out>
