<entry-amz-radio-st>
    <id>490</id>
    <filename>amz_radio_st.bin</filename>
    <version>
        <major>7</major>
        <minor>3</minor>
        <revision>1</revision>
    </version>
    <data>
        <reg_values>
            <str-tunarray-element>
                <reg>0</reg>
                <value>1</value>
            </str-tunarray-element>
            <str-tunarray-element>
                <reg>51</reg>
                <value>0</value>
            </str-tunarray-element>
            <str-tunarray-element>
                <reg>101</reg>
                <value>2</value>
            </str-tunarray-element>
            <str-tunarray-element>
                <reg>102</reg>
                <value>1</value>
            </str-tunarray-element>
            <str-tunarray-element>
                <reg>108</reg>
                <value>20</value>
            </str-tunarray-element>
            <str-tunarray-element>
                <reg>110</reg>
                <value>1</value>
            </str-tunarray-element>
            <str-tunarray-element>
                <reg>113</reg>
                <value>0</value>
            </str-tunarray-element>
            <str-tunarray-element>
                <reg>115</reg>
                <value>0</value>
            </str-tunarray-element>
            <str-tunarray-element>
                <reg>127</reg>
                <value>0</value>
            </str-tunarray-element>
            <str-tunarray-element>
                <reg>128</reg>
                <value>0</value>
            </str-tunarray-element>
            <str-tunarray-element>
                <reg>133</reg>
                <value>0</value>
            </str-tunarray-element>
            <str-tunarray-element>
                <reg>136</reg>
                <value>0</value>
            </str-tunarray-element>
            <str-tunarray-element>
                <reg>142</reg>
                <value>0</value>
            </str-tunarray-element>
            <str-tunarray-element>
                <reg>153</reg>
                <value>2</value>
            </str-tunarray-element>
            <str-tunarray-element>
                <reg>158</reg>
                <value>1</value>
            </str-tunarray-element>
            <str-tunarray-element>
                <reg>167</reg>
                <value>0</value>
            </str-tunarray-element>
            <str-tunarray-element>
                <reg>186</reg>
                <value>0</value>
            </str-tunarray-element>
            <str-tunarray-element>
                <reg>226</reg>
                <value>1</value>
            </str-tunarray-element>
            <str-tunarray-element>
                <reg>231</reg>
                <value>0</value>
            </str-tunarray-element>
            <str-tunarray-element>
                <reg>233</reg>
                <value>30</value>
            </str-tunarray-element>
        </reg_values>
    </data>
</entry-amz-radio-st>
