<entry-amz-radio-dyn>
    <id>493</id>
    <filename>amz_radio_dyn.bin</filename>
    <version>
        <major>7</major>
        <minor>3</minor>
        <revision>1</revision>
    </version>
    <data>
        <!-- The `is_persistent_pdi` tag is only needed for tooling. It is not used by the firmware. -->
        <is_persistent_pdi>1</is_persistent_pdi>
        <!-- The following values are used by firmware -->
        <freq_table>
            <str-tunarray-element>
                <nchannel>1</nchannel>
                <freq>451800000</freq>
                <bandwidth>2</bandwidth>
                <ch-dir>2</ch-dir>
            </str-tunarray-element>
            <str-tunarray-element>
                <nchannel>2</nchannel>
                <freq>451812500</freq>
                <bandwidth>2</bandwidth>
                <ch-dir>2</ch-dir>
            </str-tunarray-element>
            <str-tunarray-element>
                <nchannel>3</nchannel>
                <freq>456800000</freq>
                <bandwidth>2</bandwidth>
                <ch-dir>2</ch-dir>
            </str-tunarray-element>
            <str-tunarray-element>
                <nchannel>4</nchannel>
                <freq>456812500</freq>
                <bandwidth>2</bandwidth>
                <ch-dir>2</ch-dir>
            </str-tunarray-element>
            <str-tunarray-element>
                <nchannel>5</nchannel>
                <freq>464500000</freq>
                <bandwidth>2</bandwidth>
                <ch-dir>2</ch-dir>
            </str-tunarray-element>
            <str-tunarray-element>
                <nchannel>6</nchannel>
                <freq>464550000</freq>
                <bandwidth>2</bandwidth>
                <ch-dir>2</ch-dir>
            </str-tunarray-element>
            <str-tunarray-element>
                <nchannel>7</nchannel>
                <freq>469500000</freq>
                <bandwidth>2</bandwidth>
                <ch-dir>2</ch-dir>
            </str-tunarray-element>
            <str-tunarray-element>
                <nchannel>8</nchannel>
                <freq>469550000</freq>
                <bandwidth>2</bandwidth>
                <ch-dir>2</ch-dir>
            </str-tunarray-element>
        </freq_table>
        <reg_values>
            <str-tunarray-element>
                <reg>108</reg>
                <value>33</value>
            </str-tunarray-element>
            <str-tunarray-element>
                <reg>125</reg>
                <value>1</value>
            </str-tunarray-element>
            <str-tunarray-element>
                <reg>103</reg>
                <value>5</value>
            </str-tunarray-element>
        </reg_values>
        <call_sign>
            <reg>228</reg>
            <value></value>
        </call_sign>
    </data>
</entry-amz-radio-dyn>
