<entry-varini>
    <id>6</id>
    <filename>varini.bin</filename>
    <version>
        <major>7</major>
        <minor>3</minor>
        <revision>1</revision>
    </version>
    <data>
        <str-tunarray-element>
            <vtype>3</vtype>
            <id>1320</id>
            <val0>1.0</val0>
        </str-tunarray-element>
        <str-tunarray-element>
            <vtype>3</vtype>
            <id>1318</id>
            <val0>0.0</val0>
        </str-tunarray-element>
    </data>
</entry-varini>
