<entry-fstr100>
    <id>62</id>
    <filename>fstr100.bin</filename>
    <version>
        <major>7</major>
        <minor>3</minor>
        <revision>1</revision>
    </version>
    <data>
        <str-tunarray-element>
            <data-fieldset>
                <real-float32>
                    <type>0</type>
                    <id>300</id>
                    <scale>1.0</scale>
                </real-float32>
            </data-fieldset>
        </str-tunarray-element>
    </data>
</entry-fstr100>
