<entry-imu2>
    <id>256</id>
    <filename>imu2.bin</filename>
    <version>
        <major>7</major>
        <minor>3</minor>
        <revision>1</revision>
    </version>
    <data>
        <accRange>2</accRange>
        <accODR>12</accODR>
        <accBWP>160</accBWP>
        <accMaxNvSamples>30</accMaxNvSamples>
        <gyrRange>0</gyrRange>
        <gyrOdrBw>2</gyrOdrBw>
        <gyrMaxNvSamples>30</gyrMaxNvSamples>
        <acc_max_delta>235.3596</acc_max_delta>
        <gyr_max_delta>69.81317</gyr_max_delta>
    </data>
</entry-imu2>
