<entry-can-suite-sc>
    <id>290</id>
    <filename>can_sc.bin</filename>
    <version>
        <major>7</major>
        <minor>3</minor>
        <revision>1</revision>
    </version>
    <data>
        <serial-can>
            <str-tunarray-element>
                <can-id>
                    <ext>0</ext>
                    <id>1302</id>
                </can-id>
                <timeout>6.7E-4</timeout>
            </str-tunarray-element>
            <str-tunarray-element>
                <can-id>
                    <ext>0</ext>
                    <id>1302</id>
                </can-id>
                <timeout>6.7E-4</timeout>
            </str-tunarray-element>
            <str-tunarray-element>
                <can-id>
                    <ext>0</ext>
                    <id>1302</id>
                </can-id>
                <timeout>6.7E-4</timeout>
            </str-tunarray-element>
            <str-tunarray-element>
                <can-id>
                    <ext>0</ext>
                    <id>1302</id>
                </can-id>
                <timeout>6.7E-4</timeout>
            </str-tunarray-element>
            <str-tunarray-element>
                <can-id>
                    <ext>0</ext>
                    <id>1302</id>
                </can-id>
                <timeout>6.7E-4</timeout>
            </str-tunarray-element>
            <str-tunarray-element>
                <can-id>
                    <ext>0</ext>
                    <id>1302</id>
                </can-id>
                <timeout>6.7E-4</timeout>
            </str-tunarray-element>
        </serial-can>
    </data>
</entry-can-suite-sc>
