<entry-ports>
    <id>64</id>
    <filename>ports.bin</filename>
    <version>
        <major>7</major>
        <minor>3</minor>
        <revision>1</revision>
    </version>
    <data>
        <tables>
            <str-tunarray-element>
                <str-tunarray-element>
                    <dst_addr>
                        <uav>2</uav>
                    </dst_addr>
                    <dst_mask>
                        <uav>4294967295</uav>
                    </dst_mask>
                    <ports>1023</ports>
                </str-tunarray-element>
                <str-tunarray-element>
                    <dst_addr>
                        <uav>24</uav>
                    </dst_addr>
                    <dst_mask>
                        <uav>4294967294</uav>
                    </dst_mask>
                    <ports>1</ports>
                </str-tunarray-element>
                <str-tunarray-element>
                    <dst_addr>
                        <uav>21</uav>
                    </dst_addr>
                    <dst_mask>
                        <uav>4294967295</uav>
                    </dst_mask>
                    <ports>1</ports>
                </str-tunarray-element>
                <str-tunarray-element>
                    <dst_addr>
                        <uav>28</uav>
                    </dst_addr>
                    <dst_mask>
                        <uav>4294967295</uav>
                    </dst_mask>
                    <ports>1</ports>
                </str-tunarray-element>
                <str-tunarray-element>
                    <dst_addr>
                        <uav>10</uav>
                    </dst_addr>
                    <dst_mask>
                        <uav>4294967288</uav>
                    </dst_mask>
                    <ports>1</ports>
                </str-tunarray-element>
                <str-tunarray-element>
                    <dst_addr>
                        <uav>31</uav>
                    </dst_addr>
                    <dst_mask>
                        <uav>4294967295</uav>
                    </dst_mask>
                    <ports>2</ports>
                </str-tunarray-element>
                <str-tunarray-element>
                    <dst_addr>
                        <uav>33</uav>
                    </dst_addr>
                    <dst_mask>
                        <uav>4294967295</uav>
                    </dst_mask>
                    <ports>2</ports>
                </str-tunarray-element>
                <str-tunarray-element>
                    <dst_addr>
                        <uav>4</uav>
                    </dst_addr>
                    <dst_mask>
                        <uav>4294967280</uav>
                    </dst_mask>
                    <ports>2</ports>
                </str-tunarray-element>
                <str-tunarray-element>
                    <dst_addr>
                        <uav>42</uav>
                    </dst_addr>
                    <dst_mask>
                        <uav>4294967288</uav>
                    </dst_mask>
                    <ports>4</ports>
                </str-tunarray-element>
                <str-tunarray-element>
                    <dst_addr>
                        <uav>54</uav>
                    </dst_addr>
                    <dst_mask>
                        <uav>4294967295</uav>
                    </dst_mask>
                    <ports>4</ports>
                </str-tunarray-element>
                <str-tunarray-element>
                    <dst_addr>
                        <uav>0</uav>
                    </dst_addr>
                    <dst_mask>
                        <uav>4294967288</uav>
                    </dst_mask>
                    <ports>4</ports>
                </str-tunarray-element>
                <str-tunarray-element>
                    <dst_addr>
                        <uav>0</uav>
                    </dst_addr>
                    <dst_mask>
                        <uav>0</uav>
                    </dst_mask>
                    <ports>1023</ports>
                </str-tunarray-element>
            </str-tunarray-element>
        </tables>
        <ttl>0</ttl>
        <curr_table>0</curr_table>
    </data>
</entry-ports>
