<entry-ubx0>
    <id>13</id>
    <filename>ubx0.bin</filename>
    <version>
        <major>7</major>
        <minor>3</minor>
        <revision>1</revision>
    </version>
    <data>
        <port_spi>
            <port_id>1</port_id>
            <reserved0>0</reserved0>
            <tx_ready>0</tx_ready>
            <mode>2240</mode>
            <baudRate>115200</baudRate>
            <in_proto_mask>1</in_proto_mask>
            <out_proto_mask>1</out_proto_mask>
            <flags>0</flags>
            <reserved5>0</reserved5>
            <reserved6>0</reserved6>
        </port_spi>
        <port_sci>
            <port_id>1</port_id>
            <reserved0>0</reserved0>
            <tx_ready>0</tx_ready>
            <mode>2240</mode>
            <baudRate>115200</baudRate>
            <in_proto_mask>1</in_proto_mask>
            <out_proto_mask>1</out_proto_mask>
            <flags>0</flags>
            <reserved5>0</reserved5>
            <reserved6>0</reserved6>
        </port_sci>
        <nav5>
            <mask>1463</mask>
            <dynmodel>8</dynmodel>
            <fixmode>2</fixmode>
            <fixedAlt>0</fixedAlt>
            <fixedAltVar>1</fixedAltVar>
            <minElev>5</minElev>
            <reserved0>0</reserved0>
            <pDop>2500</pDop>
            <tDop>10000</tDop>
            <pAcc>100</pAcc>
            <tAcc>100</tAcc>
            <staticHoldThresh>0</staticHoldThresh>
            <dgnssTimeout>60</dgnssTimeout>
            <cnoThreshNumSVs>4</cnoThreshNumSVs>
            <cnoThresh>0</cnoThresh>
            <reserved1>0</reserved1>
            <reserved2>0</reserved2>
            <staticHoldMaxDist>0</staticHoldMaxDist>
            <utcStandard>0</utcStandard>
            <reserved3>0</reserved3>
            <reserved4>0</reserved4>
            <reserved5>0</reserved5>
            <reserved6>0</reserved6>
            <reserved7>0</reserved7>
        </nav5>
        <navx5>
            <version>2</version>
            <mask1>26188</mask1>
            <mask2>0</mask2>
            <reserved0>0</reserved0>
            <reserved1>0</reserved1>
            <minSVs>4</minSVs>
            <maxSVs>20</maxSVs>
            <minCNO>6</minCNO>
            <reserved2>0</reserved2>
            <iniFix3D>1</iniFix3D>
            <reserved3>0</reserved3>
            <reserved4>0</reserved4>
            <ackAiding>1</ackAiding>
            <wknRollover>0</wknRollover>
            <sigAttenCompMode>0</sigAttenCompMode>
            <reserved5>0</reserved5>
            <reserved6>0</reserved6>
            <reserved7>0</reserved7>
            <reserved8>0</reserved8>
            <reserved9>0</reserved9>
            <ppp>0</ppp>
            <aopCfg>0</aopCfg>
            <reserved10>0</reserved10>
            <reserved11>0</reserved11>
            <aopOrbMaxErr>0</aopOrbMaxErr>
            <reserved12>0</reserved12>
            <reserved13>0</reserved13>
            <reserved14>0</reserved14>
            <reserved15>0</reserved15>
            <reserved16>0</reserved16>
            <reserved17>0</reserved17>
            <reserved18>0</reserved18>
            <useAdr>0</useAdr>
        </navx5>
        <gnss>
            <msgver>0</msgver>
            <numtrkchhw>0</numtrkchhw>
            <numtrkchuse>255</numtrkchuse>
            <numcfgblks>6</numcfgblks>
            <cfgblocks>
                <GPS>
                    <gnssid>0</gnssid>
                    <restrkch>8</restrkch>
                    <maxtrkch>16</maxtrkch>
                    <reserved>0</reserved>
                    <flags>17891329</flags>
                </GPS>
                <QZSS>
                    <gnssid>5</gnssid>
                    <restrkch>0</restrkch>
                    <maxtrkch>3</maxtrkch>
                    <reserved>0</reserved>
                    <flags>17891329</flags>
                </QZSS>
                <GLONASS>
                    <gnssid>6</gnssid>
                    <restrkch>8</restrkch>
                    <maxtrkch>14</maxtrkch>
                    <reserved>0</reserved>
                    <flags>17891329</flags>
                </GLONASS>
                <BeiDou>
                    <gnssid>3</gnssid>
                    <restrkch>2</restrkch>
                    <maxtrkch>5</maxtrkch>
                    <reserved>0</reserved>
                    <flags>17891329</flags>
                </BeiDou>
                <SBAS>
                    <gnssid>1</gnssid>
                    <restrkch>3</restrkch>
                    <maxtrkch>3</maxtrkch>
                    <reserved>0</reserved>
                    <flags>16842753</flags>
                </SBAS>
                <Galileo>
                    <gnssid>2</gnssid>
                    <restrkch>10</restrkch>
                    <maxtrkch>18</maxtrkch>
                    <reserved>0</reserved>
                    <flags>18939905</flags>
                </Galileo>
            </cfgblocks>
        </gnss>
        <tmode3>
            <version>0</version>
            <reserved0>0</reserved0>
            <mode_flags>0</mode_flags>
            <ecef_x_or_lat>0</ecef_x_or_lat>
            <ecef_y_or_lon>0</ecef_y_or_lon>
            <ecef_z_or_alt>0</ecef_z_or_alt>
            <ecef_x_or_lat_hp>0</ecef_x_or_lat_hp>
            <ecef_y_or_lon_hp>0</ecef_y_or_lon_hp>
            <ecef_z_or_alt_hp>0</ecef_z_or_alt_hp>
            <reserved1>0</reserved1>
            <fixed_pos_acc>0</fixed_pos_acc>
            <svin_min_dur>0</svin_min_dur>
            <svin_acc_limit>0</svin_acc_limit>
            <reserved2>0</reserved2>
            <reserved3>0</reserved3>
            <reserved4>0</reserved4>
            <reserved5>0</reserved5>
            <reserved6>0</reserved6>
            <reserved7>0</reserved7>
            <reserved8>0</reserved8>
            <reserved9>0</reserved9>
        </tmode3>
        <sbas>
            <mode>3</mode>
            <usage>7</usage>
            <maxSbas>3</maxSbas>
            <scanMode2>0</scanMode2>
            <scanMode1>0</scanMode1>
        </sbas>
        <itfm>
            <config>761441280</config>
            <config2>52297728</config2>
        </itfm>
        <cfg_rate>
            <measRate>250</measRate>
            <navRate>1</navRate>
            <timeRef>1</timeRef>
        </cfg_rate>
        <msg_status>
            <msg-class>1</msg-class>
            <msg-id>3</msg-id>
            <i2c>0</i2c>
            <uart1>1</uart1>
            <uart2>0</uart2>
            <usb>0</usb>
            <rate>0</rate>
            <port5>0</port5>
        </msg_status>
        <msg_dop>
            <msg-class>1</msg-class>
            <msg-id>4</msg-id>
            <i2c>0</i2c>
            <uart1>0</uart1>
            <uart2>0</uart2>
            <usb>0</usb>
            <rate>0</rate>
            <port5>0</port5>
        </msg_dop>
        <msg_pvt>
            <msg-class>1</msg-class>
            <msg-id>7</msg-id>
            <i2c>0</i2c>
            <uart1>1</uart1>
            <uart2>0</uart2>
            <usb>0</usb>
            <rate>0</rate>
            <port5>0</port5>
        </msg_pvt>
        <msg_time_gps>
            <msg-class>1</msg-class>
            <msg-id>32</msg-id>
            <i2c>0</i2c>
            <uart1>4</uart1>
            <uart2>0</uart2>
            <usb>0</usb>
            <rate>0</rate>
            <port5>0</port5>
        </msg_time_gps>
        <msg_svin>
            <msg-class>1</msg-class>
            <msg-id>4</msg-id>
            <i2c>0</i2c>
            <uart1>0</uart1>
            <uart2>0</uart2>
            <usb>0</usb>
            <rate>0</rate>
            <port5>0</port5>
        </msg_svin>
        <msg_rned>
            <msg-class>1</msg-class>
            <msg-id>4</msg-id>
            <i2c>0</i2c>
            <uart1>0</uart1>
            <uart2>0</uart2>
            <usb>0</usb>
            <rate>0</rate>
            <port5>0</port5>
        </msg_rned>
        <msg_monhw>
            <msg-class>10</msg-class>
            <msg-id>9</msg-id>
            <i2c>0</i2c>
            <uart1>0</uart1>
            <uart2>0</uart2>
            <usb>0</usb>
            <rate>0</rate>
            <port5>0</port5>
        </msg_monhw>
        <msg_rtcminst>
            <msg-class>2</msg-class>
            <msg-id>50</msg-id>
            <i2c>0</i2c>
            <uart1>0</uart1>
            <uart2>0</uart2>
            <usb>0</usb>
            <rate>0</rate>
            <port5>0</port5>
        </msg_rtcminst>
        <msg_rtcm1005>
            <msg-class>245</msg-class>
            <msg-id>5</msg-id>
            <i2c>0</i2c>
            <uart1>0</uart1>
            <uart2>0</uart2>
            <usb>0</usb>
            <rate>0</rate>
            <port5>0</port5>
        </msg_rtcm1005>
        <msg_rtcm1087>
            <msg-class>245</msg-class>
            <msg-id>87</msg-id>
            <i2c>0</i2c>
            <uart1>0</uart1>
            <uart2>0</uart2>
            <usb>0</usb>
            <rate>0</rate>
            <port5>0</port5>
        </msg_rtcm1087>
        <msg_rtcm1077>
            <msg-class>245</msg-class>
            <msg-id>77</msg-id>
            <i2c>0</i2c>
            <uart1>0</uart1>
            <uart2>0</uart2>
            <usb>0</usb>
            <rate>0</rate>
            <port5>0</port5>
        </msg_rtcm1077>
        <msg_rtcm1127>
            <msg-class>1</msg-class>
            <msg-id>4</msg-id>
            <i2c>0</i2c>
            <uart1>0</uart1>
            <uart2>0</uart2>
            <usb>0</usb>
            <rate>0</rate>
            <port5>0</port5>
        </msg_rtcm1127>
        <msg_rtcm1230>
            <msg-class>245</msg-class>
            <msg-id>230</msg-id>
            <i2c>0</i2c>
            <uart1>0</uart1>
            <uart2>0</uart2>
            <usb>0</usb>
            <rate>0</rate>
            <port5>0</port5>
        </msg_rtcm1230>
        <msg_rtcm4072>
            <msg-class>245</msg-class>
            <msg-id>254</msg-id>
            <i2c>0</i2c>
            <uart1>0</uart1>
            <uart2>0</uart2>
            <usb>0</usb>
            <rate>0</rate>
            <port5>0</port5>
        </msg_rtcm4072>
        <msg_rxm_sfrbx>
            <msg-class>2</msg-class>
            <msg-id>19</msg-id>
            <i2c>0</i2c>
            <uart1>1</uart1>
            <uart2>0</uart2>
            <usb>0</usb>
            <rate>0</rate>
            <port5>0</port5>
        </msg_rxm_sfrbx>
        <msg_rxm_rawx>
            <msg-class>2</msg-class>
            <msg-id>21</msg-id>
            <i2c>0</i2c>
            <uart1>0</uart1>
            <uart2>0</uart2>
            <usb>0</usb>
            <rate>0</rate>
            <port5>0</port5>
        </msg_rxm_rawx>
    </data>
</entry-ubx0>
