<entry-tunnel>
    <id>73</id>
    <filename>tunnel.bin</filename>
    <version>
        <major>7</major>
        <minor>3</minor>
        <revision>1</revision>
    </version>
    <data>
        <tunnel1>
            <address>
                <uav>2</uav>
            </address>
            <port>0</port>
            <dts>0.01</dts>
            <dataBytes>22</dataBytes>
            <parsing>0</parsing>
        </tunnel1>
        <tunnel2>
            <address>
                <uav>2</uav>
            </address>
            <port>0</port>
            <dts>0.01</dts>
            <dataBytes>22</dataBytes>
            <parsing>0</parsing>
        </tunnel2>
        <tunnel3>
            <address>
                <uav>2</uav>
            </address>
            <port>0</port>
            <dts>0.01</dts>
            <dataBytes>22</dataBytes>
            <parsing>0</parsing>
        </tunnel3>
    </data>
</entry-tunnel>
