<entry-accsuite>
    <id>2</id>
    <filename>accsuite.bin</filename>
    <version>
        <major>7</major>
        <minor>3</minor>
        <revision>1</revision>
    </version>
    <data>
        <sel>
            <use>1</use>
            <def-sen>0</def-sen>
        </sel>
        <tau_v>2.0</tau_v>
        <tau_s2>20.0</tau_s2>
        <variances>
            <s0>
                <ini_s2>1.0</ini_s2>
                <min_s2>1.0E-4</min_s2>
            </s0>
            <s1>
                <ini_s2>1.0</ini_s2>
                <min_s2>1.0E-4</min_s2>
            </s1>
            <s2>
                <ini_s2>1.0</ini_s2>
                <min_s2>1.0E-4</min_s2>
            </s2>
            <s3>
                <ini_s2>1.0</ini_s2>
                <min_s2>1.0E-4</min_s2>
            </s3>
            <s4>
                <ini_s2>1.0</ini_s2>
                <min_s2>1.0E-4</min_s2>
            </s4>
            <s5>
                <ini_s2>1.0</ini_s2>
                <min_s2>1.0E-4</min_s2>
            </s5>
            <s6>
                <ini_s2>1.0</ini_s2>
                <min_s2>1.0E-4</min_s2>
            </s6>
            <s7>
                <ini_s2>1.0</ini_s2>
                <min_s2>1.0E-4</min_s2>
            </s7>
        </variances>
    </data>
</entry-accsuite>
