<entry-amz-lights>
    <id>486</id>
    <filename>amz_lights.bin</filename>
    <version>
        <major>7</major>
        <minor>3</minor>
        <revision>1</revision>
    </version>
    <data>
        <config>
            <str-tunarray-element>
                <reg>128</reg>
                <value>56</value>
            </str-tunarray-element>
            <str-tunarray-element>
                <reg>0</reg>
                <value>96</value>
            </str-tunarray-element>
            <str-tunarray-element>
                <reg>1</reg>
                <value>0</value>
            </str-tunarray-element>
            <str-tunarray-element>
                <reg>2</reg>
                <value>192</value>
            </str-tunarray-element>
            <str-tunarray-element>
                <reg>3</reg>
                <value>0</value>
            </str-tunarray-element>
            <str-tunarray-element>
                <reg>4</reg>
                <value>0</value>
            </str-tunarray-element>
            <str-tunarray-element>
                <reg>5</reg>
                <value>0</value>
            </str-tunarray-element>
            <str-tunarray-element>
                <reg>6</reg>
                <value>0</value>
            </str-tunarray-element>
            <str-tunarray-element>
                <reg>7</reg>
                <value>0</value>
            </str-tunarray-element>
            <str-tunarray-element>
                <reg>8</reg>
                <value>0</value>
            </str-tunarray-element>
            <str-tunarray-element>
                <reg>9</reg>
                <value>25</value>
            </str-tunarray-element>
            <str-tunarray-element>
                <reg>10</reg>
                <value>0</value>
            </str-tunarray-element>
            <str-tunarray-element>
                <reg>11</reg>
                <value>0</value>
            </str-tunarray-element>
            <str-tunarray-element>
                <reg>12</reg>
                <value>0</value>
            </str-tunarray-element>
            <str-tunarray-element>
                <reg>13</reg>
                <value>25</value>
            </str-tunarray-element>
            <str-tunarray-element>
                <reg>14</reg>
                <value>0</value>
            </str-tunarray-element>
            <str-tunarray-element>
                <reg>15</reg>
                <value>0</value>
            </str-tunarray-element>
            <str-tunarray-element>
                <reg>16</reg>
                <value>0</value>
            </str-tunarray-element>
            <str-tunarray-element>
                <reg>17</reg>
                <value>25</value>
            </str-tunarray-element>
            <str-tunarray-element>
                <reg>18</reg>
                <value>0</value>
            </str-tunarray-element>
            <str-tunarray-element>
                <reg>19</reg>
                <value>0</value>
            </str-tunarray-element>
            <str-tunarray-element>
                <reg>20</reg>
                <value>0</value>
            </str-tunarray-element>
            <str-tunarray-element>
                <reg>112</reg>
                <value>94</value>
            </str-tunarray-element>
            <str-tunarray-element>
                <reg>113</reg>
                <value>94</value>
            </str-tunarray-element>
            <str-tunarray-element>
                <reg>114</reg>
                <value>94</value>
            </str-tunarray-element>
            <str-tunarray-element>
                <reg>115</reg>
                <value>94</value>
            </str-tunarray-element>
            <str-tunarray-element>
                <reg>116</reg>
                <value>94</value>
            </str-tunarray-element>
            <str-tunarray-element>
                <reg>117</reg>
                <value>94</value>
            </str-tunarray-element>
            <str-tunarray-element>
                <reg>118</reg>
                <value>94</value>
            </str-tunarray-element>
            <str-tunarray-element>
                <reg>119</reg>
                <value>94</value>
            </str-tunarray-element>
            <str-tunarray-element>
                <reg>120</reg>
                <value>94</value>
            </str-tunarray-element>
            <str-tunarray-element>
                <reg>121</reg>
                <value>94</value>
            </str-tunarray-element>
            <str-tunarray-element>
                <reg>122</reg>
                <value>94</value>
            </str-tunarray-element>
            <str-tunarray-element>
                <reg>123</reg>
                <value>94</value>
            </str-tunarray-element>
            <str-tunarray-element>
                <reg>124</reg>
                <value>94</value>
            </str-tunarray-element>
            <str-tunarray-element>
                <reg>125</reg>
                <value>94</value>
            </str-tunarray-element>
            <str-tunarray-element>
                <reg>126</reg>
                <value>94</value>
            </str-tunarray-element>
            <str-tunarray-element>
                <reg>127</reg>
                <value>94</value>
            </str-tunarray-element>
            <str-tunarray-element>
                <reg>129</reg>
                <value>7</value>
            </str-tunarray-element>
            <str-tunarray-element>
                <reg>130</reg>
                <value>66</value>
            </str-tunarray-element>
        </config>
        <light-states-left>
            <str-tunarray-element>
                <phases>
                    <str-tunarray-element>0</str-tunarray-element>
                    <str-tunarray-element>0</str-tunarray-element>
                    <str-tunarray-element>0</str-tunarray-element>
                    <str-tunarray-element>0</str-tunarray-element>
                    <str-tunarray-element>0</str-tunarray-element>
                    <str-tunarray-element>45</str-tunarray-element>
                    <str-tunarray-element>0</str-tunarray-element>
                    <str-tunarray-element>0</str-tunarray-element>
                    <str-tunarray-element>0</str-tunarray-element>
                    <str-tunarray-element>71</str-tunarray-element>
                    <str-tunarray-element>15</str-tunarray-element>
                    <str-tunarray-element>0</str-tunarray-element>
                    <str-tunarray-element>0</str-tunarray-element>
                    <str-tunarray-element>97</str-tunarray-element>
                    <str-tunarray-element>30</str-tunarray-element>
                    <str-tunarray-element>0</str-tunarray-element>
                    <str-tunarray-element>0</str-tunarray-element>
                    <str-tunarray-element>12</str-tunarray-element>
                    <str-tunarray-element>24</str-tunarray-element>
                    <str-tunarray-element>36</str-tunarray-element>
                </phases>
                <widths>
                    <str-tunarray-element>0</str-tunarray-element>
                    <str-tunarray-element>0</str-tunarray-element>
                    <str-tunarray-element>0</str-tunarray-element>
                    <str-tunarray-element>0</str-tunarray-element>
                    <str-tunarray-element>0</str-tunarray-element>
                    <str-tunarray-element>25</str-tunarray-element>
                    <str-tunarray-element>15</str-tunarray-element>
                    <str-tunarray-element>0</str-tunarray-element>
                    <str-tunarray-element>0</str-tunarray-element>
                    <str-tunarray-element>25</str-tunarray-element>
                    <str-tunarray-element>15</str-tunarray-element>
                    <str-tunarray-element>0</str-tunarray-element>
                    <str-tunarray-element>0</str-tunarray-element>
                    <str-tunarray-element>25</str-tunarray-element>
                    <str-tunarray-element>15</str-tunarray-element>
                    <str-tunarray-element>0</str-tunarray-element>
                    <str-tunarray-element>0</str-tunarray-element>
                    <str-tunarray-element>28</str-tunarray-element>
                    <str-tunarray-element>28</str-tunarray-element>
                    <str-tunarray-element>28</str-tunarray-element>
                </widths>
            </str-tunarray-element>
            <str-tunarray-element>
                <phases>
                    <str-tunarray-element>0</str-tunarray-element>
                    <str-tunarray-element>0</str-tunarray-element>
                    <str-tunarray-element>0</str-tunarray-element>
                    <str-tunarray-element>0</str-tunarray-element>
                    <str-tunarray-element>0</str-tunarray-element>
                    <str-tunarray-element>0</str-tunarray-element>
                    <str-tunarray-element>0</str-tunarray-element>
                    <str-tunarray-element>0</str-tunarray-element>
                    <str-tunarray-element>64</str-tunarray-element>
                    <str-tunarray-element>0</str-tunarray-element>
                    <str-tunarray-element>0</str-tunarray-element>
                    <str-tunarray-element>0</str-tunarray-element>
                    <str-tunarray-element>128</str-tunarray-element>
                    <str-tunarray-element>0</str-tunarray-element>
                    <str-tunarray-element>0</str-tunarray-element>
                    <str-tunarray-element>0</str-tunarray-element>
                    <str-tunarray-element>0</str-tunarray-element>
                    <str-tunarray-element>0</str-tunarray-element>
                    <str-tunarray-element>0</str-tunarray-element>
                    <str-tunarray-element>0</str-tunarray-element>
                </phases>
                <widths>
                    <str-tunarray-element>0</str-tunarray-element>
                    <str-tunarray-element>0</str-tunarray-element>
                    <str-tunarray-element>0</str-tunarray-element>
                    <str-tunarray-element>0</str-tunarray-element>
                    <str-tunarray-element>64</str-tunarray-element>
                    <str-tunarray-element>0</str-tunarray-element>
                    <str-tunarray-element>0</str-tunarray-element>
                    <str-tunarray-element>0</str-tunarray-element>
                    <str-tunarray-element>64</str-tunarray-element>
                    <str-tunarray-element>0</str-tunarray-element>
                    <str-tunarray-element>0</str-tunarray-element>
                    <str-tunarray-element>0</str-tunarray-element>
                    <str-tunarray-element>64</str-tunarray-element>
                    <str-tunarray-element>0</str-tunarray-element>
                    <str-tunarray-element>0</str-tunarray-element>
                    <str-tunarray-element>0</str-tunarray-element>
                    <str-tunarray-element>0</str-tunarray-element>
                    <str-tunarray-element>0</str-tunarray-element>
                    <str-tunarray-element>0</str-tunarray-element>
                    <str-tunarray-element>0</str-tunarray-element>
                </widths>
            </str-tunarray-element>
            <str-tunarray-element>
                <phases>
                    <str-tunarray-element>0</str-tunarray-element>
                    <str-tunarray-element>0</str-tunarray-element>
                    <str-tunarray-element>0</str-tunarray-element>
                    <str-tunarray-element>0</str-tunarray-element>
                    <str-tunarray-element>0</str-tunarray-element>
                    <str-tunarray-element>0</str-tunarray-element>
                    <str-tunarray-element>0</str-tunarray-element>
                    <str-tunarray-element>0</str-tunarray-element>
                    <str-tunarray-element>0</str-tunarray-element>
                    <str-tunarray-element>0</str-tunarray-element>
                    <str-tunarray-element>84</str-tunarray-element>
                    <str-tunarray-element>0</str-tunarray-element>
                    <str-tunarray-element>0</str-tunarray-element>
                    <str-tunarray-element>0</str-tunarray-element>
                    <str-tunarray-element>169</str-tunarray-element>
                    <str-tunarray-element>0</str-tunarray-element>
                    <str-tunarray-element>0</str-tunarray-element>
                    <str-tunarray-element>0</str-tunarray-element>
                    <str-tunarray-element>32</str-tunarray-element>
                    <str-tunarray-element>0</str-tunarray-element>
                </phases>
                <widths>
                    <str-tunarray-element>0</str-tunarray-element>
                    <str-tunarray-element>0</str-tunarray-element>
                    <str-tunarray-element>0</str-tunarray-element>
                    <str-tunarray-element>0</str-tunarray-element>
                    <str-tunarray-element>0</str-tunarray-element>
                    <str-tunarray-element>0</str-tunarray-element>
                    <str-tunarray-element>84</str-tunarray-element>
                    <str-tunarray-element>0</str-tunarray-element>
                    <str-tunarray-element>0</str-tunarray-element>
                    <str-tunarray-element>0</str-tunarray-element>
                    <str-tunarray-element>84</str-tunarray-element>
                    <str-tunarray-element>0</str-tunarray-element>
                    <str-tunarray-element>0</str-tunarray-element>
                    <str-tunarray-element>0</str-tunarray-element>
                    <str-tunarray-element>84</str-tunarray-element>
                    <str-tunarray-element>0</str-tunarray-element>
                    <str-tunarray-element>0</str-tunarray-element>
                    <str-tunarray-element>32</str-tunarray-element>
                    <str-tunarray-element>32</str-tunarray-element>
                    <str-tunarray-element>32</str-tunarray-element>
                </widths>
            </str-tunarray-element>
            <str-tunarray-element>
                <phases>
                    <str-tunarray-element>0</str-tunarray-element>
                    <str-tunarray-element>0</str-tunarray-element>
                    <str-tunarray-element>0</str-tunarray-element>
                    <str-tunarray-element>0</str-tunarray-element>
                    <str-tunarray-element>0</str-tunarray-element>
                    <str-tunarray-element>0</str-tunarray-element>
                    <str-tunarray-element>0</str-tunarray-element>
                    <str-tunarray-element>0</str-tunarray-element>
                    <str-tunarray-element>32</str-tunarray-element>
                    <str-tunarray-element>0</str-tunarray-element>
                    <str-tunarray-element>0</str-tunarray-element>
                    <str-tunarray-element>0</str-tunarray-element>
                    <str-tunarray-element>64</str-tunarray-element>
                    <str-tunarray-element>0</str-tunarray-element>
                    <str-tunarray-element>0</str-tunarray-element>
                    <str-tunarray-element>0</str-tunarray-element>
                    <str-tunarray-element>0</str-tunarray-element>
                    <str-tunarray-element>0</str-tunarray-element>
                    <str-tunarray-element>0</str-tunarray-element>
                    <str-tunarray-element>0</str-tunarray-element>
                </phases>
                <widths>
                    <str-tunarray-element>0</str-tunarray-element>
                    <str-tunarray-element>0</str-tunarray-element>
                    <str-tunarray-element>0</str-tunarray-element>
                    <str-tunarray-element>0</str-tunarray-element>
                    <str-tunarray-element>32</str-tunarray-element>
                    <str-tunarray-element>0</str-tunarray-element>
                    <str-tunarray-element>0</str-tunarray-element>
                    <str-tunarray-element>0</str-tunarray-element>
                    <str-tunarray-element>32</str-tunarray-element>
                    <str-tunarray-element>0</str-tunarray-element>
                    <str-tunarray-element>0</str-tunarray-element>
                    <str-tunarray-element>0</str-tunarray-element>
                    <str-tunarray-element>32</str-tunarray-element>
                    <str-tunarray-element>0</str-tunarray-element>
                    <str-tunarray-element>0</str-tunarray-element>
                    <str-tunarray-element>0</str-tunarray-element>
                    <str-tunarray-element>0</str-tunarray-element>
                    <str-tunarray-element>0</str-tunarray-element>
                    <str-tunarray-element>0</str-tunarray-element>
                    <str-tunarray-element>0</str-tunarray-element>
                </widths>
            </str-tunarray-element>
            <str-tunarray-element>
                <phases>
                    <str-tunarray-element>0</str-tunarray-element>
                    <str-tunarray-element>0</str-tunarray-element>
                    <str-tunarray-element>0</str-tunarray-element>
                    <str-tunarray-element>0</str-tunarray-element>
                    <str-tunarray-element>0</str-tunarray-element>
                    <str-tunarray-element>0</str-tunarray-element>
                    <str-tunarray-element>0</str-tunarray-element>
                    <str-tunarray-element>0</str-tunarray-element>
                    <str-tunarray-element>0</str-tunarray-element>
                    <str-tunarray-element>0</str-tunarray-element>
                    <str-tunarray-element>42</str-tunarray-element>
                    <str-tunarray-element>0</str-tunarray-element>
                    <str-tunarray-element>0</str-tunarray-element>
                    <str-tunarray-element>0</str-tunarray-element>
                    <str-tunarray-element>85</str-tunarray-element>
                    <str-tunarray-element>0</str-tunarray-element>
                    <str-tunarray-element>0</str-tunarray-element>
                    <str-tunarray-element>0</str-tunarray-element>
                    <str-tunarray-element>32</str-tunarray-element>
                    <str-tunarray-element>0</str-tunarray-element>
                </phases>
                <widths>
                    <str-tunarray-element>0</str-tunarray-element>
                    <str-tunarray-element>0</str-tunarray-element>
                    <str-tunarray-element>0</str-tunarray-element>
                    <str-tunarray-element>0</str-tunarray-element>
                    <str-tunarray-element>0</str-tunarray-element>
                    <str-tunarray-element>0</str-tunarray-element>
                    <str-tunarray-element>42</str-tunarray-element>
                    <str-tunarray-element>0</str-tunarray-element>
                    <str-tunarray-element>0</str-tunarray-element>
                    <str-tunarray-element>0</str-tunarray-element>
                    <str-tunarray-element>42</str-tunarray-element>
                    <str-tunarray-element>0</str-tunarray-element>
                    <str-tunarray-element>0</str-tunarray-element>
                    <str-tunarray-element>0</str-tunarray-element>
                    <str-tunarray-element>42</str-tunarray-element>
                    <str-tunarray-element>0</str-tunarray-element>
                    <str-tunarray-element>0</str-tunarray-element>
                    <str-tunarray-element>32</str-tunarray-element>
                    <str-tunarray-element>32</str-tunarray-element>
                    <str-tunarray-element>32</str-tunarray-element>
                </widths>
            </str-tunarray-element>
            <str-tunarray-element>
                <phases>
                    <str-tunarray-element>0</str-tunarray-element>
                    <str-tunarray-element>0</str-tunarray-element>
                    <str-tunarray-element>0</str-tunarray-element>
                    <str-tunarray-element>0</str-tunarray-element>
                    <str-tunarray-element>0</str-tunarray-element>
                    <str-tunarray-element>0</str-tunarray-element>
                    <str-tunarray-element>0</str-tunarray-element>
                    <str-tunarray-element>0</str-tunarray-element>
                    <str-tunarray-element>0</str-tunarray-element>
                    <str-tunarray-element>0</str-tunarray-element>
                    <str-tunarray-element>0</str-tunarray-element>
                    <str-tunarray-element>51</str-tunarray-element>
                    <str-tunarray-element>102</str-tunarray-element>
                    <str-tunarray-element>0</str-tunarray-element>
                    <str-tunarray-element>0</str-tunarray-element>
                    <str-tunarray-element>0</str-tunarray-element>
                    <str-tunarray-element>0</str-tunarray-element>
                    <str-tunarray-element>0</str-tunarray-element>
                    <str-tunarray-element>64</str-tunarray-element>
                    <str-tunarray-element>2</str-tunarray-element>
                </phases>
                <widths>
                    <str-tunarray-element>0</str-tunarray-element>
                    <str-tunarray-element>0</str-tunarray-element>
                    <str-tunarray-element>0</str-tunarray-element>
                    <str-tunarray-element>0</str-tunarray-element>
                    <str-tunarray-element>0</str-tunarray-element>
                    <str-tunarray-element>0</str-tunarray-element>
                    <str-tunarray-element>0</str-tunarray-element>
                    <str-tunarray-element>51</str-tunarray-element>
                    <str-tunarray-element>0</str-tunarray-element>
                    <str-tunarray-element>0</str-tunarray-element>
                    <str-tunarray-element>0</str-tunarray-element>
                    <str-tunarray-element>51</str-tunarray-element>
                    <str-tunarray-element>25</str-tunarray-element>
                    <str-tunarray-element>0</str-tunarray-element>
                    <str-tunarray-element>0</str-tunarray-element>
                    <str-tunarray-element>0</str-tunarray-element>
                    <str-tunarray-element>0</str-tunarray-element>
                    <str-tunarray-element>64</str-tunarray-element>
                    <str-tunarray-element>64</str-tunarray-element>
                    <str-tunarray-element>3</str-tunarray-element>
                </widths>
            </str-tunarray-element>
            <str-tunarray-element>
                <phases>
                    <str-tunarray-element>0</str-tunarray-element>
                    <str-tunarray-element>0</str-tunarray-element>
                    <str-tunarray-element>0</str-tunarray-element>
                    <str-tunarray-element>0</str-tunarray-element>
                    <str-tunarray-element>0</str-tunarray-element>
                    <str-tunarray-element>0</str-tunarray-element>
                    <str-tunarray-element>0</str-tunarray-element>
                    <str-tunarray-element>0</str-tunarray-element>
                    <str-tunarray-element>0</str-tunarray-element>
                    <str-tunarray-element>0</str-tunarray-element>
                    <str-tunarray-element>0</str-tunarray-element>
                    <str-tunarray-element>51</str-tunarray-element>
                    <str-tunarray-element>0</str-tunarray-element>
                    <str-tunarray-element>0</str-tunarray-element>
                    <str-tunarray-element>0</str-tunarray-element>
                    <str-tunarray-element>102</str-tunarray-element>
                    <str-tunarray-element>0</str-tunarray-element>
                    <str-tunarray-element>0</str-tunarray-element>
                    <str-tunarray-element>64</str-tunarray-element>
                    <str-tunarray-element>128</str-tunarray-element>
                </phases>
                <widths>
                    <str-tunarray-element>0</str-tunarray-element>
                    <str-tunarray-element>0</str-tunarray-element>
                    <str-tunarray-element>0</str-tunarray-element>
                    <str-tunarray-element>0</str-tunarray-element>
                    <str-tunarray-element>0</str-tunarray-element>
                    <str-tunarray-element>0</str-tunarray-element>
                    <str-tunarray-element>0</str-tunarray-element>
                    <str-tunarray-element>51</str-tunarray-element>
                    <str-tunarray-element>0</str-tunarray-element>
                    <str-tunarray-element>0</str-tunarray-element>
                    <str-tunarray-element>0</str-tunarray-element>
                    <str-tunarray-element>51</str-tunarray-element>
                    <str-tunarray-element>0</str-tunarray-element>
                    <str-tunarray-element>0</str-tunarray-element>
                    <str-tunarray-element>0</str-tunarray-element>
                    <str-tunarray-element>51</str-tunarray-element>
                    <str-tunarray-element>0</str-tunarray-element>
                    <str-tunarray-element>64</str-tunarray-element>
                    <str-tunarray-element>64</str-tunarray-element>
                    <str-tunarray-element>64</str-tunarray-element>
                </widths>
            </str-tunarray-element>
            <str-tunarray-element>
                <phases>
                    <str-tunarray-element>0</str-tunarray-element>
                    <str-tunarray-element>0</str-tunarray-element>
                    <str-tunarray-element>0</str-tunarray-element>
                    <str-tunarray-element>0</str-tunarray-element>
                    <str-tunarray-element>0</str-tunarray-element>
                    <str-tunarray-element>0</str-tunarray-element>
                    <str-tunarray-element>153</str-tunarray-element>
                    <str-tunarray-element>0</str-tunarray-element>
                    <str-tunarray-element>0</str-tunarray-element>
                    <str-tunarray-element>0</str-tunarray-element>
                    <str-tunarray-element>184</str-tunarray-element>
                    <str-tunarray-element>51</str-tunarray-element>
                    <str-tunarray-element>0</str-tunarray-element>
                    <str-tunarray-element>0</str-tunarray-element>
                    <str-tunarray-element>214</str-tunarray-element>
                    <str-tunarray-element>102</str-tunarray-element>
                    <str-tunarray-element>0</str-tunarray-element>
                    <str-tunarray-element>48</str-tunarray-element>
                    <str-tunarray-element>64</str-tunarray-element>
                    <str-tunarray-element>144</str-tunarray-element>
                </phases>
                <widths>
                    <str-tunarray-element>0</str-tunarray-element>
                    <str-tunarray-element>0</str-tunarray-element>
                    <str-tunarray-element>0</str-tunarray-element>
                    <str-tunarray-element>0</str-tunarray-element>
                    <str-tunarray-element>0</str-tunarray-element>
                    <str-tunarray-element>0</str-tunarray-element>
                    <str-tunarray-element>30</str-tunarray-element>
                    <str-tunarray-element>51</str-tunarray-element>
                    <str-tunarray-element>0</str-tunarray-element>
                    <str-tunarray-element>0</str-tunarray-element>
                    <str-tunarray-element>30</str-tunarray-element>
                    <str-tunarray-element>51</str-tunarray-element>
                    <str-tunarray-element>0</str-tunarray-element>
                    <str-tunarray-element>0</str-tunarray-element>
                    <str-tunarray-element>30</str-tunarray-element>
                    <str-tunarray-element>51</str-tunarray-element>
                    <str-tunarray-element>0</str-tunarray-element>
                    <str-tunarray-element>80</str-tunarray-element>
                    <str-tunarray-element>80</str-tunarray-element>
                    <str-tunarray-element>80</str-tunarray-element>
                </widths>
            </str-tunarray-element>
            <str-tunarray-element>
                <phases>
                    <str-tunarray-element>0</str-tunarray-element>
                    <str-tunarray-element>0</str-tunarray-element>
                    <str-tunarray-element>0</str-tunarray-element>
                    <str-tunarray-element>0</str-tunarray-element>
                    <str-tunarray-element>0</str-tunarray-element>
                    <str-tunarray-element>38</str-tunarray-element>
                    <str-tunarray-element>0</str-tunarray-element>
                    <str-tunarray-element>0</str-tunarray-element>
                    <str-tunarray-element>0</str-tunarray-element>
                    <str-tunarray-element>64</str-tunarray-element>
                    <str-tunarray-element>0</str-tunarray-element>
                    <str-tunarray-element>12</str-tunarray-element>
                    <str-tunarray-element>0</str-tunarray-element>
                    <str-tunarray-element>89</str-tunarray-element>
                    <str-tunarray-element>0</str-tunarray-element>
                    <str-tunarray-element>25</str-tunarray-element>
                    <str-tunarray-element>0</str-tunarray-element>
                    <str-tunarray-element>4</str-tunarray-element>
                    <str-tunarray-element>192</str-tunarray-element>
                    <str-tunarray-element>140</str-tunarray-element>
                </phases>
                <widths>
                    <str-tunarray-element>0</str-tunarray-element>
                    <str-tunarray-element>0</str-tunarray-element>
                    <str-tunarray-element>0</str-tunarray-element>
                    <str-tunarray-element>0</str-tunarray-element>
                    <str-tunarray-element>0</str-tunarray-element>
                    <str-tunarray-element>25</str-tunarray-element>
                    <str-tunarray-element>0</str-tunarray-element>
                    <str-tunarray-element>12</str-tunarray-element>
                    <str-tunarray-element>0</str-tunarray-element>
                    <str-tunarray-element>25</str-tunarray-element>
                    <str-tunarray-element>0</str-tunarray-element>
                    <str-tunarray-element>12</str-tunarray-element>
                    <str-tunarray-element>0</str-tunarray-element>
                    <str-tunarray-element>25</str-tunarray-element>
                    <str-tunarray-element>0</str-tunarray-element>
                    <str-tunarray-element>12</str-tunarray-element>
                    <str-tunarray-element>0</str-tunarray-element>
                    <str-tunarray-element>204</str-tunarray-element>
                    <str-tunarray-element>204</str-tunarray-element>
                    <str-tunarray-element>204</str-tunarray-element>
                </widths>
            </str-tunarray-element>
            <str-tunarray-element>
                <phases>
                    <str-tunarray-element>0</str-tunarray-element>
                    <str-tunarray-element>0</str-tunarray-element>
                    <str-tunarray-element>0</str-tunarray-element>
                    <str-tunarray-element>0</str-tunarray-element>
                    <str-tunarray-element>0</str-tunarray-element>
                    <str-tunarray-element>19</str-tunarray-element>
                    <str-tunarray-element>0</str-tunarray-element>
                    <str-tunarray-element>0</str-tunarray-element>
                    <str-tunarray-element>0</str-tunarray-element>
                    <str-tunarray-element>32</str-tunarray-element>
                    <str-tunarray-element>0</str-tunarray-element>
                    <str-tunarray-element>6</str-tunarray-element>
                    <str-tunarray-element>0</str-tunarray-element>
                    <str-tunarray-element>45</str-tunarray-element>
                    <str-tunarray-element>0</str-tunarray-element>
                    <str-tunarray-element>13</str-tunarray-element>
                    <str-tunarray-element>0</str-tunarray-element>
                    <str-tunarray-element>8</str-tunarray-element>
                    <str-tunarray-element>136</str-tunarray-element>
                    <str-tunarray-element>8</str-tunarray-element>
                </phases>
                <widths>
                    <str-tunarray-element>0</str-tunarray-element>
                    <str-tunarray-element>0</str-tunarray-element>
                    <str-tunarray-element>0</str-tunarray-element>
                    <str-tunarray-element>0</str-tunarray-element>
                    <str-tunarray-element>0</str-tunarray-element>
                    <str-tunarray-element>13</str-tunarray-element>
                    <str-tunarray-element>0</str-tunarray-element>
                    <str-tunarray-element>6</str-tunarray-element>
                    <str-tunarray-element>0</str-tunarray-element>
                    <str-tunarray-element>13</str-tunarray-element>
                    <str-tunarray-element>0</str-tunarray-element>
                    <str-tunarray-element>6</str-tunarray-element>
                    <str-tunarray-element>0</str-tunarray-element>
                    <str-tunarray-element>13</str-tunarray-element>
                    <str-tunarray-element>0</str-tunarray-element>
                    <str-tunarray-element>6</str-tunarray-element>
                    <str-tunarray-element>0</str-tunarray-element>
                    <str-tunarray-element>128</str-tunarray-element>
                    <str-tunarray-element>128</str-tunarray-element>
                    <str-tunarray-element>128</str-tunarray-element>
                </widths>
            </str-tunarray-element>
            <str-tunarray-element>
                <phases>
                    <str-tunarray-element>0</str-tunarray-element>
                    <str-tunarray-element>0</str-tunarray-element>
                    <str-tunarray-element>0</str-tunarray-element>
                    <str-tunarray-element>0</str-tunarray-element>
                    <str-tunarray-element>0</str-tunarray-element>
                    <str-tunarray-element>0</str-tunarray-element>
                    <str-tunarray-element>0</str-tunarray-element>
                    <str-tunarray-element>0</str-tunarray-element>
                    <str-tunarray-element>0</str-tunarray-element>
                    <str-tunarray-element>0</str-tunarray-element>
                    <str-tunarray-element>13</str-tunarray-element>
                    <str-tunarray-element>0</str-tunarray-element>
                    <str-tunarray-element>0</str-tunarray-element>
                    <str-tunarray-element>0</str-tunarray-element>
                    <str-tunarray-element>26</str-tunarray-element>
                    <str-tunarray-element>0</str-tunarray-element>
                    <str-tunarray-element>0</str-tunarray-element>
                    <str-tunarray-element>0</str-tunarray-element>
                    <str-tunarray-element>0</str-tunarray-element>
                    <str-tunarray-element>0</str-tunarray-element>
                </phases>
                <widths>
                    <str-tunarray-element>0</str-tunarray-element>
                    <str-tunarray-element>0</str-tunarray-element>
                    <str-tunarray-element>0</str-tunarray-element>
                    <str-tunarray-element>0</str-tunarray-element>
                    <str-tunarray-element>0</str-tunarray-element>
                    <str-tunarray-element>0</str-tunarray-element>
                    <str-tunarray-element>13</str-tunarray-element>
                    <str-tunarray-element>0</str-tunarray-element>
                    <str-tunarray-element>0</str-tunarray-element>
                    <str-tunarray-element>0</str-tunarray-element>
                    <str-tunarray-element>13</str-tunarray-element>
                    <str-tunarray-element>0</str-tunarray-element>
                    <str-tunarray-element>0</str-tunarray-element>
                    <str-tunarray-element>0</str-tunarray-element>
                    <str-tunarray-element>13</str-tunarray-element>
                    <str-tunarray-element>0</str-tunarray-element>
                    <str-tunarray-element>0</str-tunarray-element>
                    <str-tunarray-element>0</str-tunarray-element>
                    <str-tunarray-element>0</str-tunarray-element>
                    <str-tunarray-element>0</str-tunarray-element>
                </widths>
            </str-tunarray-element>
            <str-tunarray-element>
                <phases>
                    <str-tunarray-element>0</str-tunarray-element>
                    <str-tunarray-element>0</str-tunarray-element>
                    <str-tunarray-element>0</str-tunarray-element>
                    <str-tunarray-element>0</str-tunarray-element>
                    <str-tunarray-element>0</str-tunarray-element>
                    <str-tunarray-element>0</str-tunarray-element>
                    <str-tunarray-element>0</str-tunarray-element>
                    <str-tunarray-element>0</str-tunarray-element>
                    <str-tunarray-element>25</str-tunarray-element>
                    <str-tunarray-element>0</str-tunarray-element>
                    <str-tunarray-element>0</str-tunarray-element>
                    <str-tunarray-element>0</str-tunarray-element>
                    <str-tunarray-element>51</str-tunarray-element>
                    <str-tunarray-element>0</str-tunarray-element>
                    <str-tunarray-element>0</str-tunarray-element>
                    <str-tunarray-element>0</str-tunarray-element>
                    <str-tunarray-element>0</str-tunarray-element>
                    <str-tunarray-element>0</str-tunarray-element>
                    <str-tunarray-element>3</str-tunarray-element>
                    <str-tunarray-element>2</str-tunarray-element>
                </phases>
                <widths>
                    <str-tunarray-element>0</str-tunarray-element>
                    <str-tunarray-element>0</str-tunarray-element>
                    <str-tunarray-element>0</str-tunarray-element>
                    <str-tunarray-element>0</str-tunarray-element>
                    <str-tunarray-element>25</str-tunarray-element>
                    <str-tunarray-element>0</str-tunarray-element>
                    <str-tunarray-element>0</str-tunarray-element>
                    <str-tunarray-element>0</str-tunarray-element>
                    <str-tunarray-element>25</str-tunarray-element>
                    <str-tunarray-element>0</str-tunarray-element>
                    <str-tunarray-element>0</str-tunarray-element>
                    <str-tunarray-element>0</str-tunarray-element>
                    <str-tunarray-element>25</str-tunarray-element>
                    <str-tunarray-element>0</str-tunarray-element>
                    <str-tunarray-element>0</str-tunarray-element>
                    <str-tunarray-element>0</str-tunarray-element>
                    <str-tunarray-element>0</str-tunarray-element>
                    <str-tunarray-element>3</str-tunarray-element>
                    <str-tunarray-element>3</str-tunarray-element>
                    <str-tunarray-element>3</str-tunarray-element>
                </widths>
            </str-tunarray-element>
            <str-tunarray-element>
                <phases>
                    <str-tunarray-element>0</str-tunarray-element>
                    <str-tunarray-element>0</str-tunarray-element>
                    <str-tunarray-element>0</str-tunarray-element>
                    <str-tunarray-element>0</str-tunarray-element>
                    <str-tunarray-element>0</str-tunarray-element>
                    <str-tunarray-element>0</str-tunarray-element>
                    <str-tunarray-element>0</str-tunarray-element>
                    <str-tunarray-element>0</str-tunarray-element>
                    <str-tunarray-element>0</str-tunarray-element>
                    <str-tunarray-element>0</str-tunarray-element>
                    <str-tunarray-element>0</str-tunarray-element>
                    <str-tunarray-element>0</str-tunarray-element>
                    <str-tunarray-element>0</str-tunarray-element>
                    <str-tunarray-element>0</str-tunarray-element>
                    <str-tunarray-element>0</str-tunarray-element>
                    <str-tunarray-element>0</str-tunarray-element>
                    <str-tunarray-element>0</str-tunarray-element>
                    <str-tunarray-element>0</str-tunarray-element>
                    <str-tunarray-element>0</str-tunarray-element>
                    <str-tunarray-element>0</str-tunarray-element>
                </phases>
                <widths>
                    <str-tunarray-element>0</str-tunarray-element>
                    <str-tunarray-element>0</str-tunarray-element>
                    <str-tunarray-element>0</str-tunarray-element>
                    <str-tunarray-element>0</str-tunarray-element>
                    <str-tunarray-element>0</str-tunarray-element>
                    <str-tunarray-element>0</str-tunarray-element>
                    <str-tunarray-element>0</str-tunarray-element>
                    <str-tunarray-element>0</str-tunarray-element>
                    <str-tunarray-element>0</str-tunarray-element>
                    <str-tunarray-element>0</str-tunarray-element>
                    <str-tunarray-element>0</str-tunarray-element>
                    <str-tunarray-element>0</str-tunarray-element>
                    <str-tunarray-element>0</str-tunarray-element>
                    <str-tunarray-element>0</str-tunarray-element>
                    <str-tunarray-element>0</str-tunarray-element>
                    <str-tunarray-element>0</str-tunarray-element>
                    <str-tunarray-element>0</str-tunarray-element>
                    <str-tunarray-element>0</str-tunarray-element>
                    <str-tunarray-element>0</str-tunarray-element>
                    <str-tunarray-element>0</str-tunarray-element>
                </widths>
            </str-tunarray-element>
        </light-states-left>
        <light-states-right>
            <str-tunarray-element>
                <phases>
                    <str-tunarray-element>0</str-tunarray-element>
                    <str-tunarray-element>0</str-tunarray-element>
                    <str-tunarray-element>0</str-tunarray-element>
                    <str-tunarray-element>0</str-tunarray-element>
                    <str-tunarray-element>0</str-tunarray-element>
                    <str-tunarray-element>45</str-tunarray-element>
                    <str-tunarray-element>0</str-tunarray-element>
                    <str-tunarray-element>0</str-tunarray-element>
                    <str-tunarray-element>0</str-tunarray-element>
                    <str-tunarray-element>71</str-tunarray-element>
                    <str-tunarray-element>15</str-tunarray-element>
                    <str-tunarray-element>0</str-tunarray-element>
                    <str-tunarray-element>0</str-tunarray-element>
                    <str-tunarray-element>97</str-tunarray-element>
                    <str-tunarray-element>30</str-tunarray-element>
                    <str-tunarray-element>0</str-tunarray-element>
                    <str-tunarray-element>0</str-tunarray-element>
                    <str-tunarray-element>12</str-tunarray-element>
                    <str-tunarray-element>24</str-tunarray-element>
                    <str-tunarray-element>36</str-tunarray-element>
                </phases>
                <widths>
                    <str-tunarray-element>0</str-tunarray-element>
                    <str-tunarray-element>0</str-tunarray-element>
                    <str-tunarray-element>0</str-tunarray-element>
                    <str-tunarray-element>0</str-tunarray-element>
                    <str-tunarray-element>0</str-tunarray-element>
                    <str-tunarray-element>25</str-tunarray-element>
                    <str-tunarray-element>15</str-tunarray-element>
                    <str-tunarray-element>0</str-tunarray-element>
                    <str-tunarray-element>0</str-tunarray-element>
                    <str-tunarray-element>25</str-tunarray-element>
                    <str-tunarray-element>15</str-tunarray-element>
                    <str-tunarray-element>0</str-tunarray-element>
                    <str-tunarray-element>0</str-tunarray-element>
                    <str-tunarray-element>25</str-tunarray-element>
                    <str-tunarray-element>15</str-tunarray-element>
                    <str-tunarray-element>0</str-tunarray-element>
                    <str-tunarray-element>0</str-tunarray-element>
                    <str-tunarray-element>28</str-tunarray-element>
                    <str-tunarray-element>28</str-tunarray-element>
                    <str-tunarray-element>28</str-tunarray-element>
                </widths>
            </str-tunarray-element>
            <str-tunarray-element>
                <phases>
                    <str-tunarray-element>0</str-tunarray-element>
                    <str-tunarray-element>0</str-tunarray-element>
                    <str-tunarray-element>0</str-tunarray-element>
                    <str-tunarray-element>0</str-tunarray-element>
                    <str-tunarray-element>0</str-tunarray-element>
                    <str-tunarray-element>0</str-tunarray-element>
                    <str-tunarray-element>0</str-tunarray-element>
                    <str-tunarray-element>0</str-tunarray-element>
                    <str-tunarray-element>64</str-tunarray-element>
                    <str-tunarray-element>0</str-tunarray-element>
                    <str-tunarray-element>0</str-tunarray-element>
                    <str-tunarray-element>0</str-tunarray-element>
                    <str-tunarray-element>128</str-tunarray-element>
                    <str-tunarray-element>0</str-tunarray-element>
                    <str-tunarray-element>0</str-tunarray-element>
                    <str-tunarray-element>0</str-tunarray-element>
                    <str-tunarray-element>0</str-tunarray-element>
                    <str-tunarray-element>0</str-tunarray-element>
                    <str-tunarray-element>0</str-tunarray-element>
                    <str-tunarray-element>0</str-tunarray-element>
                </phases>
                <widths>
                    <str-tunarray-element>0</str-tunarray-element>
                    <str-tunarray-element>0</str-tunarray-element>
                    <str-tunarray-element>0</str-tunarray-element>
                    <str-tunarray-element>0</str-tunarray-element>
                    <str-tunarray-element>64</str-tunarray-element>
                    <str-tunarray-element>0</str-tunarray-element>
                    <str-tunarray-element>0</str-tunarray-element>
                    <str-tunarray-element>0</str-tunarray-element>
                    <str-tunarray-element>64</str-tunarray-element>
                    <str-tunarray-element>0</str-tunarray-element>
                    <str-tunarray-element>0</str-tunarray-element>
                    <str-tunarray-element>0</str-tunarray-element>
                    <str-tunarray-element>64</str-tunarray-element>
                    <str-tunarray-element>0</str-tunarray-element>
                    <str-tunarray-element>0</str-tunarray-element>
                    <str-tunarray-element>0</str-tunarray-element>
                    <str-tunarray-element>0</str-tunarray-element>
                    <str-tunarray-element>0</str-tunarray-element>
                    <str-tunarray-element>0</str-tunarray-element>
                    <str-tunarray-element>0</str-tunarray-element>
                </widths>
            </str-tunarray-element>
            <str-tunarray-element>
                <phases>
                    <str-tunarray-element>0</str-tunarray-element>
                    <str-tunarray-element>0</str-tunarray-element>
                    <str-tunarray-element>0</str-tunarray-element>
                    <str-tunarray-element>0</str-tunarray-element>
                    <str-tunarray-element>0</str-tunarray-element>
                    <str-tunarray-element>0</str-tunarray-element>
                    <str-tunarray-element>0</str-tunarray-element>
                    <str-tunarray-element>0</str-tunarray-element>
                    <str-tunarray-element>0</str-tunarray-element>
                    <str-tunarray-element>0</str-tunarray-element>
                    <str-tunarray-element>84</str-tunarray-element>
                    <str-tunarray-element>0</str-tunarray-element>
                    <str-tunarray-element>0</str-tunarray-element>
                    <str-tunarray-element>0</str-tunarray-element>
                    <str-tunarray-element>169</str-tunarray-element>
                    <str-tunarray-element>0</str-tunarray-element>
                    <str-tunarray-element>0</str-tunarray-element>
                    <str-tunarray-element>0</str-tunarray-element>
                    <str-tunarray-element>32</str-tunarray-element>
                    <str-tunarray-element>0</str-tunarray-element>
                </phases>
                <widths>
                    <str-tunarray-element>0</str-tunarray-element>
                    <str-tunarray-element>0</str-tunarray-element>
                    <str-tunarray-element>0</str-tunarray-element>
                    <str-tunarray-element>0</str-tunarray-element>
                    <str-tunarray-element>0</str-tunarray-element>
                    <str-tunarray-element>0</str-tunarray-element>
                    <str-tunarray-element>84</str-tunarray-element>
                    <str-tunarray-element>0</str-tunarray-element>
                    <str-tunarray-element>0</str-tunarray-element>
                    <str-tunarray-element>0</str-tunarray-element>
                    <str-tunarray-element>84</str-tunarray-element>
                    <str-tunarray-element>0</str-tunarray-element>
                    <str-tunarray-element>0</str-tunarray-element>
                    <str-tunarray-element>0</str-tunarray-element>
                    <str-tunarray-element>84</str-tunarray-element>
                    <str-tunarray-element>0</str-tunarray-element>
                    <str-tunarray-element>0</str-tunarray-element>
                    <str-tunarray-element>32</str-tunarray-element>
                    <str-tunarray-element>32</str-tunarray-element>
                    <str-tunarray-element>32</str-tunarray-element>
                </widths>
            </str-tunarray-element>
            <str-tunarray-element>
                <phases>
                    <str-tunarray-element>0</str-tunarray-element>
                    <str-tunarray-element>0</str-tunarray-element>
                    <str-tunarray-element>0</str-tunarray-element>
                    <str-tunarray-element>0</str-tunarray-element>
                    <str-tunarray-element>0</str-tunarray-element>
                    <str-tunarray-element>0</str-tunarray-element>
                    <str-tunarray-element>0</str-tunarray-element>
                    <str-tunarray-element>0</str-tunarray-element>
                    <str-tunarray-element>32</str-tunarray-element>
                    <str-tunarray-element>0</str-tunarray-element>
                    <str-tunarray-element>0</str-tunarray-element>
                    <str-tunarray-element>0</str-tunarray-element>
                    <str-tunarray-element>64</str-tunarray-element>
                    <str-tunarray-element>0</str-tunarray-element>
                    <str-tunarray-element>0</str-tunarray-element>
                    <str-tunarray-element>0</str-tunarray-element>
                    <str-tunarray-element>0</str-tunarray-element>
                    <str-tunarray-element>0</str-tunarray-element>
                    <str-tunarray-element>0</str-tunarray-element>
                    <str-tunarray-element>0</str-tunarray-element>
                </phases>
                <widths>
                    <str-tunarray-element>0</str-tunarray-element>
                    <str-tunarray-element>0</str-tunarray-element>
                    <str-tunarray-element>0</str-tunarray-element>
                    <str-tunarray-element>0</str-tunarray-element>
                    <str-tunarray-element>32</str-tunarray-element>
                    <str-tunarray-element>0</str-tunarray-element>
                    <str-tunarray-element>0</str-tunarray-element>
                    <str-tunarray-element>0</str-tunarray-element>
                    <str-tunarray-element>32</str-tunarray-element>
                    <str-tunarray-element>0</str-tunarray-element>
                    <str-tunarray-element>0</str-tunarray-element>
                    <str-tunarray-element>0</str-tunarray-element>
                    <str-tunarray-element>32</str-tunarray-element>
                    <str-tunarray-element>0</str-tunarray-element>
                    <str-tunarray-element>0</str-tunarray-element>
                    <str-tunarray-element>0</str-tunarray-element>
                    <str-tunarray-element>0</str-tunarray-element>
                    <str-tunarray-element>0</str-tunarray-element>
                    <str-tunarray-element>0</str-tunarray-element>
                    <str-tunarray-element>0</str-tunarray-element>
                </widths>
            </str-tunarray-element>
            <str-tunarray-element>
                <phases>
                    <str-tunarray-element>0</str-tunarray-element>
                    <str-tunarray-element>0</str-tunarray-element>
                    <str-tunarray-element>0</str-tunarray-element>
                    <str-tunarray-element>0</str-tunarray-element>
                    <str-tunarray-element>0</str-tunarray-element>
                    <str-tunarray-element>0</str-tunarray-element>
                    <str-tunarray-element>0</str-tunarray-element>
                    <str-tunarray-element>0</str-tunarray-element>
                    <str-tunarray-element>0</str-tunarray-element>
                    <str-tunarray-element>0</str-tunarray-element>
                    <str-tunarray-element>42</str-tunarray-element>
                    <str-tunarray-element>0</str-tunarray-element>
                    <str-tunarray-element>0</str-tunarray-element>
                    <str-tunarray-element>0</str-tunarray-element>
                    <str-tunarray-element>85</str-tunarray-element>
                    <str-tunarray-element>0</str-tunarray-element>
                    <str-tunarray-element>0</str-tunarray-element>
                    <str-tunarray-element>0</str-tunarray-element>
                    <str-tunarray-element>32</str-tunarray-element>
                    <str-tunarray-element>0</str-tunarray-element>
                </phases>
                <widths>
                    <str-tunarray-element>0</str-tunarray-element>
                    <str-tunarray-element>0</str-tunarray-element>
                    <str-tunarray-element>0</str-tunarray-element>
                    <str-tunarray-element>0</str-tunarray-element>
                    <str-tunarray-element>0</str-tunarray-element>
                    <str-tunarray-element>0</str-tunarray-element>
                    <str-tunarray-element>42</str-tunarray-element>
                    <str-tunarray-element>0</str-tunarray-element>
                    <str-tunarray-element>0</str-tunarray-element>
                    <str-tunarray-element>0</str-tunarray-element>
                    <str-tunarray-element>42</str-tunarray-element>
                    <str-tunarray-element>0</str-tunarray-element>
                    <str-tunarray-element>0</str-tunarray-element>
                    <str-tunarray-element>0</str-tunarray-element>
                    <str-tunarray-element>42</str-tunarray-element>
                    <str-tunarray-element>0</str-tunarray-element>
                    <str-tunarray-element>0</str-tunarray-element>
                    <str-tunarray-element>32</str-tunarray-element>
                    <str-tunarray-element>32</str-tunarray-element>
                    <str-tunarray-element>32</str-tunarray-element>
                </widths>
            </str-tunarray-element>
            <str-tunarray-element>
                <phases>
                    <str-tunarray-element>0</str-tunarray-element>
                    <str-tunarray-element>0</str-tunarray-element>
                    <str-tunarray-element>0</str-tunarray-element>
                    <str-tunarray-element>0</str-tunarray-element>
                    <str-tunarray-element>51</str-tunarray-element>
                    <str-tunarray-element>0</str-tunarray-element>
                    <str-tunarray-element>0</str-tunarray-element>
                    <str-tunarray-element>0</str-tunarray-element>
                    <str-tunarray-element>0</str-tunarray-element>
                    <str-tunarray-element>0</str-tunarray-element>
                    <str-tunarray-element>0</str-tunarray-element>
                    <str-tunarray-element>0</str-tunarray-element>
                    <str-tunarray-element>0</str-tunarray-element>
                    <str-tunarray-element>0</str-tunarray-element>
                    <str-tunarray-element>25</str-tunarray-element>
                    <str-tunarray-element>0</str-tunarray-element>
                    <str-tunarray-element>0</str-tunarray-element>
                    <str-tunarray-element>2</str-tunarray-element>
                    <str-tunarray-element>0</str-tunarray-element>
                    <str-tunarray-element>48</str-tunarray-element>
                </phases>
                <widths>
                    <str-tunarray-element>0</str-tunarray-element>
                    <str-tunarray-element>0</str-tunarray-element>
                    <str-tunarray-element>0</str-tunarray-element>
                    <str-tunarray-element>0</str-tunarray-element>
                    <str-tunarray-element>25</str-tunarray-element>
                    <str-tunarray-element>0</str-tunarray-element>
                    <str-tunarray-element>0</str-tunarray-element>
                    <str-tunarray-element>0</str-tunarray-element>
                    <str-tunarray-element>0</str-tunarray-element>
                    <str-tunarray-element>0</str-tunarray-element>
                    <str-tunarray-element>25</str-tunarray-element>
                    <str-tunarray-element>0</str-tunarray-element>
                    <str-tunarray-element>0</str-tunarray-element>
                    <str-tunarray-element>0</str-tunarray-element>
                    <str-tunarray-element>25</str-tunarray-element>
                    <str-tunarray-element>0</str-tunarray-element>
                    <str-tunarray-element>0</str-tunarray-element>
                    <str-tunarray-element>3</str-tunarray-element>
                    <str-tunarray-element>48</str-tunarray-element>
                    <str-tunarray-element>48</str-tunarray-element>
                </widths>
            </str-tunarray-element>
            <str-tunarray-element>
                <phases>
                    <str-tunarray-element>0</str-tunarray-element>
                    <str-tunarray-element>0</str-tunarray-element>
                    <str-tunarray-element>0</str-tunarray-element>
                    <str-tunarray-element>0</str-tunarray-element>
                    <str-tunarray-element>0</str-tunarray-element>
                    <str-tunarray-element>0</str-tunarray-element>
                    <str-tunarray-element>0</str-tunarray-element>
                    <str-tunarray-element>0</str-tunarray-element>
                    <str-tunarray-element>0</str-tunarray-element>
                    <str-tunarray-element>0</str-tunarray-element>
                    <str-tunarray-element>0</str-tunarray-element>
                    <str-tunarray-element>51</str-tunarray-element>
                    <str-tunarray-element>0</str-tunarray-element>
                    <str-tunarray-element>0</str-tunarray-element>
                    <str-tunarray-element>0</str-tunarray-element>
                    <str-tunarray-element>102</str-tunarray-element>
                    <str-tunarray-element>0</str-tunarray-element>
                    <str-tunarray-element>0</str-tunarray-element>
                    <str-tunarray-element>64</str-tunarray-element>
                    <str-tunarray-element>128</str-tunarray-element>
                </phases>
                <widths>
                    <str-tunarray-element>0</str-tunarray-element>
                    <str-tunarray-element>0</str-tunarray-element>
                    <str-tunarray-element>0</str-tunarray-element>
                    <str-tunarray-element>0</str-tunarray-element>
                    <str-tunarray-element>0</str-tunarray-element>
                    <str-tunarray-element>0</str-tunarray-element>
                    <str-tunarray-element>0</str-tunarray-element>
                    <str-tunarray-element>51</str-tunarray-element>
                    <str-tunarray-element>0</str-tunarray-element>
                    <str-tunarray-element>0</str-tunarray-element>
                    <str-tunarray-element>0</str-tunarray-element>
                    <str-tunarray-element>51</str-tunarray-element>
                    <str-tunarray-element>0</str-tunarray-element>
                    <str-tunarray-element>0</str-tunarray-element>
                    <str-tunarray-element>0</str-tunarray-element>
                    <str-tunarray-element>51</str-tunarray-element>
                    <str-tunarray-element>0</str-tunarray-element>
                    <str-tunarray-element>64</str-tunarray-element>
                    <str-tunarray-element>64</str-tunarray-element>
                    <str-tunarray-element>64</str-tunarray-element>
                </widths>
            </str-tunarray-element>
            <str-tunarray-element>
                <phases>
                    <str-tunarray-element>0</str-tunarray-element>
                    <str-tunarray-element>0</str-tunarray-element>
                    <str-tunarray-element>0</str-tunarray-element>
                    <str-tunarray-element>0</str-tunarray-element>
                    <str-tunarray-element>0</str-tunarray-element>
                    <str-tunarray-element>0</str-tunarray-element>
                    <str-tunarray-element>153</str-tunarray-element>
                    <str-tunarray-element>0</str-tunarray-element>
                    <str-tunarray-element>0</str-tunarray-element>
                    <str-tunarray-element>0</str-tunarray-element>
                    <str-tunarray-element>184</str-tunarray-element>
                    <str-tunarray-element>51</str-tunarray-element>
                    <str-tunarray-element>0</str-tunarray-element>
                    <str-tunarray-element>0</str-tunarray-element>
                    <str-tunarray-element>214</str-tunarray-element>
                    <str-tunarray-element>102</str-tunarray-element>
                    <str-tunarray-element>0</str-tunarray-element>
                    <str-tunarray-element>48</str-tunarray-element>
                    <str-tunarray-element>64</str-tunarray-element>
                    <str-tunarray-element>144</str-tunarray-element>
                </phases>
                <widths>
                    <str-tunarray-element>0</str-tunarray-element>
                    <str-tunarray-element>0</str-tunarray-element>
                    <str-tunarray-element>0</str-tunarray-element>
                    <str-tunarray-element>0</str-tunarray-element>
                    <str-tunarray-element>0</str-tunarray-element>
                    <str-tunarray-element>0</str-tunarray-element>
                    <str-tunarray-element>30</str-tunarray-element>
                    <str-tunarray-element>51</str-tunarray-element>
                    <str-tunarray-element>0</str-tunarray-element>
                    <str-tunarray-element>0</str-tunarray-element>
                    <str-tunarray-element>30</str-tunarray-element>
                    <str-tunarray-element>51</str-tunarray-element>
                    <str-tunarray-element>0</str-tunarray-element>
                    <str-tunarray-element>0</str-tunarray-element>
                    <str-tunarray-element>30</str-tunarray-element>
                    <str-tunarray-element>51</str-tunarray-element>
                    <str-tunarray-element>0</str-tunarray-element>
                    <str-tunarray-element>80</str-tunarray-element>
                    <str-tunarray-element>80</str-tunarray-element>
                    <str-tunarray-element>80</str-tunarray-element>
                </widths>
            </str-tunarray-element>
            <str-tunarray-element>
                <phases>
                    <str-tunarray-element>0</str-tunarray-element>
                    <str-tunarray-element>0</str-tunarray-element>
                    <str-tunarray-element>0</str-tunarray-element>
                    <str-tunarray-element>0</str-tunarray-element>
                    <str-tunarray-element>0</str-tunarray-element>
                    <str-tunarray-element>38</str-tunarray-element>
                    <str-tunarray-element>0</str-tunarray-element>
                    <str-tunarray-element>0</str-tunarray-element>
                    <str-tunarray-element>0</str-tunarray-element>
                    <str-tunarray-element>64</str-tunarray-element>
                    <str-tunarray-element>0</str-tunarray-element>
                    <str-tunarray-element>12</str-tunarray-element>
                    <str-tunarray-element>0</str-tunarray-element>
                    <str-tunarray-element>89</str-tunarray-element>
                    <str-tunarray-element>0</str-tunarray-element>
                    <str-tunarray-element>25</str-tunarray-element>
                    <str-tunarray-element>0</str-tunarray-element>
                    <str-tunarray-element>4</str-tunarray-element>
                    <str-tunarray-element>192</str-tunarray-element>
                    <str-tunarray-element>140</str-tunarray-element>
                </phases>
                <widths>
                    <str-tunarray-element>0</str-tunarray-element>
                    <str-tunarray-element>0</str-tunarray-element>
                    <str-tunarray-element>0</str-tunarray-element>
                    <str-tunarray-element>0</str-tunarray-element>
                    <str-tunarray-element>0</str-tunarray-element>
                    <str-tunarray-element>25</str-tunarray-element>
                    <str-tunarray-element>0</str-tunarray-element>
                    <str-tunarray-element>12</str-tunarray-element>
                    <str-tunarray-element>0</str-tunarray-element>
                    <str-tunarray-element>25</str-tunarray-element>
                    <str-tunarray-element>0</str-tunarray-element>
                    <str-tunarray-element>12</str-tunarray-element>
                    <str-tunarray-element>0</str-tunarray-element>
                    <str-tunarray-element>25</str-tunarray-element>
                    <str-tunarray-element>0</str-tunarray-element>
                    <str-tunarray-element>12</str-tunarray-element>
                    <str-tunarray-element>0</str-tunarray-element>
                    <str-tunarray-element>204</str-tunarray-element>
                    <str-tunarray-element>204</str-tunarray-element>
                    <str-tunarray-element>204</str-tunarray-element>
                </widths>
            </str-tunarray-element>
            <str-tunarray-element>
                <phases>
                    <str-tunarray-element>0</str-tunarray-element>
                    <str-tunarray-element>0</str-tunarray-element>
                    <str-tunarray-element>0</str-tunarray-element>
                    <str-tunarray-element>0</str-tunarray-element>
                    <str-tunarray-element>0</str-tunarray-element>
                    <str-tunarray-element>19</str-tunarray-element>
                    <str-tunarray-element>0</str-tunarray-element>
                    <str-tunarray-element>0</str-tunarray-element>
                    <str-tunarray-element>0</str-tunarray-element>
                    <str-tunarray-element>32</str-tunarray-element>
                    <str-tunarray-element>0</str-tunarray-element>
                    <str-tunarray-element>6</str-tunarray-element>
                    <str-tunarray-element>0</str-tunarray-element>
                    <str-tunarray-element>45</str-tunarray-element>
                    <str-tunarray-element>0</str-tunarray-element>
                    <str-tunarray-element>13</str-tunarray-element>
                    <str-tunarray-element>0</str-tunarray-element>
                    <str-tunarray-element>8</str-tunarray-element>
                    <str-tunarray-element>136</str-tunarray-element>
                    <str-tunarray-element>8</str-tunarray-element>
                </phases>
                <widths>
                    <str-tunarray-element>0</str-tunarray-element>
                    <str-tunarray-element>0</str-tunarray-element>
                    <str-tunarray-element>0</str-tunarray-element>
                    <str-tunarray-element>0</str-tunarray-element>
                    <str-tunarray-element>0</str-tunarray-element>
                    <str-tunarray-element>13</str-tunarray-element>
                    <str-tunarray-element>0</str-tunarray-element>
                    <str-tunarray-element>6</str-tunarray-element>
                    <str-tunarray-element>0</str-tunarray-element>
                    <str-tunarray-element>13</str-tunarray-element>
                    <str-tunarray-element>0</str-tunarray-element>
                    <str-tunarray-element>6</str-tunarray-element>
                    <str-tunarray-element>0</str-tunarray-element>
                    <str-tunarray-element>13</str-tunarray-element>
                    <str-tunarray-element>0</str-tunarray-element>
                    <str-tunarray-element>6</str-tunarray-element>
                    <str-tunarray-element>0</str-tunarray-element>
                    <str-tunarray-element>128</str-tunarray-element>
                    <str-tunarray-element>128</str-tunarray-element>
                    <str-tunarray-element>128</str-tunarray-element>
                </widths>
            </str-tunarray-element>
            <str-tunarray-element>
                <phases>
                    <str-tunarray-element>0</str-tunarray-element>
                    <str-tunarray-element>0</str-tunarray-element>
                    <str-tunarray-element>0</str-tunarray-element>
                    <str-tunarray-element>0</str-tunarray-element>
                    <str-tunarray-element>0</str-tunarray-element>
                    <str-tunarray-element>0</str-tunarray-element>
                    <str-tunarray-element>0</str-tunarray-element>
                    <str-tunarray-element>0</str-tunarray-element>
                    <str-tunarray-element>0</str-tunarray-element>
                    <str-tunarray-element>0</str-tunarray-element>
                    <str-tunarray-element>13</str-tunarray-element>
                    <str-tunarray-element>0</str-tunarray-element>
                    <str-tunarray-element>0</str-tunarray-element>
                    <str-tunarray-element>0</str-tunarray-element>
                    <str-tunarray-element>26</str-tunarray-element>
                    <str-tunarray-element>0</str-tunarray-element>
                    <str-tunarray-element>0</str-tunarray-element>
                    <str-tunarray-element>0</str-tunarray-element>
                    <str-tunarray-element>0</str-tunarray-element>
                    <str-tunarray-element>0</str-tunarray-element>
                </phases>
                <widths>
                    <str-tunarray-element>0</str-tunarray-element>
                    <str-tunarray-element>0</str-tunarray-element>
                    <str-tunarray-element>0</str-tunarray-element>
                    <str-tunarray-element>0</str-tunarray-element>
                    <str-tunarray-element>0</str-tunarray-element>
                    <str-tunarray-element>0</str-tunarray-element>
                    <str-tunarray-element>13</str-tunarray-element>
                    <str-tunarray-element>0</str-tunarray-element>
                    <str-tunarray-element>0</str-tunarray-element>
                    <str-tunarray-element>0</str-tunarray-element>
                    <str-tunarray-element>13</str-tunarray-element>
                    <str-tunarray-element>0</str-tunarray-element>
                    <str-tunarray-element>0</str-tunarray-element>
                    <str-tunarray-element>0</str-tunarray-element>
                    <str-tunarray-element>13</str-tunarray-element>
                    <str-tunarray-element>0</str-tunarray-element>
                    <str-tunarray-element>0</str-tunarray-element>
                    <str-tunarray-element>0</str-tunarray-element>
                    <str-tunarray-element>0</str-tunarray-element>
                    <str-tunarray-element>0</str-tunarray-element>
                </widths>
            </str-tunarray-element>
            <str-tunarray-element>
                <phases>
                    <str-tunarray-element>0</str-tunarray-element>
                    <str-tunarray-element>0</str-tunarray-element>
                    <str-tunarray-element>0</str-tunarray-element>
                    <str-tunarray-element>0</str-tunarray-element>
                    <str-tunarray-element>0</str-tunarray-element>
                    <str-tunarray-element>0</str-tunarray-element>
                    <str-tunarray-element>0</str-tunarray-element>
                    <str-tunarray-element>0</str-tunarray-element>
                    <str-tunarray-element>25</str-tunarray-element>
                    <str-tunarray-element>0</str-tunarray-element>
                    <str-tunarray-element>0</str-tunarray-element>
                    <str-tunarray-element>0</str-tunarray-element>
                    <str-tunarray-element>51</str-tunarray-element>
                    <str-tunarray-element>0</str-tunarray-element>
                    <str-tunarray-element>0</str-tunarray-element>
                    <str-tunarray-element>0</str-tunarray-element>
                    <str-tunarray-element>0</str-tunarray-element>
                    <str-tunarray-element>0</str-tunarray-element>
                    <str-tunarray-element>3</str-tunarray-element>
                    <str-tunarray-element>2</str-tunarray-element>
                </phases>
                <widths>
                    <str-tunarray-element>0</str-tunarray-element>
                    <str-tunarray-element>0</str-tunarray-element>
                    <str-tunarray-element>0</str-tunarray-element>
                    <str-tunarray-element>0</str-tunarray-element>
                    <str-tunarray-element>25</str-tunarray-element>
                    <str-tunarray-element>0</str-tunarray-element>
                    <str-tunarray-element>0</str-tunarray-element>
                    <str-tunarray-element>0</str-tunarray-element>
                    <str-tunarray-element>25</str-tunarray-element>
                    <str-tunarray-element>0</str-tunarray-element>
                    <str-tunarray-element>0</str-tunarray-element>
                    <str-tunarray-element>0</str-tunarray-element>
                    <str-tunarray-element>25</str-tunarray-element>
                    <str-tunarray-element>0</str-tunarray-element>
                    <str-tunarray-element>0</str-tunarray-element>
                    <str-tunarray-element>0</str-tunarray-element>
                    <str-tunarray-element>0</str-tunarray-element>
                    <str-tunarray-element>3</str-tunarray-element>
                    <str-tunarray-element>3</str-tunarray-element>
                    <str-tunarray-element>3</str-tunarray-element>
                </widths>
            </str-tunarray-element>
            <str-tunarray-element>
                <phases>
                    <str-tunarray-element>0</str-tunarray-element>
                    <str-tunarray-element>0</str-tunarray-element>
                    <str-tunarray-element>0</str-tunarray-element>
                    <str-tunarray-element>0</str-tunarray-element>
                    <str-tunarray-element>0</str-tunarray-element>
                    <str-tunarray-element>0</str-tunarray-element>
                    <str-tunarray-element>0</str-tunarray-element>
                    <str-tunarray-element>0</str-tunarray-element>
                    <str-tunarray-element>0</str-tunarray-element>
                    <str-tunarray-element>0</str-tunarray-element>
                    <str-tunarray-element>0</str-tunarray-element>
                    <str-tunarray-element>0</str-tunarray-element>
                    <str-tunarray-element>0</str-tunarray-element>
                    <str-tunarray-element>0</str-tunarray-element>
                    <str-tunarray-element>0</str-tunarray-element>
                    <str-tunarray-element>0</str-tunarray-element>
                    <str-tunarray-element>0</str-tunarray-element>
                    <str-tunarray-element>0</str-tunarray-element>
                    <str-tunarray-element>0</str-tunarray-element>
                    <str-tunarray-element>0</str-tunarray-element>
                </phases>
                <widths>
                    <str-tunarray-element>0</str-tunarray-element>
                    <str-tunarray-element>0</str-tunarray-element>
                    <str-tunarray-element>0</str-tunarray-element>
                    <str-tunarray-element>0</str-tunarray-element>
                    <str-tunarray-element>0</str-tunarray-element>
                    <str-tunarray-element>0</str-tunarray-element>
                    <str-tunarray-element>0</str-tunarray-element>
                    <str-tunarray-element>0</str-tunarray-element>
                    <str-tunarray-element>0</str-tunarray-element>
                    <str-tunarray-element>0</str-tunarray-element>
                    <str-tunarray-element>0</str-tunarray-element>
                    <str-tunarray-element>0</str-tunarray-element>
                    <str-tunarray-element>0</str-tunarray-element>
                    <str-tunarray-element>0</str-tunarray-element>
                    <str-tunarray-element>0</str-tunarray-element>
                    <str-tunarray-element>0</str-tunarray-element>
                    <str-tunarray-element>0</str-tunarray-element>
                    <str-tunarray-element>0</str-tunarray-element>
                    <str-tunarray-element>0</str-tunarray-element>
                    <str-tunarray-element>0</str-tunarray-element>
                </widths>
            </str-tunarray-element>
        </light-states-right>
        <sequences>
            <str-tunarray-element>
                <str-tunarray-element>
                    <left>11</left>
                    <right>11</right>
                </str-tunarray-element>
                <str-tunarray-element>
                    <left>11</left>
                    <right>11</right>
                </str-tunarray-element>
                <str-tunarray-element>
                    <left>11</left>
                    <right>11</right>
                </str-tunarray-element>
                <str-tunarray-element>
                    <left>11</left>
                    <right>11</right>
                </str-tunarray-element>
                <str-tunarray-element>
                    <left>11</left>
                    <right>11</right>
                </str-tunarray-element>
                <str-tunarray-element>
                    <left>11</left>
                    <right>11</right>
                </str-tunarray-element>
                <str-tunarray-element>
                    <left>11</left>
                    <right>11</right>
                </str-tunarray-element>
                <str-tunarray-element>
                    <left>11</left>
                    <right>11</right>
                </str-tunarray-element>
                <str-tunarray-element>
                    <left>11</left>
                    <right>11</right>
                </str-tunarray-element>
                <str-tunarray-element>
                    <left>11</left>
                    <right>11</right>
                </str-tunarray-element>
            </str-tunarray-element>
            <str-tunarray-element>
                <str-tunarray-element>
                    <left>8</left>
                    <right>8</right>
                </str-tunarray-element>
                <str-tunarray-element>
                    <left>8</left>
                    <right>8</right>
                </str-tunarray-element>
                <str-tunarray-element>
                    <left>8</left>
                    <right>8</right>
                </str-tunarray-element>
                <str-tunarray-element>
                    <left>8</left>
                    <right>8</right>
                </str-tunarray-element>
                <str-tunarray-element>
                    <left>8</left>
                    <right>8</right>
                </str-tunarray-element>
                <str-tunarray-element>
                    <left>12</left>
                    <right>12</right>
                </str-tunarray-element>
                <str-tunarray-element>
                    <left>12</left>
                    <right>12</right>
                </str-tunarray-element>
                <str-tunarray-element>
                    <left>12</left>
                    <right>12</right>
                </str-tunarray-element>
                <str-tunarray-element>
                    <left>12</left>
                    <right>12</right>
                </str-tunarray-element>
                <str-tunarray-element>
                    <left>12</left>
                    <right>12</right>
                </str-tunarray-element>
            </str-tunarray-element>
            <str-tunarray-element>
                <str-tunarray-element>
                    <left>6</left>
                    <right>6</right>
                </str-tunarray-element>
                <str-tunarray-element>
                    <left>6</left>
                    <right>6</right>
                </str-tunarray-element>
                <str-tunarray-element>
                    <left>6</left>
                    <right>6</right>
                </str-tunarray-element>
                <str-tunarray-element>
                    <left>6</left>
                    <right>6</right>
                </str-tunarray-element>
                <str-tunarray-element>
                    <left>6</left>
                    <right>6</right>
                </str-tunarray-element>
                <str-tunarray-element>
                    <left>6</left>
                    <right>6</right>
                </str-tunarray-element>
                <str-tunarray-element>
                    <left>6</left>
                    <right>6</right>
                </str-tunarray-element>
                <str-tunarray-element>
                    <left>6</left>
                    <right>6</right>
                </str-tunarray-element>
                <str-tunarray-element>
                    <left>6</left>
                    <right>6</right>
                </str-tunarray-element>
                <str-tunarray-element>
                    <left>7</left>
                    <right>7</right>
                </str-tunarray-element>
            </str-tunarray-element>
            <str-tunarray-element>
                <str-tunarray-element>
                    <left>0</left>
                    <right>0</right>
                </str-tunarray-element>
                <str-tunarray-element>
                    <left>0</left>
                    <right>0</right>
                </str-tunarray-element>
                <str-tunarray-element>
                    <left>0</left>
                    <right>0</right>
                </str-tunarray-element>
                <str-tunarray-element>
                    <left>0</left>
                    <right>0</right>
                </str-tunarray-element>
                <str-tunarray-element>
                    <left>0</left>
                    <right>0</right>
                </str-tunarray-element>
                <str-tunarray-element>
                    <left>0</left>
                    <right>0</right>
                </str-tunarray-element>
                <str-tunarray-element>
                    <left>0</left>
                    <right>0</right>
                </str-tunarray-element>
                <str-tunarray-element>
                    <left>0</left>
                    <right>0</right>
                </str-tunarray-element>
                <str-tunarray-element>
                    <left>0</left>
                    <right>0</right>
                </str-tunarray-element>
                <str-tunarray-element>
                    <left>0</left>
                    <right>0</right>
                </str-tunarray-element>
            </str-tunarray-element>
            <str-tunarray-element>
                <str-tunarray-element>
                    <left>9</left>
                    <right>9</right>
                </str-tunarray-element>
                <str-tunarray-element>
                    <left>9</left>
                    <right>9</right>
                </str-tunarray-element>
                <str-tunarray-element>
                    <left>9</left>
                    <right>9</right>
                </str-tunarray-element>
                <str-tunarray-element>
                    <left>9</left>
                    <right>9</right>
                </str-tunarray-element>
                <str-tunarray-element>
                    <left>9</left>
                    <right>9</right>
                </str-tunarray-element>
                <str-tunarray-element>
                    <left>9</left>
                    <right>9</right>
                </str-tunarray-element>
                <str-tunarray-element>
                    <left>9</left>
                    <right>9</right>
                </str-tunarray-element>
                <str-tunarray-element>
                    <left>9</left>
                    <right>9</right>
                </str-tunarray-element>
                <str-tunarray-element>
                    <left>9</left>
                    <right>9</right>
                </str-tunarray-element>
                <str-tunarray-element>
                    <left>9</left>
                    <right>9</right>
                </str-tunarray-element>
            </str-tunarray-element>
            <str-tunarray-element>
                <str-tunarray-element>
                    <left>10</left>
                    <right>10</right>
                </str-tunarray-element>
                <str-tunarray-element>
                    <left>10</left>
                    <right>10</right>
                </str-tunarray-element>
                <str-tunarray-element>
                    <left>10</left>
                    <right>10</right>
                </str-tunarray-element>
                <str-tunarray-element>
                    <left>10</left>
                    <right>10</right>
                </str-tunarray-element>
                <str-tunarray-element>
                    <left>10</left>
                    <right>10</right>
                </str-tunarray-element>
                <str-tunarray-element>
                    <left>12</left>
                    <right>12</right>
                </str-tunarray-element>
                <str-tunarray-element>
                    <left>12</left>
                    <right>12</right>
                </str-tunarray-element>
                <str-tunarray-element>
                    <left>12</left>
                    <right>12</right>
                </str-tunarray-element>
                <str-tunarray-element>
                    <left>12</left>
                    <right>12</right>
                </str-tunarray-element>
                <str-tunarray-element>
                    <left>12</left>
                    <right>12</right>
                </str-tunarray-element>
            </str-tunarray-element>
            <str-tunarray-element>
                <str-tunarray-element>
                    <left>3</left>
                    <right>3</right>
                </str-tunarray-element>
                <str-tunarray-element>
                    <left>5</left>
                    <right>5</right>
                </str-tunarray-element>
                <str-tunarray-element>
                    <left>5</left>
                    <right>5</right>
                </str-tunarray-element>
                <str-tunarray-element>
                    <left>5</left>
                    <right>5</right>
                </str-tunarray-element>
                <str-tunarray-element>
                    <left>5</left>
                    <right>5</right>
                </str-tunarray-element>
                <str-tunarray-element>
                    <left>5</left>
                    <right>5</right>
                </str-tunarray-element>
                <str-tunarray-element>
                    <left>5</left>
                    <right>5</right>
                </str-tunarray-element>
                <str-tunarray-element>
                    <left>5</left>
                    <right>5</right>
                </str-tunarray-element>
                <str-tunarray-element>
                    <left>5</left>
                    <right>5</right>
                </str-tunarray-element>
                <str-tunarray-element>
                    <left>5</left>
                    <right>5</right>
                </str-tunarray-element>
            </str-tunarray-element>
            <str-tunarray-element>
                <str-tunarray-element>
                    <left>1</left>
                    <right>1</right>
                </str-tunarray-element>
                <str-tunarray-element>
                    <left>5</left>
                    <right>5</right>
                </str-tunarray-element>
                <str-tunarray-element>
                    <left>5</left>
                    <right>5</right>
                </str-tunarray-element>
                <str-tunarray-element>
                    <left>5</left>
                    <right>5</right>
                </str-tunarray-element>
                <str-tunarray-element>
                    <left>5</left>
                    <right>5</right>
                </str-tunarray-element>
                <str-tunarray-element>
                    <left>5</left>
                    <right>5</right>
                </str-tunarray-element>
                <str-tunarray-element>
                    <left>5</left>
                    <right>5</right>
                </str-tunarray-element>
                <str-tunarray-element>
                    <left>5</left>
                    <right>5</right>
                </str-tunarray-element>
                <str-tunarray-element>
                    <left>5</left>
                    <right>5</right>
                </str-tunarray-element>
                <str-tunarray-element>
                    <left>5</left>
                    <right>5</right>
                </str-tunarray-element>
            </str-tunarray-element>
            <str-tunarray-element>
                <str-tunarray-element>
                    <left>12</left>
                    <right>12</right>
                </str-tunarray-element>
                <str-tunarray-element>
                    <left>12</left>
                    <right>12</right>
                </str-tunarray-element>
                <str-tunarray-element>
                    <left>12</left>
                    <right>12</right>
                </str-tunarray-element>
                <str-tunarray-element>
                    <left>12</left>
                    <right>12</right>
                </str-tunarray-element>
                <str-tunarray-element>
                    <left>12</left>
                    <right>12</right>
                </str-tunarray-element>
                <str-tunarray-element>
                    <left>12</left>
                    <right>12</right>
                </str-tunarray-element>
                <str-tunarray-element>
                    <left>12</left>
                    <right>12</right>
                </str-tunarray-element>
                <str-tunarray-element>
                    <left>12</left>
                    <right>12</right>
                </str-tunarray-element>
                <str-tunarray-element>
                    <left>12</left>
                    <right>12</right>
                </str-tunarray-element>
                <str-tunarray-element>
                    <left>12</left>
                    <right>12</right>
                </str-tunarray-element>
            </str-tunarray-element>
            <str-tunarray-element>
                <str-tunarray-element>
                    <left>4</left>
                    <right>4</right>
                </str-tunarray-element>
                <str-tunarray-element>
                    <left>5</left>
                    <right>5</right>
                </str-tunarray-element>
                <str-tunarray-element>
                    <left>5</left>
                    <right>5</right>
                </str-tunarray-element>
                <str-tunarray-element>
                    <left>5</left>
                    <right>5</right>
                </str-tunarray-element>
                <str-tunarray-element>
                    <left>5</left>
                    <right>5</right>
                </str-tunarray-element>
                <str-tunarray-element>
                    <left>5</left>
                    <right>5</right>
                </str-tunarray-element>
                <str-tunarray-element>
                    <left>5</left>
                    <right>5</right>
                </str-tunarray-element>
                <str-tunarray-element>
                    <left>5</left>
                    <right>5</right>
                </str-tunarray-element>
                <str-tunarray-element>
                    <left>5</left>
                    <right>5</right>
                </str-tunarray-element>
                <str-tunarray-element>
                    <left>5</left>
                    <right>5</right>
                </str-tunarray-element>
            </str-tunarray-element>
            <str-tunarray-element>
                <str-tunarray-element>
                    <left>2</left>
                    <right>2</right>
                </str-tunarray-element>
                <str-tunarray-element>
                    <left>5</left>
                    <right>5</right>
                </str-tunarray-element>
                <str-tunarray-element>
                    <left>5</left>
                    <right>5</right>
                </str-tunarray-element>
                <str-tunarray-element>
                    <left>5</left>
                    <right>5</right>
                </str-tunarray-element>
                <str-tunarray-element>
                    <left>5</left>
                    <right>5</right>
                </str-tunarray-element>
                <str-tunarray-element>
                    <left>5</left>
                    <right>5</right>
                </str-tunarray-element>
                <str-tunarray-element>
                    <left>5</left>
                    <right>5</right>
                </str-tunarray-element>
                <str-tunarray-element>
                    <left>5</left>
                    <right>5</right>
                </str-tunarray-element>
                <str-tunarray-element>
                    <left>5</left>
                    <right>5</right>
                </str-tunarray-element>
                <str-tunarray-element>
                    <left>5</left>
                    <right>5</right>
                </str-tunarray-element>
            </str-tunarray-element>
        </sequences>
    </data>
</entry-amz-lights>
