<entry-ussa76ex>
    <id>40</id>
    <filename>us76ex.bin</filename>
    <version>
        <major>7</major>
        <minor>3</minor>
        <revision>1</revision>
    </version>
    <data>
        <enable>0</enable>
        <addr>
            <uav>4278190080</uav>
        </addr>
        <period>60.0</period>
        <ext-alt>1</ext-alt>
        <alt>
            <vref-kval>
                <type>65534</type>
                <kval>0.0</kval>
            </vref-kval>
        </alt>
        <T1>288.16</T1>
    </data>
</entry-ussa76ex>
