<entry-mrvar>
    <id>136</id>
    <filename>mrvar.bin</filename>
    <version>
        <major>7</major>
        <minor>3</minor>
        <revision>1</revision>
    </version>
    <data>
        <map>
            <str-tunarray-element>
                <id>3100</id>
                <value>
                    <description>
                        <name/>
                    </description>
                    <unit>
                        <no-exist-unit>
                            <exist>0</exist>
                        </no-exist-unit>
                    </unit>
                </value>
            </str-tunarray-element>
            <str-tunarray-element>
                <id>3101</id>
                <value>
                    <description>
                        <name/>
                    </description>
                    <unit>
                        <no-exist-unit>
                            <exist>0</exist>
                        </no-exist-unit>
                    </unit>
                </value>
            </str-tunarray-element>
            <str-tunarray-element>
                <id>3102</id>
                <value>
                    <description>
                        <name/>
                    </description>
                    <unit>
                        <no-exist-unit>
                            <exist>0</exist>
                        </no-exist-unit>
                    </unit>
                </value>
            </str-tunarray-element>
            <str-tunarray-element>
                <id>3103</id>
                <value>
                    <description>
                        <name/>
                    </description>
                    <unit>
                        <no-exist-unit>
                            <exist>0</exist>
                        </no-exist-unit>
                    </unit>
                </value>
            </str-tunarray-element>
            <str-tunarray-element>
                <id>3104</id>
                <value>
                    <description>
                        <name/>
                    </description>
                    <unit>
                        <no-exist-unit>
                            <exist>0</exist>
                        </no-exist-unit>
                    </unit>
                </value>
            </str-tunarray-element>
            <str-tunarray-element>
                <id>3105</id>
                <value>
                    <description>
                        <name/>
                    </description>
                    <unit>
                        <no-exist-unit>
                            <exist>0</exist>
                        </no-exist-unit>
                    </unit>
                </value>
            </str-tunarray-element>
            <str-tunarray-element>
                <id>3106</id>
                <value>
                    <description>
                        <name/>
                    </description>
                    <unit>
                        <no-exist-unit>
                            <exist>0</exist>
                        </no-exist-unit>
                    </unit>
                </value>
            </str-tunarray-element>
            <str-tunarray-element>
                <id>3107</id>
                <value>
                    <description>
                        <name/>
                    </description>
                    <unit>
                        <no-exist-unit>
                            <exist>0</exist>
                        </no-exist-unit>
                    </unit>
                </value>
            </str-tunarray-element>
            <str-tunarray-element>
                <id>3108</id>
                <value>
                    <description>
                        <name/>
                    </description>
                    <unit>
                        <no-exist-unit>
                            <exist>0</exist>
                        </no-exist-unit>
                    </unit>
                </value>
            </str-tunarray-element>
            <str-tunarray-element>
                <id>3109</id>
                <value>
                    <description>
                        <name/>
                    </description>
                    <unit>
                        <no-exist-unit>
                            <exist>0</exist>
                        </no-exist-unit>
                    </unit>
                </value>
            </str-tunarray-element>
            <str-tunarray-element>
                <id>3110</id>
                <value>
                    <description>
                        <name/>
                    </description>
                    <unit>
                        <no-exist-unit>
                            <exist>0</exist>
                        </no-exist-unit>
                    </unit>
                </value>
            </str-tunarray-element>
            <str-tunarray-element>
                <id>3111</id>
                <value>
                    <description>
                        <name/>
                    </description>
                    <unit>
                        <no-exist-unit>
                            <exist>0</exist>
                        </no-exist-unit>
                    </unit>
                </value>
            </str-tunarray-element>
            <str-tunarray-element>
                <id>3112</id>
                <value>
                    <description>
                        <name/>
                    </description>
                    <unit>
                        <no-exist-unit>
                            <exist>0</exist>
                        </no-exist-unit>
                    </unit>
                </value>
            </str-tunarray-element>
            <str-tunarray-element>
                <id>3113</id>
                <value>
                    <description>
                        <name/>
                    </description>
                    <unit>
                        <no-exist-unit>
                            <exist>0</exist>
                        </no-exist-unit>
                    </unit>
                </value>
            </str-tunarray-element>
            <str-tunarray-element>
                <id>3114</id>
                <value>
                    <description>
                        <name/>
                    </description>
                    <unit>
                        <no-exist-unit>
                            <exist>0</exist>
                        </no-exist-unit>
                    </unit>
                </value>
            </str-tunarray-element>
            <str-tunarray-element>
                <id>3115</id>
                <value>
                    <description>
                        <name/>
                    </description>
                    <unit>
                        <no-exist-unit>
                            <exist>0</exist>
                        </no-exist-unit>
                    </unit>
                </value>
            </str-tunarray-element>
            <str-tunarray-element>
                <id>3116</id>
                <value>
                    <description>
                        <name/>
                    </description>
                    <unit>
                        <no-exist-unit>
                            <exist>0</exist>
                        </no-exist-unit>
                    </unit>
                </value>
            </str-tunarray-element>
            <str-tunarray-element>
                <id>3117</id>
                <value>
                    <description>
                        <name/>
                    </description>
                    <unit>
                        <no-exist-unit>
                            <exist>0</exist>
                        </no-exist-unit>
                    </unit>
                </value>
            </str-tunarray-element>
            <str-tunarray-element>
                <id>3118</id>
                <value>
                    <description>
                        <name/>
                    </description>
                    <unit>
                        <no-exist-unit>
                            <exist>0</exist>
                        </no-exist-unit>
                    </unit>
                </value>
            </str-tunarray-element>
            <str-tunarray-element>
                <id>3119</id>
                <value>
                    <description>
                        <name/>
                    </description>
                    <unit>
                        <no-exist-unit>
                            <exist>0</exist>
                        </no-exist-unit>
                    </unit>
                </value>
            </str-tunarray-element>
            <str-tunarray-element>
                <id>3120</id>
                <value>
                    <description>
                        <name/>
                    </description>
                    <unit>
                        <no-exist-unit>
                            <exist>0</exist>
                        </no-exist-unit>
                    </unit>
                </value>
            </str-tunarray-element>
            <str-tunarray-element>
                <id>3121</id>
                <value>
                    <description>
                        <name/>
                    </description>
                    <unit>
                        <no-exist-unit>
                            <exist>0</exist>
                        </no-exist-unit>
                    </unit>
                </value>
            </str-tunarray-element>
            <str-tunarray-element>
                <id>3122</id>
                <value>
                    <description>
                        <name/>
                    </description>
                    <unit>
                        <no-exist-unit>
                            <exist>0</exist>
                        </no-exist-unit>
                    </unit>
                </value>
            </str-tunarray-element>
            <str-tunarray-element>
                <id>3123</id>
                <value>
                    <description>
                        <name/>
                    </description>
                    <unit>
                        <no-exist-unit>
                            <exist>0</exist>
                        </no-exist-unit>
                    </unit>
                </value>
            </str-tunarray-element>
            <str-tunarray-element>
                <id>3124</id>
                <value>
                    <description>
                        <name/>
                    </description>
                    <unit>
                        <no-exist-unit>
                            <exist>0</exist>
                        </no-exist-unit>
                    </unit>
                </value>
            </str-tunarray-element>
            <str-tunarray-element>
                <id>3125</id>
                <value>
                    <description>
                        <name/>
                    </description>
                    <unit>
                        <no-exist-unit>
                            <exist>0</exist>
                        </no-exist-unit>
                    </unit>
                </value>
            </str-tunarray-element>
            <str-tunarray-element>
                <id>3126</id>
                <value>
                    <description>
                        <name/>
                    </description>
                    <unit>
                        <no-exist-unit>
                            <exist>0</exist>
                        </no-exist-unit>
                    </unit>
                </value>
            </str-tunarray-element>
            <str-tunarray-element>
                <id>3127</id>
                <value>
                    <description>
                        <name/>
                    </description>
                    <unit>
                        <no-exist-unit>
                            <exist>0</exist>
                        </no-exist-unit>
                    </unit>
                </value>
            </str-tunarray-element>
            <str-tunarray-element>
                <id>3128</id>
                <value>
                    <description>
                        <name/>
                    </description>
                    <unit>
                        <no-exist-unit>
                            <exist>0</exist>
                        </no-exist-unit>
                    </unit>
                </value>
            </str-tunarray-element>
            <str-tunarray-element>
                <id>3129</id>
                <value>
                    <description>
                        <name/>
                    </description>
                    <unit>
                        <no-exist-unit>
                            <exist>0</exist>
                        </no-exist-unit>
                    </unit>
                </value>
            </str-tunarray-element>
            <str-tunarray-element>
                <id>3130</id>
                <value>
                    <description>
                        <name/>
                    </description>
                    <unit>
                        <no-exist-unit>
                            <exist>0</exist>
                        </no-exist-unit>
                    </unit>
                </value>
            </str-tunarray-element>
            <str-tunarray-element>
                <id>3131</id>
                <value>
                    <description>
                        <name/>
                    </description>
                    <unit>
                        <no-exist-unit>
                            <exist>0</exist>
                        </no-exist-unit>
                    </unit>
                </value>
            </str-tunarray-element>
            <str-tunarray-element>
                <id>3132</id>
                <value>
                    <description>
                        <name/>
                    </description>
                    <unit>
                        <no-exist-unit>
                            <exist>0</exist>
                        </no-exist-unit>
                    </unit>
                </value>
            </str-tunarray-element>
            <str-tunarray-element>
                <id>3133</id>
                <value>
                    <description>
                        <name/>
                    </description>
                    <unit>
                        <no-exist-unit>
                            <exist>0</exist>
                        </no-exist-unit>
                    </unit>
                </value>
            </str-tunarray-element>
            <str-tunarray-element>
                <id>3134</id>
                <value>
                    <description>
                        <name/>
                    </description>
                    <unit>
                        <no-exist-unit>
                            <exist>0</exist>
                        </no-exist-unit>
                    </unit>
                </value>
            </str-tunarray-element>
            <str-tunarray-element>
                <id>3135</id>
                <value>
                    <description>
                        <name/>
                    </description>
                    <unit>
                        <no-exist-unit>
                            <exist>0</exist>
                        </no-exist-unit>
                    </unit>
                </value>
            </str-tunarray-element>
            <str-tunarray-element>
                <id>3136</id>
                <value>
                    <description>
                        <name/>
                    </description>
                    <unit>
                        <no-exist-unit>
                            <exist>0</exist>
                        </no-exist-unit>
                    </unit>
                </value>
            </str-tunarray-element>
            <str-tunarray-element>
                <id>3137</id>
                <value>
                    <description>
                        <name/>
                    </description>
                    <unit>
                        <no-exist-unit>
                            <exist>0</exist>
                        </no-exist-unit>
                    </unit>
                </value>
            </str-tunarray-element>
            <str-tunarray-element>
                <id>3138</id>
                <value>
                    <description>
                        <name/>
                    </description>
                    <unit>
                        <no-exist-unit>
                            <exist>0</exist>
                        </no-exist-unit>
                    </unit>
                </value>
            </str-tunarray-element>
            <str-tunarray-element>
                <id>3139</id>
                <value>
                    <description>
                        <name/>
                    </description>
                    <unit>
                        <no-exist-unit>
                            <exist>0</exist>
                        </no-exist-unit>
                    </unit>
                </value>
            </str-tunarray-element>
            <str-tunarray-element>
                <id>3140</id>
                <value>
                    <description>
                        <name/>
                    </description>
                    <unit>
                        <no-exist-unit>
                            <exist>0</exist>
                        </no-exist-unit>
                    </unit>
                </value>
            </str-tunarray-element>
            <str-tunarray-element>
                <id>3141</id>
                <value>
                    <description>
                        <name/>
                    </description>
                    <unit>
                        <no-exist-unit>
                            <exist>0</exist>
                        </no-exist-unit>
                    </unit>
                </value>
            </str-tunarray-element>
            <str-tunarray-element>
                <id>3142</id>
                <value>
                    <description>
                        <name/>
                    </description>
                    <unit>
                        <no-exist-unit>
                            <exist>0</exist>
                        </no-exist-unit>
                    </unit>
                </value>
            </str-tunarray-element>
            <str-tunarray-element>
                <id>3143</id>
                <value>
                    <description>
                        <name/>
                    </description>
                    <unit>
                        <no-exist-unit>
                            <exist>0</exist>
                        </no-exist-unit>
                    </unit>
                </value>
            </str-tunarray-element>
            <str-tunarray-element>
                <id>3144</id>
                <value>
                    <description>
                        <name/>
                    </description>
                    <unit>
                        <no-exist-unit>
                            <exist>0</exist>
                        </no-exist-unit>
                    </unit>
                </value>
            </str-tunarray-element>
            <str-tunarray-element>
                <id>3145</id>
                <value>
                    <description>
                        <name/>
                    </description>
                    <unit>
                        <no-exist-unit>
                            <exist>0</exist>
                        </no-exist-unit>
                    </unit>
                </value>
            </str-tunarray-element>
            <str-tunarray-element>
                <id>3146</id>
                <value>
                    <description>
                        <name/>
                    </description>
                    <unit>
                        <no-exist-unit>
                            <exist>0</exist>
                        </no-exist-unit>
                    </unit>
                </value>
            </str-tunarray-element>
            <str-tunarray-element>
                <id>3147</id>
                <value>
                    <description>
                        <name/>
                    </description>
                    <unit>
                        <no-exist-unit>
                            <exist>0</exist>
                        </no-exist-unit>
                    </unit>
                </value>
            </str-tunarray-element>
            <str-tunarray-element>
                <id>1201</id>
                <value>
                    <description>
                        <name/>
                    </description>
                    <unit>
                        <no-exist-unit>
                            <exist>0</exist>
                        </no-exist-unit>
                    </unit>
                </value>
            </str-tunarray-element>
            <str-tunarray-element>
                <id>1100</id>
                <value>
                    <description>
                        <name/>
                    </description>
                    <unit>
                        <no-exist-unit>
                            <exist>0</exist>
                        </no-exist-unit>
                    </unit>
                </value>
            </str-tunarray-element>
            <str-tunarray-element>
                <id>1101</id>
                <value>
                    <description>
                        <name/>
                    </description>
                    <unit>
                        <no-exist-unit>
                            <exist>0</exist>
                        </no-exist-unit>
                    </unit>
                </value>
            </str-tunarray-element>
            <str-tunarray-element>
                <id>3200</id>
                <value>
                    <description>
                        <name>mon_nav_step_max</name>
                    </description>
                    <unit>
                        <no-exist-unit>
                            <exist>0</exist>
                        </no-exist-unit>
                    </unit>
                </value>
            </str-tunarray-element>
            <str-tunarray-element>
                <id>3201</id>
                <value>
                    <description>
                        <name>mon_nav_step_avg</name>
                    </description>
                    <unit>
                        <no-exist-unit>
                            <exist>0</exist>
                        </no-exist-unit>
                    </unit>
                </value>
            </str-tunarray-element>
            <str-tunarray-element>
                <id>3202</id>
                <value>
                    <description>
                        <name>mlogctrl_max</name>
                    </description>
                    <unit>
                        <no-exist-unit>
                            <exist>0</exist>
                        </no-exist-unit>
                    </unit>
                </value>
            </str-tunarray-element>
            <str-tunarray-element>
                <id>3203</id>
                <value>
                    <description>
                        <name>mlogctrl_avg</name>
                    </description>
                    <unit>
                        <no-exist-unit>
                            <exist>0</exist>
                        </no-exist-unit>
                    </unit>
                </value>
            </str-tunarray-element>
            <str-tunarray-element>
                <id>3204</id>
                <value>
                    <description>
                        <name>nav_pre_max</name>
                    </description>
                    <unit>
                        <no-exist-unit>
                            <exist>0</exist>
                        </no-exist-unit>
                    </unit>
                </value>
            </str-tunarray-element>
            <str-tunarray-element>
                <id>3205</id>
                <value>
                    <description>
                        <name>nav_pre_avg</name>
                    </description>
                    <unit>
                        <no-exist-unit>
                            <exist>0</exist>
                        </no-exist-unit>
                    </unit>
                </value>
            </str-tunarray-element>
            <str-tunarray-element>
                <id>3206</id>
                <value>
                    <description>
                        <name>nav_step_max</name>
                    </description>
                    <unit>
                        <no-exist-unit>
                            <exist>0</exist>
                        </no-exist-unit>
                    </unit>
                </value>
            </str-tunarray-element>
            <str-tunarray-element>
                <id>3207</id>
                <value>
                    <description>
                        <name>nav_step_avg</name>
                    </description>
                    <unit>
                        <no-exist-unit>
                            <exist>0</exist>
                        </no-exist-unit>
                    </unit>
                </value>
            </str-tunarray-element>
            <str-tunarray-element>
                <id>3208</id>
                <value>
                    <description>
                        <name>nav_post_max</name>
                    </description>
                    <unit>
                        <no-exist-unit>
                            <exist>0</exist>
                        </no-exist-unit>
                    </unit>
                </value>
            </str-tunarray-element>
            <str-tunarray-element>
                <id>3209</id>
                <value>
                    <description>
                        <name>nav_post_avg</name>
                    </description>
                    <unit>
                        <no-exist-unit>
                            <exist>0</exist>
                        </no-exist-unit>
                    </unit>
                </value>
            </str-tunarray-element>
            <str-tunarray-element>
                <id>3210</id>
                <value>
                    <description>
                        <name>est_beg_max</name>
                    </description>
                    <unit>
                        <no-exist-unit>
                            <exist>0</exist>
                        </no-exist-unit>
                    </unit>
                </value>
            </str-tunarray-element>
            <str-tunarray-element>
                <id>3211</id>
                <value>
                    <description>
                        <name>est_beg_avg</name>
                    </description>
                    <unit>
                        <no-exist-unit>
                            <exist>0</exist>
                        </no-exist-unit>
                    </unit>
                </value>
            </str-tunarray-element>
            <str-tunarray-element>
                <id>3212</id>
                <value>
                    <description>
                        <name>covprop_max</name>
                    </description>
                    <unit>
                        <no-exist-unit>
                            <exist>0</exist>
                        </no-exist-unit>
                    </unit>
                </value>
            </str-tunarray-element>
            <str-tunarray-element>
                <id>3213</id>
                <value>
                    <description>
                        <name>covprop_avg</name>
                    </description>
                    <unit>
                        <no-exist-unit>
                            <exist>0</exist>
                        </no-exist-unit>
                    </unit>
                </value>
            </str-tunarray-element>
            <str-tunarray-element>
                <id>3214</id>
                <value>
                    <description>
                        <name>input_meas_max</name>
                    </description>
                    <unit>
                        <no-exist-unit>
                            <exist>0</exist>
                        </no-exist-unit>
                    </unit>
                </value>
            </str-tunarray-element>
            <str-tunarray-element>
                <id>3215</id>
                <value>
                    <description>
                        <name>input_meas_avg</name>
                    </description>
                    <unit>
                        <no-exist-unit>
                            <exist>0</exist>
                        </no-exist-unit>
                    </unit>
                </value>
            </str-tunarray-element>
            <str-tunarray-element>
                <id>3216</id>
                <value>
                    <description>
                        <name>est_end_max</name>
                    </description>
                    <unit>
                        <no-exist-unit>
                            <exist>0</exist>
                        </no-exist-unit>
                    </unit>
                </value>
            </str-tunarray-element>
            <str-tunarray-element>
                <id>3217</id>
                <value>
                    <description>
                        <name>est_end_avg</name>
                    </description>
                    <unit>
                        <no-exist-unit>
                            <exist>0</exist>
                        </no-exist-unit>
                    </unit>
                </value>
            </str-tunarray-element>
            <str-tunarray-element>
                <id>3218</id>
                <value>
                    <description>
                        <name>covprop_full_max</name>
                    </description>
                    <unit>
                        <no-exist-unit>
                            <exist>0</exist>
                        </no-exist-unit>
                    </unit>
                </value>
            </str-tunarray-element>
            <str-tunarray-element>
                <id>3219</id>
                <value>
                    <description>
                        <name>covprop_full_avg</name>
                    </description>
                    <unit>
                        <no-exist-unit>
                            <exist>0</exist>
                        </no-exist-unit>
                    </unit>
                </value>
            </str-tunarray-element>
            <str-tunarray-element>
                <id>3220</id>
                <value>
                    <description>
                        <name>in_vel_max</name>
                    </description>
                    <unit>
                        <no-exist-unit>
                            <exist>0</exist>
                        </no-exist-unit>
                    </unit>
                </value>
            </str-tunarray-element>
            <str-tunarray-element>
                <id>3221</id>
                <value>
                    <description>
                        <name>in_vel_avg</name>
                    </description>
                    <unit>
                        <no-exist-unit>
                            <exist>0</exist>
                        </no-exist-unit>
                    </unit>
                </value>
            </str-tunarray-element>
            <str-tunarray-element>
                <id>3222</id>
                <value>
                    <description>
                        <name>in_pos_max</name>
                    </description>
                    <unit>
                        <no-exist-unit>
                            <exist>0</exist>
                        </no-exist-unit>
                    </unit>
                </value>
            </str-tunarray-element>
            <str-tunarray-element>
                <id>3223</id>
                <value>
                    <description>
                        <name>in_pos_avg</name>
                    </description>
                    <unit>
                        <no-exist-unit>
                            <exist>0</exist>
                        </no-exist-unit>
                    </unit>
                </value>
            </str-tunarray-element>
            <str-tunarray-element>
                <id>3224</id>
                <value>
                    <description>
                        <name>in_stp_max</name>
                    </description>
                    <unit>
                        <no-exist-unit>
                            <exist>0</exist>
                        </no-exist-unit>
                    </unit>
                </value>
            </str-tunarray-element>
            <str-tunarray-element>
                <id>3225</id>
                <value>
                    <description>
                        <name>in_stp_avg</name>
                    </description>
                    <unit>
                        <no-exist-unit>
                            <exist>0</exist>
                        </no-exist-unit>
                    </unit>
                </value>
            </str-tunarray-element>
            <str-tunarray-element>
                <id>3226</id>
                <value>
                    <description>
                        <name>in_lidar_max</name>
                    </description>
                    <unit>
                        <no-exist-unit>
                            <exist>0</exist>
                        </no-exist-unit>
                    </unit>
                </value>
            </str-tunarray-element>
            <str-tunarray-element>
                <id>3227</id>
                <value>
                    <description>
                        <name>in_lidar_avg</name>
                    </description>
                    <unit>
                        <no-exist-unit>
                            <exist>0</exist>
                        </no-exist-unit>
                    </unit>
                </value>
            </str-tunarray-element>
            <str-tunarray-element>
                <id>3228</id>
                <value>
                    <description>
                        <name>in_dynpres_max</name>
                    </description>
                    <unit>
                        <no-exist-unit>
                            <exist>0</exist>
                        </no-exist-unit>
                    </unit>
                </value>
            </str-tunarray-element>
            <str-tunarray-element>
                <id>3229</id>
                <value>
                    <description>
                        <name>in_dynpres_avg</name>
                    </description>
                    <unit>
                        <no-exist-unit>
                            <exist>0</exist>
                        </no-exist-unit>
                    </unit>
                </value>
            </str-tunarray-element>
            <str-tunarray-element>
                <id>3300</id>
                <value>
                    <description>
                        <name>mon_pri_motor_rpm_cmd_freq_hz</name>
                    </description>
                    <unit>
                        <no-exist-unit>
                            <exist>0</exist>
                        </no-exist-unit>
                    </unit>
                </value>
            </str-tunarray-element>
            <str-tunarray-element>
                <id>3301</id>
                <value>
                    <description>
                        <name>mon_pri_motor_rpm_cmd_prev_ts_s</name>
                    </description>
                    <unit>
                        <no-exist-unit>
                            <exist>0</exist>
                        </no-exist-unit>
                    </unit>
                </value>
            </str-tunarray-element>
            <str-tunarray-element>
                <id>3230</id>
                <value>
                    <description>
                        <name>mon_nav_in_step_imu_max</name>
                    </description>
                    <unit>
                        <no-exist-unit>
                            <exist>0</exist>
                        </no-exist-unit>
                    </unit>
                </value>
            </str-tunarray-element>
            <str-tunarray-element>
                <id>3231</id>
                <value>
                    <description>
                        <name>mon_nav_in_step_imu_avg</name>
                    </description>
                    <unit>
                        <no-exist-unit>
                            <exist>0</exist>
                        </no-exist-unit>
                    </unit>
                </value>
            </str-tunarray-element>
            <str-tunarray-element>
                <id>3232</id>
                <value>
                    <description>
                        <name>mon_nav_in_step_gnss_max</name>
                    </description>
                    <unit>
                        <no-exist-unit>
                            <exist>0</exist>
                        </no-exist-unit>
                    </unit>
                </value>
            </str-tunarray-element>
            <str-tunarray-element>
                <id>3233</id>
                <value>
                    <description>
                        <name>mon_nav_in_step_gnss_avg</name>
                    </description>
                    <unit>
                        <no-exist-unit>
                            <exist>0</exist>
                        </no-exist-unit>
                    </unit>
                </value>
            </str-tunarray-element>
            <str-tunarray-element>
                <id>3234</id>
                <value>
                    <description>
                        <name>mon_nav_in_step_lidar_max</name>
                    </description>
                    <unit>
                        <no-exist-unit>
                            <exist>0</exist>
                        </no-exist-unit>
                    </unit>
                </value>
            </str-tunarray-element>
            <str-tunarray-element>
                <id>3235</id>
                <value>
                    <description>
                        <name>mon_nav_in_step_lidar_avg</name>
                    </description>
                    <unit>
                        <no-exist-unit>
                            <exist>0</exist>
                        </no-exist-unit>
                    </unit>
                </value>
            </str-tunarray-element>
            <str-tunarray-element>
                <id>3236</id>
                <value>
                    <description>
                        <name>mon_nav_in_step_dynp_max</name>
                    </description>
                    <unit>
                        <no-exist-unit>
                            <exist>0</exist>
                        </no-exist-unit>
                    </unit>
                </value>
            </str-tunarray-element>
            <str-tunarray-element>
                <id>3237</id>
                <value>
                    <description>
                        <name>mon_nav_in_step_dynp_avg</name>
                    </description>
                    <unit>
                        <no-exist-unit>
                            <exist>0</exist>
                        </no-exist-unit>
                    </unit>
                </value>
            </str-tunarray-element>
            <str-tunarray-element>
                <id>3238</id>
                <value>
                    <description>
                        <name>mon_nav_in_step_stp_max</name>
                    </description>
                    <unit>
                        <no-exist-unit>
                            <exist>0</exist>
                        </no-exist-unit>
                    </unit>
                </value>
            </str-tunarray-element>
            <str-tunarray-element>
                <id>3239</id>
                <value>
                    <description>
                        <name>mon_nav_in_step_stp_avg</name>
                    </description>
                    <unit>
                        <no-exist-unit>
                            <exist>0</exist>
                        </no-exist-unit>
                    </unit>
                </value>
            </str-tunarray-element>
            <str-tunarray-element>
                <id>3240</id>
                <value>
                    <description>
                        <name>mon_nav_in_step_gnss_time_max</name>
                    </description>
                    <unit>
                        <no-exist-unit>
                            <exist>0</exist>
                        </no-exist-unit>
                    </unit>
                </value>
            </str-tunarray-element>
            <str-tunarray-element>
                <id>3241</id>
                <value>
                    <description>
                        <name>mon_nav_in_step_gnss_time_avg</name>
                    </description>
                    <unit>
                        <no-exist-unit>
                            <exist>0</exist>
                        </no-exist-unit>
                    </unit>
                </value>
            </str-tunarray-element>
            <str-tunarray-element>
                <id>3242</id>
                <value>
                    <description>
                        <name>mon_nav_out_mgr_step_max</name>
                    </description>
                    <unit>
                        <no-exist-unit>
                            <exist>0</exist>
                        </no-exist-unit>
                    </unit>
                </value>
            </str-tunarray-element>
            <str-tunarray-element>
                <id>3243</id>
                <value>
                    <description>
                        <name>mon_nav_out_mgr_step_avg</name>
                    </description>
                    <unit>
                        <no-exist-unit>
                            <exist>0</exist>
                        </no-exist-unit>
                    </unit>
                </value>
            </str-tunarray-element>
            <str-tunarray-element>
                <id>3302</id>
                <value>
                    <description>
                        <name>mon_read_rpm_max</name>
                    </description>
                    <unit>
                        <no-exist-unit>
                            <exist>0</exist>
                        </no-exist-unit>
                    </unit>
                </value>
            </str-tunarray-element>
            <str-tunarray-element>
                <id>3303</id>
                <value>
                    <description>
                        <name>mon_read_rpm_avg</name>
                    </description>
                    <unit>
                        <no-exist-unit>
                            <exist>0</exist>
                        </no-exist-unit>
                    </unit>
                </value>
            </str-tunarray-element>
            <str-tunarray-element>
                <id>3304</id>
                <value>
                    <description>
                        <name>mon_step_max</name>
                    </description>
                    <unit>
                        <no-exist-unit>
                            <exist>0</exist>
                        </no-exist-unit>
                    </unit>
                </value>
            </str-tunarray-element>
            <str-tunarray-element>
                <id>3305</id>
                <value>
                    <description>
                        <name>mon_step_avg</name>
                    </description>
                    <unit>
                        <no-exist-unit>
                            <exist>0</exist>
                        </no-exist-unit>
                    </unit>
                </value>
            </str-tunarray-element>
            <str-tunarray-element>
                <id>3306</id>
                <value>
                    <description>
                        <name>mon_step_pretakoff_max</name>
                    </description>
                    <unit>
                        <no-exist-unit>
                            <exist>0</exist>
                        </no-exist-unit>
                    </unit>
                </value>
            </str-tunarray-element>
            <str-tunarray-element>
                <id>3307</id>
                <value>
                    <description>
                        <name>mon_step_pretakeoff_avg</name>
                    </description>
                    <unit>
                        <no-exist-unit>
                            <exist>0</exist>
                        </no-exist-unit>
                    </unit>
                </value>
            </str-tunarray-element>
            <str-tunarray-element>
                <id>3308</id>
                <value>
                    <description>
                        <name>mon_step_loss_check_max</name>
                    </description>
                    <unit>
                        <no-exist-unit>
                            <exist>0</exist>
                        </no-exist-unit>
                    </unit>
                </value>
            </str-tunarray-element>
            <str-tunarray-element>
                <id>3309</id>
                <value>
                    <description>
                        <name>mon_step_loss_check_avg</name>
                    </description>
                    <unit>
                        <no-exist-unit>
                            <exist>0</exist>
                        </no-exist-unit>
                    </unit>
                </value>
            </str-tunarray-element>
            <str-tunarray-element>
                <id>3310</id>
                <value>
                    <description>
                        <name>mon_step_nav_check_max</name>
                    </description>
                    <unit>
                        <no-exist-unit>
                            <exist>0</exist>
                        </no-exist-unit>
                    </unit>
                </value>
            </str-tunarray-element>
            <str-tunarray-element>
                <id>3311</id>
                <value>
                    <description>
                        <name>mon_step_nav_check_avg</name>
                    </description>
                    <unit>
                        <no-exist-unit>
                            <exist>0</exist>
                        </no-exist-unit>
                    </unit>
                </value>
            </str-tunarray-element>
            <str-tunarray-element>
                <id>3312</id>
                <value>
                    <description>
                        <name>mon_step_vehicle_check_max</name>
                    </description>
                    <unit>
                        <no-exist-unit>
                            <exist>0</exist>
                        </no-exist-unit>
                    </unit>
                </value>
            </str-tunarray-element>
            <str-tunarray-element>
                <id>3313</id>
                <value>
                    <description>
                        <name>mon_step_vehicle_check_avg</name>
                    </description>
                    <unit>
                        <no-exist-unit>
                            <exist>0</exist>
                        </no-exist-unit>
                    </unit>
                </value>
            </str-tunarray-element>
            <str-tunarray-element>
                <id>3314</id>
                <value>
                    <description>
                        <name>mon_step_pos_check_max</name>
                    </description>
                    <unit>
                        <no-exist-unit>
                            <exist>0</exist>
                        </no-exist-unit>
                    </unit>
                </value>
            </str-tunarray-element>
            <str-tunarray-element>
                <id>3315</id>
                <value>
                    <description>
                        <name>mon_step_pos_check_avg</name>
                    </description>
                    <unit>
                        <no-exist-unit>
                            <exist>0</exist>
                        </no-exist-unit>
                    </unit>
                </value>
            </str-tunarray-element>
            <str-tunarray-element>
                <id>3316</id>
                <value>
                    <description>
                        <name>mon_step_switchover_check_max</name>
                    </description>
                    <unit>
                        <no-exist-unit>
                            <exist>0</exist>
                        </no-exist-unit>
                    </unit>
                </value>
            </str-tunarray-element>
            <str-tunarray-element>
                <id>3317</id>
                <value>
                    <description>
                        <name>mon_step_switchover_check_avg</name>
                    </description>
                    <unit>
                        <no-exist-unit>
                            <exist>0</exist>
                        </no-exist-unit>
                    </unit>
                </value>
            </str-tunarray-element>
            <str-tunarray-element>
                <id>3318</id>
                <value>
                    <description>
                        <name>mon_pri_motor_rpm_cmd_delta_t_ms</name>
                    </description>
                    <unit>
                        <no-exist-unit>
                            <exist>0</exist>
                        </no-exist-unit>
                    </unit>
                </value>
            </str-tunarray-element>
            <str-tunarray-element>
                <id>3319</id>
                <value>
                    <description>
                        <name>mon_pri_motor_rpm_cmd_max_delta_t_ms</name>
                    </description>
                    <unit>
                        <no-exist-unit>
                            <exist>0</exist>
                        </no-exist-unit>
                    </unit>
                </value>
            </str-tunarray-element>
            <str-tunarray-element>
                <id>3320</id>
                <value>
                    <description>
                        <name>mon_motor_perf_1_time_since_last_msg_ms</name>
                    </description>
                    <unit>
                        <no-exist-unit>
                            <exist>0</exist>
                        </no-exist-unit>
                    </unit>
                </value>
            </str-tunarray-element>
            <str-tunarray-element>
                <id>3321</id>
                <value>
                    <description>
                        <name>mon_motor_perf_2_time_since_last_msg_ms</name>
                    </description>
                    <unit>
                        <no-exist-unit>
                            <exist>0</exist>
                        </no-exist-unit>
                    </unit>
                </value>
            </str-tunarray-element>
            <str-tunarray-element>
                <id>3322</id>
                <value>
                    <description>
                        <name>mon_motor_perf_3_time_since_last_msg_ms</name>
                    </description>
                    <unit>
                        <no-exist-unit>
                            <exist>0</exist>
                        </no-exist-unit>
                    </unit>
                </value>
            </str-tunarray-element>
            <str-tunarray-element>
                <id>3323</id>
                <value>
                    <description>
                        <name>mon_motor_perf_4_time_since_last_msg_ms</name>
                    </description>
                    <unit>
                        <no-exist-unit>
                            <exist>0</exist>
                        </no-exist-unit>
                    </unit>
                </value>
            </str-tunarray-element>
            <str-tunarray-element>
                <id>3324</id>
                <value>
                    <description>
                        <name>mon_motor_perf_5_time_since_last_msg_ms</name>
                    </description>
                    <unit>
                        <no-exist-unit>
                            <exist>0</exist>
                        </no-exist-unit>
                    </unit>
                </value>
            </str-tunarray-element>
            <str-tunarray-element>
                <id>3325</id>
                <value>
                    <description>
                        <name>mon_motor_perf_6_time_since_last_msg_ms</name>
                    </description>
                    <unit>
                        <no-exist-unit>
                            <exist>0</exist>
                        </no-exist-unit>
                    </unit>
                </value>
            </str-tunarray-element>
            <str-tunarray-element>
                <id>3326</id>
                <value>
                    <description>
                        <name>mon_motor_perf_1_max_time_since_last_msg_ms</name>
                    </description>
                    <unit>
                        <no-exist-unit>
                            <exist>0</exist>
                        </no-exist-unit>
                    </unit>
                </value>
            </str-tunarray-element>
            <str-tunarray-element>
                <id>3327</id>
                <value>
                    <description>
                        <name>mon_motor_perf_2_max_time_since_last_msg_ms</name>
                    </description>
                    <unit>
                        <no-exist-unit>
                            <exist>0</exist>
                        </no-exist-unit>
                    </unit>
                </value>
            </str-tunarray-element>
            <str-tunarray-element>
                <id>3328</id>
                <value>
                    <description>
                        <name>mon_motor_perf_3_max_time_since_last_msg_ms</name>
                    </description>
                    <unit>
                        <no-exist-unit>
                            <exist>0</exist>
                        </no-exist-unit>
                    </unit>
                </value>
            </str-tunarray-element>
            <str-tunarray-element>
                <id>3329</id>
                <value>
                    <description>
                        <name>mon_motor_perf_4_max_time_since_last_msg_ms</name>
                    </description>
                    <unit>
                        <no-exist-unit>
                            <exist>0</exist>
                        </no-exist-unit>
                    </unit>
                </value>
            </str-tunarray-element>
            <str-tunarray-element>
                <id>3330</id>
                <value>
                    <description>
                        <name>mon_motor_perf_5_max_time_since_last_msg_ms</name>
                    </description>
                    <unit>
                        <no-exist-unit>
                            <exist>0</exist>
                        </no-exist-unit>
                    </unit>
                </value>
            </str-tunarray-element>
            <str-tunarray-element>
                <id>3331</id>
                <value>
                    <description>
                        <name>mon_motor_perf_6_max_time_since_last_msg_ms</name>
                    </description>
                    <unit>
                        <no-exist-unit>
                            <exist>0</exist>
                        </no-exist-unit>
                    </unit>
                </value>
            </str-tunarray-element>
            <str-tunarray-element>
                <id>3332</id>
                <value>
                    <description>
                        <name>mon_out_mgr_max</name>
                    </description>
                    <unit>
                        <no-exist-unit>
                            <exist>0</exist>
                        </no-exist-unit>
                    </unit>
                </value>
            </str-tunarray-element>
            <str-tunarray-element>
                <id>49</id>
                <value>
                    <description>
                        <name/>
                    </description>
                    <unit>
                        <no-exist-unit>
                            <exist>0</exist>
                        </no-exist-unit>
                    </unit>
                </value>
            </str-tunarray-element>
            <str-tunarray-element>
                <id>3333</id>
                <value>
                    <description>
                        <name>mon_out_mgr_avg</name>
                    </description>
                    <unit>
                        <no-exist-unit>
                            <exist>0</exist>
                        </no-exist-unit>
                    </unit>
                </value>
            </str-tunarray-element>
            <str-tunarray-element>
                <id>3400</id>
                <value>
                    <description>
                        <name>mon_input_freq_feed_airdata_hz</name>
                    </description>
                    <unit>
                        <no-exist-unit>
                            <exist>0</exist>
                        </no-exist-unit>
                    </unit>
                </value>
            </str-tunarray-element>
            <str-tunarray-element>
                <id>3401</id>
                <value>
                    <description>
                        <name>mon_input_freq_feed_onground_hz</name>
                    </description>
                    <unit>
                        <no-exist-unit>
                            <exist>0</exist>
                        </no-exist-unit>
                    </unit>
                </value>
            </str-tunarray-element>
            <str-tunarray-element>
                <id>3402</id>
                <value>
                    <description>
                        <name>mon_input_freq_feed_ccp_hz</name>
                    </description>
                    <unit>
                        <no-exist-unit>
                            <exist>0</exist>
                        </no-exist-unit>
                    </unit>
                </value>
            </str-tunarray-element>
            <str-tunarray-element>
                <id>3403</id>
                <value>
                    <description>
                        <name>mon_input_freq_feed_primary_rpm</name>
                    </description>
                    <unit>
                        <no-exist-unit>
                            <exist>0</exist>
                        </no-exist-unit>
                    </unit>
                </value>
            </str-tunarray-element>
            <str-tunarray-element>
                <id>3404</id>
                <value>
                    <description>
                        <name>mon_input_last_dt_feed_airdata_s</name>
                    </description>
                    <unit>
                        <no-exist-unit>
                            <exist>0</exist>
                        </no-exist-unit>
                    </unit>
                </value>
            </str-tunarray-element>
            <str-tunarray-element>
                <id>3405</id>
                <value>
                    <description>
                        <name>mon_input_last_dt_feed_ccp_s</name>
                    </description>
                    <unit>
                        <no-exist-unit>
                            <exist>0</exist>
                        </no-exist-unit>
                    </unit>
                </value>
            </str-tunarray-element>
            <str-tunarray-element>
                <id>3406</id>
                <value>
                    <description>
                        <name>mon_input_last_dt_feed_onground_s</name>
                    </description>
                    <unit>
                        <no-exist-unit>
                            <exist>0</exist>
                        </no-exist-unit>
                    </unit>
                </value>
            </str-tunarray-element>
            <str-tunarray-element>
                <id>3407</id>
                <value>
                    <description>
                        <name>mon_input_last_dt_feed_primary_rpm_s</name>
                    </description>
                    <unit>
                        <no-exist-unit>
                            <exist>0</exist>
                        </no-exist-unit>
                    </unit>
                </value>
            </str-tunarray-element>
            <str-tunarray-element>
                <id>3418</id>
                <value>
                    <description>
                        <name>Monitor Navigation Rate</name>
                    </description>
                    <unit>
                        <no-exist-unit>
                            <exist>0</exist>
                        </no-exist-unit>
                    </unit>
                </value>
            </str-tunarray-element>
            <str-tunarray-element>
                <id>3419</id>
                <value>
                    <description>
                        <name>mon_raim_full_max</name>
                    </description>
                    <unit>
                        <no-exist-unit>
                            <exist>0</exist>
                        </no-exist-unit>
                    </unit>
                </value>
            </str-tunarray-element>
            <str-tunarray-element>
                <id>3420</id>
                <value>
                    <description>
                        <name>mon_raim_full_avg</name>
                    </description>
                    <unit>
                        <no-exist-unit>
                            <exist>0</exist>
                        </no-exist-unit>
                    </unit>
                </value>
            </str-tunarray-element>
            <str-tunarray-element>
                <id>3421</id>
                <value>
                    <description>
                        <name>mon_raim_pre_step_max</name>
                    </description>
                    <unit>
                        <no-exist-unit>
                            <exist>0</exist>
                        </no-exist-unit>
                    </unit>
                </value>
            </str-tunarray-element>
            <str-tunarray-element>
                <id>3422</id>
                <value>
                    <description>
                        <name>mon_raim_pre_step_avg</name>
                    </description>
                    <unit>
                        <no-exist-unit>
                            <exist>0</exist>
                        </no-exist-unit>
                    </unit>
                </value>
            </str-tunarray-element>
            <str-tunarray-element>
                <id>3423</id>
                <value>
                    <description>
                        <name>mon_raim_step_max</name>
                    </description>
                    <unit>
                        <no-exist-unit>
                            <exist>0</exist>
                        </no-exist-unit>
                    </unit>
                </value>
            </str-tunarray-element>
            <str-tunarray-element>
                <id>3424</id>
                <value>
                    <description>
                        <name>mon_raim_step_avg</name>
                    </description>
                    <unit>
                        <no-exist-unit>
                            <exist>0</exist>
                        </no-exist-unit>
                    </unit>
                </value>
            </str-tunarray-element>
            <str-tunarray-element>
                <id>3425</id>
                <value>
                    <description>
                        <name>mon_raim_post_step_max</name>
                    </description>
                    <unit>
                        <no-exist-unit>
                            <exist>0</exist>
                        </no-exist-unit>
                    </unit>
                </value>
            </str-tunarray-element>
            <str-tunarray-element>
                <id>3426</id>
                <value>
                    <description>
                        <name>mon_raim_post_step_avg</name>
                    </description>
                    <unit>
                        <no-exist-unit>
                            <exist>0</exist>
                        </no-exist-unit>
                    </unit>
                </value>
            </str-tunarray-element>
            <str-tunarray-element>
                <id>3427</id>
                <value>
                    <description>
                        <name>mon_raim_phase_kMea_max</name>
                    </description>
                    <unit>
                        <no-exist-unit>
                            <exist>0</exist>
                        </no-exist-unit>
                    </unit>
                </value>
            </str-tunarray-element>
            <str-tunarray-element>
                <id>3428</id>
                <value>
                    <description>
                        <name>mon_raim_phase_kMea_avg</name>
                    </description>
                    <unit>
                        <no-exist-unit>
                            <exist>0</exist>
                        </no-exist-unit>
                    </unit>
                </value>
            </str-tunarray-element>
            <str-tunarray-element>
                <id>3429</id>
                <value>
                    <description>
                        <name>mon_raim_phase_kFul_max</name>
                    </description>
                    <unit>
                        <no-exist-unit>
                            <exist>0</exist>
                        </no-exist-unit>
                    </unit>
                </value>
            </str-tunarray-element>
            <str-tunarray-element>
                <id>3430</id>
                <value>
                    <description>
                        <name>mon_raim_phase_kFul_avg</name>
                    </description>
                    <unit>
                        <no-exist-unit>
                            <exist>0</exist>
                        </no-exist-unit>
                    </unit>
                </value>
            </str-tunarray-element>
            <str-tunarray-element>
                <id>3431</id>
                <value>
                    <description>
                        <name>mon_raim_phase_kSin_max</name>
                    </description>
                    <unit>
                        <no-exist-unit>
                            <exist>0</exist>
                        </no-exist-unit>
                    </unit>
                </value>
            </str-tunarray-element>
            <str-tunarray-element>
                <id>3432</id>
                <value>
                    <description>
                        <name>mon_raim_phase_kSin_avg</name>
                    </description>
                    <unit>
                        <no-exist-unit>
                            <exist>0</exist>
                        </no-exist-unit>
                    </unit>
                </value>
            </str-tunarray-element>
            <str-tunarray-element>
                <id>3433</id>
                <value>
                    <description>
                        <name>mon_raim_phase_kGal_max</name>
                    </description>
                    <unit>
                        <no-exist-unit>
                            <exist>0</exist>
                        </no-exist-unit>
                    </unit>
                </value>
            </str-tunarray-element>
            <str-tunarray-element>
                <id>3434</id>
                <value>
                    <description>
                        <name>mon_raim_phase_kGal_avg</name>
                    </description>
                    <unit>
                        <no-exist-unit>
                            <exist>0</exist>
                        </no-exist-unit>
                    </unit>
                </value>
            </str-tunarray-element>
            <str-tunarray-element>
                <id>3435</id>
                <value>
                    <description>
                        <name>mon_raim_phase_kGps_max</name>
                    </description>
                    <unit>
                        <no-exist-unit>
                            <exist>0</exist>
                        </no-exist-unit>
                    </unit>
                </value>
            </str-tunarray-element>
            <str-tunarray-element>
                <id>3436</id>
                <value>
                    <description>
                        <name>mon_raim_phase_kGps_avg</name>
                    </description>
                    <unit>
                        <no-exist-unit>
                            <exist>0</exist>
                        </no-exist-unit>
                    </unit>
                </value>
            </str-tunarray-element>
            <str-tunarray-element>
                <id>3437</id>
                <value>
                    <description>
                        <name>mon_raim_phase_kFau_max</name>
                    </description>
                    <unit>
                        <no-exist-unit>
                            <exist>0</exist>
                        </no-exist-unit>
                    </unit>
                </value>
            </str-tunarray-element>
            <str-tunarray-element>
                <id>3438</id>
                <value>
                    <description>
                        <name>mon_raim_phase_kFau_avg</name>
                    </description>
                    <unit>
                        <no-exist-unit>
                            <exist>0</exist>
                        </no-exist-unit>
                    </unit>
                </value>
            </str-tunarray-element>
            <str-tunarray-element>
                <id>3439</id>
                <value>
                    <description>
                        <name>mon_full_max</name>
                    </description>
                    <unit>
                        <no-exist-unit>
                            <exist>0</exist>
                        </no-exist-unit>
                    </unit>
                </value>
            </str-tunarray-element>
            <str-tunarray-element>
                <id>3440</id>
                <value>
                    <description>
                        <name>mon_full_avg</name>
                    </description>
                    <unit>
                        <no-exist-unit>
                            <exist>0</exist>
                        </no-exist-unit>
                    </unit>
                </value>
            </str-tunarray-element>
            <str-tunarray-element>
                <id>3444</id>
                <value>
                    <description>
                        <name>mon_raim_shot_position_p_e_e2receiver_m_out_0</name>
                    </description>
                    <unit>
                        <no-exist-unit>
                            <exist>0</exist>
                        </no-exist-unit>
                    </unit>
                </value>
            </str-tunarray-element>
            <str-tunarray-element>
                <id>3445</id>
                <value>
                    <description>
                        <name>mon_raim_shot_position_p_e_e2receiver_m_out_1</name>
                    </description>
                    <unit>
                        <no-exist-unit>
                            <exist>0</exist>
                        </no-exist-unit>
                    </unit>
                </value>
            </str-tunarray-element>
            <str-tunarray-element>
                <id>3446</id>
                <value>
                    <description>
                        <name>mon_raim_shot_position_p_e_e2receiver_m_out_2</name>
                    </description>
                    <unit>
                        <no-exist-unit>
                            <exist>0</exist>
                        </no-exist-unit>
                    </unit>
                </value>
            </str-tunarray-element>
            <str-tunarray-element>
                <id>3447</id>
                <value>
                    <description>
                        <name>mon_raim_shot_position_receiver_clock_bias_out_m</name>
                    </description>
                    <unit>
                        <no-exist-unit>
                            <exist>0</exist>
                        </no-exist-unit>
                    </unit>
                </value>
            </str-tunarray-element>
            <str-tunarray-element>
                <id>3448</id>
                <value>
                    <description>
                        <name>mon_raim_shot_position_galileo_bias_out_m</name>
                    </description>
                    <unit>
                        <no-exist-unit>
                            <exist>0</exist>
                        </no-exist-unit>
                    </unit>
                </value>
            </str-tunarray-element>
            <str-tunarray-element>
                <id>3449</id>
                <value>
                    <description>
                        <name>mon_raim_shot_position_pdop</name>
                    </description>
                    <unit>
                        <no-exist-unit>
                            <exist>0</exist>
                        </no-exist-unit>
                    </unit>
                </value>
            </str-tunarray-element>
            <str-tunarray-element>
                <id>3450</id>
                <value>
                    <description>
                        <name>mon_raim_shot_position_gdop</name>
                    </description>
                    <unit>
                        <no-exist-unit>
                            <exist>0</exist>
                        </no-exist-unit>
                    </unit>
                </value>
            </str-tunarray-element>
            <str-tunarray-element>
                <id>3451</id>
                <value>
                    <description>
                        <name>mon_raim_shot_position_sigma_m</name>
                    </description>
                    <unit>
                        <no-exist-unit>
                            <exist>0</exist>
                        </no-exist-unit>
                    </unit>
                </value>
            </str-tunarray-element>
            <str-tunarray-element>
                <id>3452</id>
                <value>
                    <description>
                        <name>mon_raim_solver_vel_v_e_e2receiver_0</name>
                    </description>
                    <unit>
                        <no-exist-unit>
                            <exist>0</exist>
                        </no-exist-unit>
                    </unit>
                </value>
            </str-tunarray-element>
            <str-tunarray-element>
                <id>3453</id>
                <value>
                    <description>
                        <name>mon_raim_solver_vel_v_e_e2receiver_1</name>
                    </description>
                    <unit>
                        <no-exist-unit>
                            <exist>0</exist>
                        </no-exist-unit>
                    </unit>
                </value>
            </str-tunarray-element>
            <str-tunarray-element>
                <id>3454</id>
                <value>
                    <description>
                        <name>mon_raim_solver_vel_v_e_e2receiver_2</name>
                    </description>
                    <unit>
                        <no-exist-unit>
                            <exist>0</exist>
                        </no-exist-unit>
                    </unit>
                </value>
            </str-tunarray-element>
            <str-tunarray-element>
                <id>3455</id>
                <value>
                    <description>
                        <name>mon_raim_solver_vel_clock_drift_m_per_s</name>
                    </description>
                    <unit>
                        <no-exist-unit>
                            <exist>0</exist>
                        </no-exist-unit>
                    </unit>
                </value>
            </str-tunarray-element>
            <str-tunarray-element>
                <id>3456</id>
                <value>
                    <description>
                        <name>mon_raim_solver_vel_speed_accuracy_m_per_s</name>
                    </description>
                    <unit>
                        <no-exist-unit>
                            <exist>0</exist>
                        </no-exist-unit>
                    </unit>
                </value>
            </str-tunarray-element>
            <str-tunarray-element>
                <id>3457</id>
                <value>
                    <description>
                        <name>mon_raim_tow_s</name>
                    </description>
                    <unit>
                        <no-exist-unit>
                            <exist>0</exist>
                        </no-exist-unit>
                    </unit>
                </value>
            </str-tunarray-element>
            <str-tunarray-element>
                <id>3458</id>
                <value>
                    <description>
                        <name>mon_raim_solution_separation_max_test_statistic</name>
                    </description>
                    <unit>
                        <no-exist-unit>
                            <exist>0</exist>
                        </no-exist-unit>
                    </unit>
                </value>
            </str-tunarray-element>
            <str-tunarray-element>
                <id>3459</id>
                <value>
                    <description>
                        <name>mon_raim_lla_receiver_rrm_lat</name>
                    </description>
                    <unit>
                        <no-exist-unit>
                            <exist>0</exist>
                        </no-exist-unit>
                    </unit>
                </value>
            </str-tunarray-element>
            <str-tunarray-element>
                <id>3460</id>
                <value>
                    <description>
                        <name>mon_raim_lla_receiver_rrm_lon</name>
                    </description>
                    <unit>
                        <no-exist-unit>
                            <exist>0</exist>
                        </no-exist-unit>
                    </unit>
                </value>
            </str-tunarray-element>
            <str-tunarray-element>
                <id>3461</id>
                <value>
                    <description>
                        <name>mon_raim_lla_receiver_rrm_h</name>
                    </description>
                    <unit>
                        <no-exist-unit>
                            <exist>0</exist>
                        </no-exist-unit>
                    </unit>
                </value>
            </str-tunarray-element>
            <str-tunarray-element>
                <id>3462</id>
                <value>
                    <description>
                        <name>vs_pos_lon_origin</name>
                    </description>
                    <unit>
                        <no-exist-unit>
                            <exist>0</exist>
                        </no-exist-unit>
                    </unit>
                </value>
            </str-tunarray-element>
            <str-tunarray-element>
                <id>3463</id>
                <value>
                    <description>
                        <name>vs_pos_lat_origin</name>
                    </description>
                    <unit>
                        <no-exist-unit>
                            <exist>0</exist>
                        </no-exist-unit>
                    </unit>
                </value>
            </str-tunarray-element>
            <str-tunarray-element>
                <id>3464</id>
                <value>
                    <description>
                        <name>vs_pos_h_origin</name>
                    </description>
                    <unit>
                        <no-exist-unit>
                            <exist>0</exist>
                        </no-exist-unit>
                    </unit>
                </value>
            </str-tunarray-element>
            <str-tunarray-element>
                <id>3465</id>
                <value>
                    <description>
                        <name>vs_pos_lon_est</name>
                    </description>
                    <unit>
                        <no-exist-unit>
                            <exist>0</exist>
                        </no-exist-unit>
                    </unit>
                </value>
            </str-tunarray-element>
            <str-tunarray-element>
                <id>3466</id>
                <value>
                    <description>
                        <name>vs_pos_lat_est</name>
                    </description>
                    <unit>
                        <no-exist-unit>
                            <exist>0</exist>
                        </no-exist-unit>
                    </unit>
                </value>
            </str-tunarray-element>
            <str-tunarray-element>
                <id>3467</id>
                <value>
                    <description>
                        <name>vs_pos_h_est</name>
                    </description>
                    <unit>
                        <no-exist-unit>
                            <exist>0</exist>
                        </no-exist-unit>
                    </unit>
                </value>
            </str-tunarray-element>
            <str-tunarray-element>
                <id>3468</id>
                <value>
                    <description>
                        <name>vs_pos_roll_pos_from_ned_deg</name>
                    </description>
                    <unit>
                        <no-exist-unit>
                            <exist>0</exist>
                        </no-exist-unit>
                    </unit>
                </value>
            </str-tunarray-element>
            <str-tunarray-element>
                <id>3469</id>
                <value>
                    <description>
                        <name>vs_pos_pitch_pos_from_ned_deg</name>
                    </description>
                    <unit>
                        <no-exist-unit>
                            <exist>0</exist>
                        </no-exist-unit>
                    </unit>
                </value>
            </str-tunarray-element>
            <str-tunarray-element>
                <id>3470</id>
                <value>
                    <description>
                        <name>vs_pos_yaw_pos_from_ned_deg</name>
                    </description>
                    <unit>
                        <no-exist-unit>
                            <exist>0</exist>
                        </no-exist-unit>
                    </unit>
                </value>
            </str-tunarray-element>
            <str-tunarray-element>
                <id>3471</id>
                <value>
                    <description>
                        <name>vs_pos_p_ff_x_m</name>
                    </description>
                    <unit>
                        <no-exist-unit>
                            <exist>0</exist>
                        </no-exist-unit>
                    </unit>
                </value>
            </str-tunarray-element>
            <str-tunarray-element>
                <id>3472</id>
                <value>
                    <description>
                        <name>vs_pos_p_ff_y_m</name>
                    </description>
                    <unit>
                        <no-exist-unit>
                            <exist>0</exist>
                        </no-exist-unit>
                    </unit>
                </value>
            </str-tunarray-element>
            <str-tunarray-element>
                <id>3473</id>
                <value>
                    <description>
                        <name>vs_pos_p_ff_z_m</name>
                    </description>
                    <unit>
                        <no-exist-unit>
                            <exist>0</exist>
                        </no-exist-unit>
                    </unit>
                </value>
            </str-tunarray-element>
            <str-tunarray-element>
                <id>3474</id>
                <value>
                    <description>
                        <name>vs_pos_p_ned_x_m</name>
                    </description>
                    <unit>
                        <no-exist-unit>
                            <exist>0</exist>
                        </no-exist-unit>
                    </unit>
                </value>
            </str-tunarray-element>
            <str-tunarray-element>
                <id>3475</id>
                <value>
                    <description>
                        <name>vs_pos_p_ned_y_m</name>
                    </description>
                    <unit>
                        <no-exist-unit>
                            <exist>0</exist>
                        </no-exist-unit>
                    </unit>
                </value>
            </str-tunarray-element>
            <str-tunarray-element>
                <id>3476</id>
                <value>
                    <description>
                        <name>vs_pos_p_ned_z_m</name>
                    </description>
                    <unit>
                        <no-exist-unit>
                            <exist>0</exist>
                        </no-exist-unit>
                    </unit>
                </value>
            </str-tunarray-element>
            <str-tunarray-element>
                <id>3477</id>
                <value>
                    <description>
                        <name>vs_pos_alongtrack_err_m</name>
                    </description>
                    <unit>
                        <no-exist-unit>
                            <exist>0</exist>
                        </no-exist-unit>
                    </unit>
                </value>
            </str-tunarray-element>
            <str-tunarray-element>
                <id>3478</id>
                <value>
                    <description>
                        <name>vs_pos_crosstrack_err_m</name>
                    </description>
                    <unit>
                        <no-exist-unit>
                            <exist>0</exist>
                        </no-exist-unit>
                    </unit>
                </value>
            </str-tunarray-element>
            <str-tunarray-element>
                <id>3479</id>
                <value>
                    <description>
                        <name>vs_pos_altitude_err_m</name>
                    </description>
                    <unit>
                        <no-exist-unit>
                            <exist>0</exist>
                        </no-exist-unit>
                    </unit>
                </value>
            </str-tunarray-element>
            <str-tunarray-element>
                <id>3480</id>
                <value>
                    <description>
                        <name>vs_pos_max_alongtrack_err_m</name>
                    </description>
                    <unit>
                        <no-exist-unit>
                            <exist>0</exist>
                        </no-exist-unit>
                    </unit>
                </value>
            </str-tunarray-element>
            <str-tunarray-element>
                <id>3481</id>
                <value>
                    <description>
                        <name>vs_pos_max_crosstrack_err_m</name>
                    </description>
                    <unit>
                        <no-exist-unit>
                            <exist>0</exist>
                        </no-exist-unit>
                    </unit>
                </value>
            </str-tunarray-element>
            <str-tunarray-element>
                <id>3482</id>
                <value>
                    <description>
                        <name>vs_pos_max_altitude_err_m</name>
                    </description>
                    <unit>
                        <no-exist-unit>
                            <exist>0</exist>
                        </no-exist-unit>
                    </unit>
                </value>
            </str-tunarray-element>
            <str-tunarray-element>
                <id>3483</id>
                <value>
                    <description>
                        <name>mmdp_top_of_takeoff_lon</name>
                    </description>
                    <unit>
                        <no-exist-unit>
                            <exist>0</exist>
                        </no-exist-unit>
                    </unit>
                </value>
            </str-tunarray-element>
            <str-tunarray-element>
                <id>3484</id>
                <value>
                    <description>
                        <name>mmdp_top_of_takeoff_lat</name>
                    </description>
                    <unit>
                        <no-exist-unit>
                            <exist>0</exist>
                        </no-exist-unit>
                    </unit>
                </value>
            </str-tunarray-element>
            <str-tunarray-element>
                <id>3485</id>
                <value>
                    <description>
                        <name>mmdp_top_of_takeoff_h</name>
                    </description>
                    <unit>
                        <no-exist-unit>
                            <exist>0</exist>
                        </no-exist-unit>
                    </unit>
                </value>
            </str-tunarray-element>
            <str-tunarray-element>
                <id>3486</id>
                <value>
                    <description>
                        <name>mon_locker_del_chk_min_hat_m</name>
                    </description>
                    <unit>
                        <no-exist-unit>
                            <exist>0</exist>
                        </no-exist-unit>
                    </unit>
                </value>
            </str-tunarray-element>
            <str-tunarray-element>
                <id>3487</id>
                <value>
                    <description>
                        <name>mon_locker_del_chk_v_down_max_m_per_s</name>
                    </description>
                    <unit>
                        <no-exist-unit>
                            <exist>0</exist>
                        </no-exist-unit>
                    </unit>
                </value>
            </str-tunarray-element>
            <str-tunarray-element>
                <id>3488</id>
                <value>
                    <description>
                        <name>mon_locker_del_chk_min_recovery_hat_m</name>
                    </description>
                    <unit>
                        <no-exist-unit>
                            <exist>0</exist>
                        </no-exist-unit>
                    </unit>
                </value>
            </str-tunarray-element>
            <str-tunarray-element>
                <id>3244</id>
                <value>
                    <description>
                        <name>mon_nav_scale_sigma_pos_horizontal</name>
                    </description>
                    <unit>
                        <no-exist-unit>
                            <exist>0</exist>
                        </no-exist-unit>
                    </unit>
                </value>
            </str-tunarray-element>
            <str-tunarray-element>
                <id>3245</id>
                <value>
                    <description>
                        <name>mon_nav_scale_sigma_pos_vertical</name>
                    </description>
                    <unit>
                        <no-exist-unit>
                            <exist>0</exist>
                        </no-exist-unit>
                    </unit>
                </value>
            </str-tunarray-element>
            <str-tunarray-element>
                <id>3246</id>
                <value>
                    <description>
                        <name>mon_nav_scale_sigma_vel</name>
                    </description>
                    <unit>
                        <no-exist-unit>
                            <exist>0</exist>
                        </no-exist-unit>
                    </unit>
                </value>
            </str-tunarray-element>
            <str-tunarray-element>
                <id>3247</id>
                <value>
                    <description>
                        <name>mon_nav_gnss_agreement_threshold</name>
                    </description>
                    <unit>
                        <no-exist-unit>
                            <exist>0</exist>
                        </no-exist-unit>
                    </unit>
                </value>
            </str-tunarray-element>
            <str-tunarray-element>
                <id>3489</id>
                <value>
                    <description>
                        <name>dsm_takeoff_hae_diff_m</name>
                    </description>
                    <unit>
                        <no-exist-unit>
                            <exist>0</exist>
                        </no-exist-unit>
                    </unit>
                </value>
            </str-tunarray-element>
            <str-tunarray-element>
                <id>3490</id>
                <value>
                    <description>
                        <name>sol_t_switchover_test_start_ms</name>
                    </description>
                    <unit>
                        <no-exist-unit>
                            <exist>0</exist>
                        </no-exist-unit>
                    </unit>
                </value>
            </str-tunarray-element>
            <str-tunarray-element>
                <id>3491</id>
                <value>
                    <description>
                        <name>dsm_t_switchover_test_start_ms</name>
                    </description>
                    <unit>
                        <no-exist-unit>
                            <exist>0</exist>
                        </no-exist-unit>
                    </unit>
                </value>
            </str-tunarray-element>
            <str-tunarray-element>
                <id>3492</id>
                <value>
                    <description>
                        <name>dsm_t_switchover_test_failed_ms</name>
                    </description>
                    <unit>
                        <no-exist-unit>
                            <exist>0</exist>
                        </no-exist-unit>
                    </unit>
                </value>
            </str-tunarray-element>
            <str-tunarray-element>
                <id>3493</id>
                <value>
                    <description>
                        <name>dsm_t_switchover_test_passed_ms</name>
                    </description>
                    <unit>
                        <no-exist-unit>
                            <exist>0</exist>
                        </no-exist-unit>
                    </unit>
                </value>
            </str-tunarray-element>
            <str-tunarray-element>
                <id>3494</id>
                <value>
                    <description>
                        <name>loss_checks_t_pri_rpm_failed_ms</name>
                    </description>
                    <unit>
                        <no-exist-unit>
                            <exist>0</exist>
                        </no-exist-unit>
                    </unit>
                </value>
            </str-tunarray-element>
            <str-tunarray-element>
                <id>3495</id>
                <value>
                    <description>
                        <name>loss_checks_t_last_primary_rpm_ms</name>
                    </description>
                    <unit>
                        <no-exist-unit>
                            <exist>0</exist>
                        </no-exist-unit>
                    </unit>
                </value>
            </str-tunarray-element>
            <str-tunarray-element>
                <id>3250</id>
                <value>
                    <description>
                        <name>gnss_delta_check_dt</name>
                    </description>
                    <unit>
                        <no-exist-unit>
                            <exist>0</exist>
                        </no-exist-unit>
                    </unit>
                </value>
            </str-tunarray-element>
        </map>
    </data>
</entry-mrvar>
