<entry-amz-mon-param>
    <id>496</id>
    <filename>amz_mon_param.bin</filename>
    <version>
        <major>7</major>
        <minor>3</minor>
        <revision>1</revision>
    </version>
    <data>
        <is_switchover_enabled>1</is_switchover_enabled>
        <monitor_frequency_hz>50.0</monitor_frequency_hz>
        <switchover_logic>
            <is_switchover_test_enabled>1</is_switchover_test_enabled>
            <is_mep_out_test>0</is_mep_out_test>
            <threshold_since_pre_flight_check_ms>500.0</threshold_since_pre_flight_check_ms>
        </switchover_logic>
        <loss_checks>
            <pri_motor_rpm_command_active_interface_check>
                <is_enabled>1</is_enabled>
                <max_inactive_time_ms>80.0</max_inactive_time_ms>
            </pri_motor_rpm_command_active_interface_check>
            <pri_ccp_heartbeat_active_interface_check>
                <is_enabled>1</is_enabled>
                <max_inactive_time_ms>1000.0</max_inactive_time_ms>
            </pri_ccp_heartbeat_active_interface_check>
            <vms_monitored_data_active_interface_check>
                <is_enabled>1</is_enabled>
                <max_inactive_time_ms>1000.0</max_inactive_time_ms>
            </vms_monitored_data_active_interface_check>
            <pri_state_estimate_active_interface_check>
                <is_enabled>1</is_enabled>
                <max_inactive_time_ms>100.0</max_inactive_time_ms>
            </pri_state_estimate_active_interface_check>
            <rec_state_estimate_active_interface_check>
                <is_enabled>1</is_enabled>
                <max_inactive_time_ms>200.0</max_inactive_time_ms>
            </rec_state_estimate_active_interface_check>
            <pri_ctrl_monitored_data_active_interface_check>
                <is_enabled>1</is_enabled>
                <max_inactive_time_ms>100.0</max_inactive_time_ms>
            </pri_ctrl_monitored_data_active_interface_check>
            <pri_onground_heartbeat_active_interface_check>
                <is_enabled>1</is_enabled>
                <max_inactive_time_ms>500.0</max_inactive_time_ms>
            </pri_onground_heartbeat_active_interface_check>
            <pri_air_data_heartbeat_active_interface_check>
                <is_enabled>1</is_enabled>
                <max_inactive_time_ms>500.0</max_inactive_time_ms>
            </pri_air_data_heartbeat_active_interface_check>
            <monrec_controller_command_active_interface_check>
                <is_enabled>1</is_enabled>
                <max_inactive_time_ms>1000.0</max_inactive_time_ms>
            </monrec_controller_command_active_interface_check>
            <rec_motor_rpm_command_rear_right_active_interface_check>
                <is_enabled>1</is_enabled>
                <max_inactive_time_ms>200.0</max_inactive_time_ms>
            </rec_motor_rpm_command_rear_right_active_interface_check>
            <motor_performance_loss_check>
                <is_enabled>1</is_enabled>
                <max_num_timed_out_motors>1</max_num_timed_out_motors>
                <max_inactive_time_ms>80.0</max_inactive_time_ms>
            </motor_performance_loss_check>
        </loss_checks>
        <navigation_checks>
            <pri_attitude_check>
                <is_enabled>1</is_enabled>
                <max_abs_heading_error_deg>20.0</max_abs_heading_error_deg>
                <max_abs_tilt_error_deg>7.0</max_abs_tilt_error_deg>
                <hdg_error_lpf_numerator_0>0.01960784313725490</hdg_error_lpf_numerator_0>
                <hdg_error_lpf_numerator_1>0.01960784313725490</hdg_error_lpf_numerator_1>
                <hdg_error_lpf_denominator_0>1.0</hdg_error_lpf_denominator_0>
                <hdg_error_lpf_denominator_1>-0.9607843137254902</hdg_error_lpf_denominator_1>
                <tilt_error_lpf_numerator_0>0.01960784313725490</tilt_error_lpf_numerator_0>
                <tilt_error_lpf_numerator_1>0.01960784313725490</tilt_error_lpf_numerator_1>
                <tilt_error_lpf_denominator_0>1.0</tilt_error_lpf_denominator_0>
                <tilt_error_lpf_denominator_1>-0.9607843137254902</tilt_error_lpf_denominator_1>
            </pri_attitude_check>
            <rec_attitude_check>
                <is_enabled>1</is_enabled>
                <max_abs_heading_error_deg>15.0</max_abs_heading_error_deg>
                <max_abs_tilt_error_deg>5.0</max_abs_tilt_error_deg>
                <hdg_error_lpf_numerator_0>0.01960784313725490</hdg_error_lpf_numerator_0>
                <hdg_error_lpf_numerator_1>0.01960784313725490</hdg_error_lpf_numerator_1>
                <hdg_error_lpf_denominator_0>1.0</hdg_error_lpf_denominator_0>
                <hdg_error_lpf_denominator_1>-0.9607843137254902</hdg_error_lpf_denominator_1>
                <tilt_error_lpf_numerator_0>0.01960784313725490</tilt_error_lpf_numerator_0>
                <tilt_error_lpf_numerator_1>0.01960784313725490</tilt_error_lpf_numerator_1>
                <tilt_error_lpf_denominator_0>1.0</tilt_error_lpf_denominator_0>
                <tilt_error_lpf_denominator_1>-0.9607843137254902</tilt_error_lpf_denominator_1>
            </rec_attitude_check>
            <pri_position_checks>
                <is_enabled>1</is_enabled>
                <max_horiz_difference_m>30.0</max_horiz_difference_m>
                <max_vert_difference_m>30.0</max_vert_difference_m>
                <max_horiz_difference_dgnss_m>2.0</max_horiz_difference_dgnss_m>
                <max_vert_difference_dgnss_m>5.0</max_vert_difference_dgnss_m>
                <t_worst_case_delay_ms>120.0</t_worst_case_delay_ms>
            </pri_position_checks>
            <rec_position_checks>
                <is_enabled>1</is_enabled>
                <max_horiz_difference_m>30.0</max_horiz_difference_m>
                <max_vert_difference_m>30.0</max_vert_difference_m>
                <max_horiz_difference_dgnss_m>30.0</max_horiz_difference_dgnss_m>
                <max_vert_difference_dgnss_m>30.0</max_vert_difference_dgnss_m>
                <t_worst_case_delay_ms>60.0</t_worst_case_delay_ms>
            </rec_position_checks>
            <velocity_check>
                <is_enabled>1</is_enabled>
                <max_velocity_error_norm_m_per_s>1.5</max_velocity_error_norm_m_per_s>
                <count_increment>1</count_increment>
                <count_decrement>1</count_decrement>
                <max_fault_detection_count>3</max_fault_detection_count>
            </velocity_check>
            <acceleration_checks>
                <is_enabled>1</is_enabled>
                <primary_imu_saturation_detector>
                    <acc_norm_saturation_threshold_m_per_s2>78.0</acc_norm_saturation_threshold_m_per_s2>
                    <required_samples_to_mark_saturated>2</required_samples_to_mark_saturated>
                    <decrement_amount>1</decrement_amount>
                    <increment_amount>1</increment_amount>
                </primary_imu_saturation_detector>
                <monitor_imu_saturation_detector>
                    <acc_norm_saturation_threshold_m_per_s2>78.0</acc_norm_saturation_threshold_m_per_s2>
                    <required_samples_to_mark_saturated>2</required_samples_to_mark_saturated>
                    <decrement_amount>1</decrement_amount>
                    <increment_amount>1</increment_amount>
                </monitor_imu_saturation_detector>
                <recovery_imu_saturation_detector>
                    <acc_norm_saturation_threshold_m_per_s2>78.0</acc_norm_saturation_threshold_m_per_s2>
                    <required_samples_to_mark_saturated>2</required_samples_to_mark_saturated>
                    <decrement_amount>1</decrement_amount>
                    <increment_amount>1</increment_amount>
                </recovery_imu_saturation_detector>
            </acceleration_checks>
        </navigation_checks>
        <vehicle_state_checks>
            <position_check>
                <is_enabled>1</is_enabled>
                <is_active_during_stop_and_hover>1</is_active_during_stop_and_hover>
                <is_active_during_evasive_maneuver>1</is_active_during_evasive_maneuver>
                <max_vtol_alongtrack_error_m>6.0</max_vtol_alongtrack_error_m>
                <max_vtol_alongtrack_error_contingency_m>16.0</max_vtol_alongtrack_error_contingency_m>
                <max_transition_alongtrack_error_m>20.0</max_transition_alongtrack_error_m>
                <max_transition_alongtrack_error_contingency_m>30.0</max_transition_alongtrack_error_contingency_m>
                <max_wbf_alongtrack_error_m>10.0</max_wbf_alongtrack_error_m>
                <max_wbf_alongtrack_error_contingency_m>30.0</max_wbf_alongtrack_error_contingency_m>
                <max_vtol_crosstrack_error_m>6.0</max_vtol_crosstrack_error_m>
                <max_vtol_crosstrack_error_contingency_m>12.0</max_vtol_crosstrack_error_contingency_m>
                <max_transition_crosstrack_error_m>12.0</max_transition_crosstrack_error_m>
                <max_transition_crosstrack_error_contingency_m>20.0</max_transition_crosstrack_error_contingency_m>
                <max_wbf_crosstrack_error_m>12.0</max_wbf_crosstrack_error_m>
                <max_wbf_crosstrack_error_contingency_m>20.0</max_wbf_crosstrack_error_contingency_m>
                <max_vtol_altitude_error_m>6.0</max_vtol_altitude_error_m>
                <max_vtol_altitude_error_contingency_m>8.0</max_vtol_altitude_error_contingency_m>
                <max_transition_altitude_error_m>10.0</max_transition_altitude_error_m>
                <max_transition_altitude_error_contingency_m>20.0</max_transition_altitude_error_contingency_m>
                <max_wbf_altitude_error_m>10.0</max_wbf_altitude_error_m>
                <max_wbf_altitude_error_contingency_m>20.0</max_wbf_altitude_error_contingency_m>
            </position_check>
            <linear_velocity_check>
                <is_enabled>1</is_enabled>
                <is_active_during_stop_and_hover>1</is_active_during_stop_and_hover>
                <is_active_during_evasive_maneuver>1</is_active_during_evasive_maneuver>
                <max_azimuth_error_deg>10.0</max_azimuth_error_deg>
                <max_azimuth_error_contingency_deg>16.0</max_azimuth_error_contingency_deg>
                <max_flight_path_angle_error_deg>10.0</max_flight_path_angle_error_deg>
                <max_flight_path_angle_error_contingency_deg>16.0</max_flight_path_angle_error_contingency_deg>
                <max_horiz_velocity_error_m_per_s>6.0</max_horiz_velocity_error_m_per_s>
                <max_horiz_velocity_error_contingency_m_per_s>13.0</max_horiz_velocity_error_contingency_m_per_s>
                <max_vert_velocity_error_m_per_s>5.0</max_vert_velocity_error_m_per_s>
                <max_vert_velocity_error_contingency_m_per_s>10.0</max_vert_velocity_error_contingency_m_per_s>
                <azimuth_error_lpf_numerator_0>0.009900990099009901</azimuth_error_lpf_numerator_0>
                <azimuth_error_lpf_numerator_1>0.009900990099009901</azimuth_error_lpf_numerator_1>
                <azimuth_error_lpf_denominator_0>1.0</azimuth_error_lpf_denominator_0>
                <azimuth_error_lpf_denominator_1>-0.9801980198019802</azimuth_error_lpf_denominator_1>
                <flight_path_angle_error_lpf_numerator_0>0.009900990099009901</flight_path_angle_error_lpf_numerator_0>
                <flight_path_angle_error_lpf_numerator_1>0.009900990099009901</flight_path_angle_error_lpf_numerator_1>
                <flight_path_angle_error_lpf_denominator_0>1.0</flight_path_angle_error_lpf_denominator_0>
                <flight_path_angle_error_lpf_denominator_1>-0.9801980198019802</flight_path_angle_error_lpf_denominator_1>
                <horiz_velocity_error_lpf_numerator_0>0.009900990099009901</horiz_velocity_error_lpf_numerator_0>
                <horiz_velocity_error_lpf_numerator_1>0.009900990099009901</horiz_velocity_error_lpf_numerator_1>
                <horiz_velocity_error_lpf_denominator_0>1.0</horiz_velocity_error_lpf_denominator_0>
                <horiz_velocity_error_lpf_denominator_1>-0.9801980198019802</horiz_velocity_error_lpf_denominator_1>
                <vert_velocity_error_lpf_numerator_0>0.009900990099009901</vert_velocity_error_lpf_numerator_0>
                <vert_velocity_error_lpf_numerator_1>0.009900990099009901</vert_velocity_error_lpf_numerator_1>
                <vert_velocity_error_lpf_denominator_0>1.0</vert_velocity_error_lpf_denominator_0>
                <vert_velocity_error_lpf_denominator_1>-0.9801980198019802</vert_velocity_error_lpf_denominator_1>
            </linear_velocity_check>
            <angular_velocity_check>
                <is_enabled>1</is_enabled>
                <is_active_during_stop_and_hover>1</is_active_during_stop_and_hover>
                <is_active_during_evasive_maneuver>1</is_active_during_evasive_maneuver>
                <max_roll_rate_error_eas_breakpoints_m_per_s>
                    <breakpoint_0>-3.0</breakpoint_0>
                    <breakpoint_1>-2.0</breakpoint_1>
                    <breakpoint_2>-1.0</breakpoint_2>
                    <breakpoint_3>0.0</breakpoint_3>
                    <breakpoint_4>20.0</breakpoint_4>
                </max_roll_rate_error_eas_breakpoints_m_per_s>
                <max_roll_rate_error_values_deg_per_s>
                    <breakpoint_0>140.0</breakpoint_0>
                    <breakpoint_1>140.0</breakpoint_1>
                    <breakpoint_2>140.0</breakpoint_2>
                    <breakpoint_3>140.0</breakpoint_3>
                    <breakpoint_4>100.0</breakpoint_4>
                </max_roll_rate_error_values_deg_per_s>
                <max_roll_rate_error_values_contingency_deg_per_s>
                    <breakpoint_0>300.0</breakpoint_0>
                    <breakpoint_1>300.0</breakpoint_1>
                    <breakpoint_2>300.0</breakpoint_2>
                    <breakpoint_3>300.0</breakpoint_3>
                    <breakpoint_4>300.0</breakpoint_4>
                </max_roll_rate_error_values_contingency_deg_per_s>
                <max_roll_rate_error_lpf_values_deg_per_s>
                    <breakpoint_0>50.0</breakpoint_0>
                    <breakpoint_1>50.0</breakpoint_1>
                    <breakpoint_2>50.0</breakpoint_2>
                    <breakpoint_3>50.0</breakpoint_3>
                    <breakpoint_4>50.0</breakpoint_4>
                </max_roll_rate_error_lpf_values_deg_per_s>
                <max_roll_rate_error_lpf_values_contingency_deg_per_s>
                    <breakpoint_0>160.0</breakpoint_0>
                    <breakpoint_1>160.0</breakpoint_1>
                    <breakpoint_2>160.0</breakpoint_2>
                    <breakpoint_3>160.0</breakpoint_3>
                    <breakpoint_4>160.0</breakpoint_4>
                </max_roll_rate_error_lpf_values_contingency_deg_per_s>
                <roll_rate_error_filters_parameters>
                    <derivative_filter_numerator_0>9.090909090909092</derivative_filter_numerator_0>
                    <derivative_filter_numerator_1>-9.090909090909092</derivative_filter_numerator_1>
                    <derivative_filter_denominator_0>1.0</derivative_filter_denominator_0>
                    <derivative_filter_denominator_1>-0.8181818181818182</derivative_filter_denominator_1>
                    <lpf_numerator_0>0.01960784313725490</lpf_numerator_0>
                    <lpf_numerator_1>0.01960784313725490</lpf_numerator_1>
                    <lpf_denominator_0>1.0</lpf_denominator_0>
                    <lpf_denominator_1>-0.9607843137254902</lpf_denominator_1>
                    <fast_lpf_numerator_0>0.1116352117046597</fast_lpf_numerator_0>
                    <fast_lpf_numerator_1>0.1116352117046597</fast_lpf_numerator_1>
                    <fast_lpf_denominator_0>1.0</fast_lpf_denominator_0>
                    <fast_lpf_denominator_1>-0.7767295765906805</fast_lpf_denominator_1>
                </roll_rate_error_filters_parameters>
                <max_vtol_pitch_rate_error_lpf_deg_per_s>50.0</max_vtol_pitch_rate_error_lpf_deg_per_s>
                <max_vtol_pitch_rate_error_lpf_contingency_deg_per_s>160.0</max_vtol_pitch_rate_error_lpf_contingency_deg_per_s>
                <max_outbound_transition_pitch_rate_error_lpf_deg_per_s>40.0</max_outbound_transition_pitch_rate_error_lpf_deg_per_s>
                <max_outbound_transition_pitch_rate_error_lpf_contingency_deg_per_s>75.0</max_outbound_transition_pitch_rate_error_lpf_contingency_deg_per_s>
                <max_inbound_transition_pitch_rate_error_lpf_deg_per_s>50.0</max_inbound_transition_pitch_rate_error_lpf_deg_per_s>
                <max_inbound_transition_pitch_rate_error_lpf_contingency_deg_per_s>90.0</max_inbound_transition_pitch_rate_error_lpf_contingency_deg_per_s>
                <max_wbf_pitch_rate_error_deg_per_s>60.0</max_wbf_pitch_rate_error_deg_per_s>
                <max_wbf_pitch_rate_error_contingency_deg_per_s>100.0</max_wbf_pitch_rate_error_contingency_deg_per_s>
                <max_wbf_pitch_rate_error_lpf_deg_per_s>25.0</max_wbf_pitch_rate_error_lpf_deg_per_s>
                <max_wbf_pitch_rate_error_lpf_contingency_deg_per_s>50.0</max_wbf_pitch_rate_error_lpf_contingency_deg_per_s>
                <pitch_rate_error_filters_parameters>
                    <derivative_filter_numerator_0>9.090909090909092</derivative_filter_numerator_0>
                    <derivative_filter_numerator_1>-9.090909090909092</derivative_filter_numerator_1>
                    <derivative_filter_denominator_0>1.0</derivative_filter_denominator_0>
                    <derivative_filter_denominator_1>-0.8181818181818182</derivative_filter_denominator_1>
                    <lpf_numerator_0>0.01960784313725490</lpf_numerator_0>
                    <lpf_numerator_1>0.01960784313725490</lpf_numerator_1>
                    <lpf_denominator_0>1.0</lpf_denominator_0>
                    <lpf_denominator_1>-0.9607843137254902</lpf_denominator_1>
                    <fast_lpf_numerator_0>0.1116352117046597</fast_lpf_numerator_0>
                    <fast_lpf_numerator_1>0.1116352117046597</fast_lpf_numerator_1>
                    <fast_lpf_denominator_0>1.0</fast_lpf_denominator_0>
                    <fast_lpf_denominator_1>-0.7767295765906805</fast_lpf_denominator_1>
                </pitch_rate_error_filters_parameters>
                <max_yaw_rate_error_eas_breakpoints_m_per_s>
                    <breakpoint_0>-3.0</breakpoint_0>
                    <breakpoint_1>-2.0</breakpoint_1>
                    <breakpoint_2>-1.0</breakpoint_2>
                    <breakpoint_3>0.0</breakpoint_3>
                    <breakpoint_4>22.0</breakpoint_4>
                </max_yaw_rate_error_eas_breakpoints_m_per_s>
                <max_yaw_rate_error_values_deg_per_s>
                    <breakpoint_0>70.0</breakpoint_0>
                    <breakpoint_1>70.0</breakpoint_1>
                    <breakpoint_2>70.0</breakpoint_2>
                    <breakpoint_3>70.0</breakpoint_3>
                    <breakpoint_4>35.0</breakpoint_4>
                </max_yaw_rate_error_values_deg_per_s>
                <max_yaw_rate_error_values_contingency_deg_per_s>
                    <breakpoint_0>140.0</breakpoint_0>
                    <breakpoint_1>140.0</breakpoint_1>
                    <breakpoint_2>140.0</breakpoint_2>
                    <breakpoint_3>140.0</breakpoint_3>
                    <breakpoint_4>140.0</breakpoint_4>
                </max_yaw_rate_error_values_contingency_deg_per_s>
                <max_yaw_rate_error_lpf_values_deg_per_s>
                    <breakpoint_0>35.0</breakpoint_0>
                    <breakpoint_1>35.0</breakpoint_1>
                    <breakpoint_2>35.0</breakpoint_2>
                    <breakpoint_3>35.0</breakpoint_3>
                    <breakpoint_4>35.0</breakpoint_4>
                </max_yaw_rate_error_lpf_values_deg_per_s>
                <max_yaw_rate_error_lpf_values_contingency_deg_per_s>
                    <breakpoint_0>70.0</breakpoint_0>
                    <breakpoint_1>70.0</breakpoint_1>
                    <breakpoint_2>70.0</breakpoint_2>
                    <breakpoint_3>70.0</breakpoint_3>
                    <breakpoint_4>70.0</breakpoint_4>
                </max_yaw_rate_error_lpf_values_contingency_deg_per_s>
                <eas_lowspeed_yaw_logic_m_per_s>13.0</eas_lowspeed_yaw_logic_m_per_s>
                <eas_highspeed_yaw_logic_m_per_s>20.0</eas_highspeed_yaw_logic_m_per_s>
                <yaw_rate_error_filters_parameters>
                    <derivative_filter_numerator_0>9.090909090909092</derivative_filter_numerator_0>
                    <derivative_filter_numerator_1>-9.090909090909092</derivative_filter_numerator_1>
                    <derivative_filter_denominator_0>1.0</derivative_filter_denominator_0>
                    <derivative_filter_denominator_1>-0.8181818181818182</derivative_filter_denominator_1>
                    <lpf_numerator_0>0.01960784313725490</lpf_numerator_0>
                    <lpf_numerator_1>0.01960784313725490</lpf_numerator_1>
                    <lpf_denominator_0>1.0</lpf_denominator_0>
                    <lpf_denominator_1>-0.9607843137254902</lpf_denominator_1>
                    <fast_lpf_numerator_0>0.1116352117046597</fast_lpf_numerator_0>
                    <fast_lpf_numerator_1>0.1116352117046597</fast_lpf_numerator_1>
                    <fast_lpf_denominator_0>1.0</fast_lpf_denominator_0>
                    <fast_lpf_denominator_1>-0.7767295765906805</fast_lpf_denominator_1>
                </yaw_rate_error_filters_parameters>
            </angular_velocity_check>
            <attitude_check>
                <is_enabled>1</is_enabled>
                <is_active_during_stop_and_hover>1</is_active_during_stop_and_hover>
                <is_active_during_evasive_maneuver>1</is_active_during_evasive_maneuver>
                <max_bank_angle_error_eas_breakpoints_m_per_s>
                    <breakpoint_0>-3.0</breakpoint_0>
                    <breakpoint_1>-2.0</breakpoint_1>
                    <breakpoint_2>-1.0</breakpoint_2>
                    <breakpoint_3>0.0</breakpoint_3>
                    <breakpoint_4>20.0</breakpoint_4>
                </max_bank_angle_error_eas_breakpoints_m_per_s>
                <max_bank_angle_error_deg>
                    <breakpoint_0>40.0</breakpoint_0>
                    <breakpoint_1>40.0</breakpoint_1>
                    <breakpoint_2>40.0</breakpoint_2>
                    <breakpoint_3>40.0</breakpoint_3>
                    <breakpoint_4>40.0</breakpoint_4>
                </max_bank_angle_error_deg>
                <max_bank_angle_error_contingency_deg>
                    <breakpoint_0>70.0</breakpoint_0>
                    <breakpoint_1>70.0</breakpoint_1>
                    <breakpoint_2>70.0</breakpoint_2>
                    <breakpoint_3>70.0</breakpoint_3>
                    <breakpoint_4>70.0</breakpoint_4>
                </max_bank_angle_error_contingency_deg>
                <bank_error_lpf_numerator_0>0.009900990099009901</bank_error_lpf_numerator_0>
                <bank_error_lpf_numerator_1>0.009900990099009901</bank_error_lpf_numerator_1>
                <bank_error_lpf_denominator_0>1.0</bank_error_lpf_denominator_0>
                <bank_error_lpf_denominator_1>-0.9801980198019802</bank_error_lpf_denominator_1>
                <vtol_min_pitch_trim0_from_grtraj_deg>-40.0</vtol_min_pitch_trim0_from_grtraj_deg>
                <vtol_min_pitch_trim0_from_grtraj_contingency_deg>-70.0</vtol_min_pitch_trim0_from_grtraj_contingency_deg>
                <vtol_max_pitch_trim0_from_grtraj_deg>50.0</vtol_max_pitch_trim0_from_grtraj_deg>
                <vtol_max_pitch_trim0_from_grtraj_contingency_deg>70.0</vtol_max_pitch_trim0_from_grtraj_contingency_deg>
                <transition_minmax_pitch_groundspeed_breakpoints_m_per_s>
                    <breakpoint_0>-3.0</breakpoint_0>
                    <breakpoint_1>-2.0</breakpoint_1>
                    <breakpoint_2>-1.0</breakpoint_2>
                    <breakpoint_3>0.0</breakpoint_3>
                    <breakpoint_4>5.0</breakpoint_4>
                </transition_minmax_pitch_groundspeed_breakpoints_m_per_s>
                <transition_min_pitch_trim0_from_grtraj_deg>
                    <breakpoint_0>-50.0</breakpoint_0>
                    <breakpoint_1>-50.0</breakpoint_1>
                    <breakpoint_2>-50.0</breakpoint_2>
                    <breakpoint_3>-50.0</breakpoint_3>
                    <breakpoint_4>-50.0</breakpoint_4>
                </transition_min_pitch_trim0_from_grtraj_deg>
                <transition_min_pitch_trim0_from_grtraj_contingency_deg>
                    <breakpoint_0>-65.0</breakpoint_0>
                    <breakpoint_1>-65.0</breakpoint_1>
                    <breakpoint_2>-65.0</breakpoint_2>
                    <breakpoint_3>-65.0</breakpoint_3>
                    <breakpoint_4>-65.0</breakpoint_4>
                </transition_min_pitch_trim0_from_grtraj_contingency_deg>
                <transition_max_pitch_trim0_from_grtraj_deg>
                    <breakpoint_0>60.0</breakpoint_0>
                    <breakpoint_1>60.0</breakpoint_1>
                    <breakpoint_2>60.0</breakpoint_2>
                    <breakpoint_3>60.0</breakpoint_3>
                    <breakpoint_4>60.0</breakpoint_4>
                </transition_max_pitch_trim0_from_grtraj_deg>
                <transition_max_pitch_trim0_from_grtraj_contingency_deg>
                    <breakpoint_0>70.0</breakpoint_0>
                    <breakpoint_1>70.0</breakpoint_1>
                    <breakpoint_2>70.0</breakpoint_2>
                    <breakpoint_3>70.0</breakpoint_3>
                    <breakpoint_4>70.0</breakpoint_4>
                </transition_max_pitch_trim0_from_grtraj_contingency_deg>
                <pitch_est_lpf_numerator_0>0.09090909090909091</pitch_est_lpf_numerator_0>
                <pitch_est_lpf_numerator_1>0.09090909090909091</pitch_est_lpf_numerator_1>
                <pitch_est_lpf_denominator_0>1.0</pitch_est_lpf_denominator_0>
                <pitch_est_lpf_denominator_1>-0.8181818181818182</pitch_est_lpf_denominator_1>
                <wbf_min_pitch_trim0_from_grtraj_deg>-25.0</wbf_min_pitch_trim0_from_grtraj_deg>
                <wbf_min_pitch_trim0_from_grtraj_contingency_deg>-40.0</wbf_min_pitch_trim0_from_grtraj_contingency_deg>
                <wbf_max_pitch_trim0_from_grtraj_deg>25.0</wbf_max_pitch_trim0_from_grtraj_deg>
                <wbf_max_pitch_trim0_from_grtraj_contingency_deg>40.0</wbf_max_pitch_trim0_from_grtraj_contingency_deg>
                <undefined_pof_min_pitch_trim0_from_grtraj_deg>-90.0</undefined_pof_min_pitch_trim0_from_grtraj_deg>
                <undefined_pof_max_pitch_trim0_from_grtraj_deg>90.0</undefined_pof_max_pitch_trim0_from_grtraj_deg>
                <yaw_est_lpf_numerator_0>0.09090909090909091</yaw_est_lpf_numerator_0>
                <yaw_est_lpf_numerator_1>0.09090909090909091</yaw_est_lpf_numerator_1>
                <yaw_est_lpf_denominator_0>1.0</yaw_est_lpf_denominator_0>
                <yaw_est_lpf_denominator_1>-0.8181818181818182</yaw_est_lpf_denominator_1>
                <vtol_max_abs_yaw_trim0_from_grtraj_deg>181.0</vtol_max_abs_yaw_trim0_from_grtraj_deg>
                <vtol_max_abs_yaw_trim0_from_grtraj_contingency_deg>181.0</vtol_max_abs_yaw_trim0_from_grtraj_contingency_deg>
                <transition_max_abs_yaw_eas_breakpoints_m_per_s>
                    <breakpoint_0>-3.0</breakpoint_0>
                    <breakpoint_1>-2.0</breakpoint_1>
                    <breakpoint_2>-1.0</breakpoint_2>
                    <breakpoint_3>0.0</breakpoint_3>
                    <breakpoint_4>20.0</breakpoint_4>
                </transition_max_abs_yaw_eas_breakpoints_m_per_s>
                <transition_max_abs_yaw_trim0_from_grtraj_deg>
                    <breakpoint_0>55.0</breakpoint_0>
                    <breakpoint_1>55.0</breakpoint_1>
                    <breakpoint_2>55.0</breakpoint_2>
                    <breakpoint_3>55.0</breakpoint_3>
                    <breakpoint_4>55.0</breakpoint_4>
                </transition_max_abs_yaw_trim0_from_grtraj_deg>
                <transition_max_abs_yaw_trim0_from_grtraj_contingency_deg>
                    <breakpoint_0>70.0</breakpoint_0>
                    <breakpoint_1>70.0</breakpoint_1>
                    <breakpoint_2>70.0</breakpoint_2>
                    <breakpoint_3>70.0</breakpoint_3>
                    <breakpoint_4>70.0</breakpoint_4>
                </transition_max_abs_yaw_trim0_from_grtraj_contingency_deg>
                <wbf_max_abs_yaw_trim0_from_grtraj_deg>40.0</wbf_max_abs_yaw_trim0_from_grtraj_deg>
                <wbf_max_abs_yaw_trim0_from_grtraj_contingency_deg>70.0</wbf_max_abs_yaw_trim0_from_grtraj_contingency_deg>
                <undefined_pof_max_abs_yaw_trim0_from_grtraj_deg>181.0</undefined_pof_max_abs_yaw_trim0_from_grtraj_deg>
            </attitude_check>
            <stop_and_hover_falling_edge_delay>
                <time_delay_ms>5000</time_delay_ms>
            </stop_and_hover_falling_edge_delay>
            <evasive_maneuver_falling_edge_delay>
                <time_delay_ms>15000</time_delay_ms>
            </evasive_maneuver_falling_edge_delay>
        </vehicle_state_checks>
        <locker_delivery_check>
            <is_enabled>0</is_enabled>
            <min_hat_m>1.3</min_hat_m>
            <v_down_max_m_per_s>3.0</v_down_max_m_per_s>
            <min_recovery_hat_m>1.3</min_recovery_hat_m>
            <switchover_delay_s>0.120</switchover_delay_s>
            <a_down_cmd_min_m_per_s2>-2.45</a_down_cmd_min_m_per_s2>
            <j_down_cmd_min_m_per_s3>-6.0</j_down_cmd_min_m_per_s3>
        </locker_delivery_check>
        <disarm_check>
            <horizontal_distance_to_takeoff_point_threshold_m>75.0</horizontal_distance_to_takeoff_point_threshold_m>
            <horizontal_distance_to_landing_point_threshold_m>30.0</horizontal_distance_to_landing_point_threshold_m>
            <horizontal_distance_to_landing_point_threshold_dgnss_m>5.0</horizontal_distance_to_landing_point_threshold_dgnss_m>
            <horizontal_distance_to_takeoff_point_threshold_dgnss_m>75.0</horizontal_distance_to_takeoff_point_threshold_dgnss_m>
            <vertical_distance_to_landing_point_threshold_m>30.0</vertical_distance_to_landing_point_threshold_m>
            <vertical_distance_to_landing_point_threshold_dgnss_m>5.0</vertical_distance_to_landing_point_threshold_dgnss_m>
            <max_abs_vtol_roll_deg>30.0</max_abs_vtol_roll_deg>
            <max_abs_vtol_pitch_deg>30.0</max_abs_vtol_pitch_deg>
            <jerk_check_lookback_ms>3000.0</jerk_check_lookback_ms>
            <disarm_check_timeout_ms>100.0</disarm_check_timeout_ms>
            <min_ground_contact_pseudojerk_m_per_s2>1.8</min_ground_contact_pseudojerk_m_per_s2>
            <is_enabled>1</is_enabled>
            <is_position_check_enabled>1</is_position_check_enabled>
            <landing_disarm_timeout_s>10.0</landing_disarm_timeout_s>
        </disarm_check>
        <drone_state_machine>
            <haz_ops_light_timer_expiration_ms>2700</haz_ops_light_timer_expiration_ms>
            <attitude_check>
                <rollpitch_enable>1</rollpitch_enable>
                <nominal_roll_vtol_from_ned_deg>0.0</nominal_roll_vtol_from_ned_deg>
                <nominal_pitch_vtol_from_ned_deg>-2.3</nominal_pitch_vtol_from_ned_deg>
                <max_deviation_rollpitch_deg>5.0</max_deviation_rollpitch_deg>
            </attitude_check>
            <bounding_volume_check>
                <is_enabled>1</is_enabled>
            </bounding_volume_check>
            <switchover_test_timeout_s>0.12</switchover_test_timeout_s>
            <is_switchover_test_enabled>1</is_switchover_test_enabled>
            <is_takeoff_timing_window_check_enabled>1</is_takeoff_timing_window_check_enabled>
            <enabling_propulsion_start_before_takeoff_ms>20000</enabling_propulsion_start_before_takeoff_ms>
            <takeoff_window_error_threshold_ms>1000</takeoff_window_error_threshold_ms>
            <climb_rate_cmd_backyard_exit_m_per_s>0.5</climb_rate_cmd_backyard_exit_m_per_s>
            <est_hae_error>2.0</est_hae_error>
            <cmd_hae_error>3.0</cmd_hae_error>
            <max_allowed_delivery_height_mld_m>8.0</max_allowed_delivery_height_mld_m>
            <max_allowed_delivery_height_pal_m>4.0</max_allowed_delivery_height_pal_m>
            <delivery_height_power_on_m>8.0</delivery_height_power_on_m>
            <hae_based_land_agl_m>8.0</hae_based_land_agl_m>
            <heading_check_heading_init_tol_deg>10.0</heading_check_heading_init_tol_deg>
            <heading_check_mission_plan_tol_deg>1</heading_check_mission_plan_tol_deg>
            <heading_check_heading_check_tol_deg>10.0</heading_check_heading_check_tol_deg>
            <takeoff_completed_hae_difference_threshold_m>30.0</takeoff_completed_hae_difference_threshold_m>
            <flight_to_landing_completed_horiz_threshold_m>30.0</flight_to_landing_completed_horiz_threshold_m>
            <flight_to_landing_completed_vert_threshold_m>30.0</flight_to_landing_completed_vert_threshold_m>
            <takeoff_completed_hae_difference_threshold_dgnss_m>3.0</takeoff_completed_hae_difference_threshold_dgnss_m>
            <flight_to_landing_completed_horiz_threshold_dgnss_m>3.0</flight_to_landing_completed_horiz_threshold_dgnss_m>
            <flight_to_landing_completed_vert_threshold_dgnss_m>3.0</flight_to_landing_completed_vert_threshold_dgnss_m>
        </drone_state_machine>
        <vms_checks>
            <inadvertent_takeoff_check>
                <is_enabled>1</is_enabled>
                <maximum_test_motor_rpm>2200</maximum_test_motor_rpm>
            </inadvertent_takeoff_check>
            <enacted_contingency_checks>
                <enacted_contingency_detection_timeout_s>2.0</enacted_contingency_detection_timeout_s>
                <is_enabled>1</is_enabled>
            </enacted_contingency_checks>
            <reset_check>
                <is_enabled>0</is_enabled>
            </reset_check>
            <motor_arm_check>
                <is_enabled>0</is_enabled>
            </motor_arm_check>
            <mission_phase_check>
                <is_enabled>1</is_enabled>
                <monitor_primary_sync_offset_ms>1000.0</monitor_primary_sync_offset_ms>
            </mission_phase_check>
            <land_command_check>
                <is_enabled>1</is_enabled>
                <height_above_landing_point_threshold_m>19.0</height_above_landing_point_threshold_m>
                <height_above_landing_point_threshold_dgnss_m>9.0</height_above_landing_point_threshold_dgnss_m>
            </land_command_check>
        </vms_checks>
        <pds_control>
            <pds_command_generator>
                <is_enabled>1</is_enabled>
                <close_door_timer_s>6.0</close_door_timer_s>
                <pds_command_active_time_s>4.0</pds_command_active_time_s>
                <pds_power_on_delay_s>0.1</pds_power_on_delay_s>
                <max_height_above_mld_point_m>8.0</max_height_above_mld_point_m>
                <max_height_above_locker_m>4.0</max_height_above_locker_m>
                <max_horiz_distance_to_locker_m>1.25</max_horiz_distance_to_locker_m>
            </pds_command_generator>
        </pds_control>
        <scheduler_inputs>
            <initial_air_density_kg_per_m3>1.225</initial_air_density_kg_per_m3>
            <initial_dynamic_pressure_pa>0.0</initial_dynamic_pressure_pa>
            <dynamic_pressure_lpf_numerator_0>0.01595405232929164</dynamic_pressure_lpf_numerator_0>
            <dynamic_pressure_lpf_numerator_1>0.01595405232929164</dynamic_pressure_lpf_numerator_1>
            <dynamic_pressure_lpf_denominator_0>1.0</dynamic_pressure_lpf_denominator_0>
            <dynamic_pressure_lpf_denominator_1>-0.9680918953414167</dynamic_pressure_lpf_denominator_1>
        </scheduler_inputs>
        <dgnss_unavailable_falling_edge_delay>
            <time_delay_ms>30000</time_delay_ms>
        </dgnss_unavailable_falling_edge_delay>
        <mission_data_processor>
            <fail_processing_if_locker_delivery>1</fail_processing_if_locker_delivery>
        </mission_data_processor>
        <feedforward_command_checks>
            <is_enabled>1</is_enabled>
            <route_id_checks>
                <is_enabled>1</is_enabled>
            </route_id_checks>
            <maneuver_id_check>
                <is_enabled>1</is_enabled>
                <max_maneuver_id_jump>5</max_maneuver_id_jump>
            </maneuver_id_check>
            <position_check>
                <is_enabled>1</is_enabled>
                <is_wbf_turn_radius_check_enabled>0</is_wbf_turn_radius_check_enabled>
                <is_check_enabled_during_evasive_maneuver>1</is_check_enabled_during_evasive_maneuver>
                <max_horiz_diff_ground_point_m>3.0</max_horiz_diff_ground_point_m>
                <max_vert_diff_overshoot_top_of_takeoff_m>2.0</max_vert_diff_overshoot_top_of_takeoff_m>
                <max_horiz_diff_backyard_delivery_point_m>3.0</max_horiz_diff_backyard_delivery_point_m>
                <max_horiz_diff_backyard_exit_point_m>3.0</max_horiz_diff_backyard_exit_point_m>
                <max_vert_diff_overshoot_backyard_exit_point_m>2.0</max_vert_diff_overshoot_backyard_exit_point_m>
                <min_vert_diff_target_point_markerless_m>2.5</min_vert_diff_target_point_markerless_m>
                <min_vert_diff_target_point_locker_m>1.75</min_vert_diff_target_point_locker_m>
                <max_horiz_diff_landing_point_m>3.0</max_horiz_diff_landing_point_m>
                <max_horiz_distance_to_spline_m>30.0</max_horiz_distance_to_spline_m>
                <max_vert_distance_to_spline_m>15.0</max_vert_distance_to_spline_m>
                <max_vert_cmd_position_change_m>2.0</max_vert_cmd_position_change_m>
                <max_radius_diff_turn_wbf_maneuver_m>1.0</max_radius_diff_turn_wbf_maneuver_m>
                <in_flight_position_diff_em_buffer_m>2.0</in_flight_position_diff_em_buffer_m>
                <vtol_vert_diff_em_buffer_m>5.0</vtol_vert_diff_em_buffer_m>
                <vtol_horiz_diff_em_buffer_m>10.0</vtol_horiz_diff_em_buffer_m>
                <max_vert_diff_vtol_stop_and_hover_m>4.0</max_vert_diff_vtol_stop_and_hover_m>
                <max_horiz_diff_vtol_stop_and_hover_m>4.0</max_horiz_diff_vtol_stop_and_hover_m>
            </position_check>
        </feedforward_command_checks>
    </data>
</entry-amz-mon-param>
