<entry-xpcu8>
    <id>12</id>
    <filename>xpcu8.bin</filename>
    <version>
        <major>7</major>
        <minor>3</minor>
        <revision>1</revision>
    </version>
    <data>
        <str-tunarray-element>
            <producer>1</producer>
            <consumer>38</consumer>
            <group>0</group>
            <enable-bvar>1</enable-bvar>
        </str-tunarray-element>
        <str-tunarray-element>
            <producer>4</producer>
            <consumer>17</consumer>
            <group>1</group>
            <enable-bvar>1</enable-bvar>
        </str-tunarray-element>
        <str-tunarray-element>
            <producer>17</producer>
            <consumer>4</consumer>
            <group>1</group>
            <enable-bvar>1</enable-bvar>
        </str-tunarray-element>
        <str-tunarray-element>
            <producer>38</producer>
            <consumer>18</consumer>
            <group>1</group>
            <enable-bvar>1</enable-bvar>
        </str-tunarray-element>
        <str-tunarray-element>
            <producer>18</producer>
            <consumer>36</consumer>
            <group>1</group>
            <enable-bvar>1</enable-bvar>
        </str-tunarray-element>
    </data>
</entry-xpcu8>
