<entry-cap-pulse>
    <id>116</id>
    <filename>pulse.bin</filename>
    <version>
        <major>7</major>
        <minor>3</minor>
        <revision>1</revision>
    </version>
    <data>
        <cap-pulse-1>
            <type>0</type>
            <t2v>
                <str-tunarray-element>
                    <x>0.0</x>
                    <y1>0.0</y1>
                </str-tunarray-element>
                <str-tunarray-element>
                    <x>0.0</x>
                    <y1>0.0</y1>
                </str-tunarray-element>
                <str-tunarray-element>
                    <x>0.0</x>
                    <y1>0.0</y1>
                </str-tunarray-element>
                <str-tunarray-element>
                    <x>0.0</x>
                    <y1>0.0</y1>
                </str-tunarray-element>
                <str-tunarray-element>
                    <x>0.0</x>
                    <y1>0.0</y1>
                </str-tunarray-element>
            </t2v>
            <tout>1.0</tout>
        </cap-pulse-1>
        <cap-pulse-2>
            <type>0</type>
            <t2v>
                <str-tunarray-element>
                    <x>0.0</x>
                    <y1>0.0</y1>
                </str-tunarray-element>
                <str-tunarray-element>
                    <x>0.0</x>
                    <y1>0.0</y1>
                </str-tunarray-element>
                <str-tunarray-element>
                    <x>0.0</x>
                    <y1>0.0</y1>
                </str-tunarray-element>
                <str-tunarray-element>
                    <x>0.0</x>
                    <y1>0.0</y1>
                </str-tunarray-element>
                <str-tunarray-element>
                    <x>0.0</x>
                    <y1>0.0</y1>
                </str-tunarray-element>
            </t2v>
            <tout>1.0</tout>
        </cap-pulse-2>
        <cap-pulse-3>
            <type>0</type>
            <t2v>
                <str-tunarray-element>
                    <x>0.0</x>
                    <y1>0.0</y1>
                </str-tunarray-element>
                <str-tunarray-element>
                    <x>0.0</x>
                    <y1>0.0</y1>
                </str-tunarray-element>
                <str-tunarray-element>
                    <x>0.0</x>
                    <y1>0.0</y1>
                </str-tunarray-element>
                <str-tunarray-element>
                    <x>0.0</x>
                    <y1>0.0</y1>
                </str-tunarray-element>
                <str-tunarray-element>
                    <x>0.0</x>
                    <y1>0.0</y1>
                </str-tunarray-element>
            </t2v>
            <tout>1.0</tout>
        </cap-pulse-3>
        <cap-pulse-4>
            <type>0</type>
            <t2v>
                <str-tunarray-element>
                    <x>0.0</x>
                    <y1>0.0</y1>
                </str-tunarray-element>
                <str-tunarray-element>
                    <x>0.0</x>
                    <y1>0.0</y1>
                </str-tunarray-element>
                <str-tunarray-element>
                    <x>0.0</x>
                    <y1>0.0</y1>
                </str-tunarray-element>
                <str-tunarray-element>
                    <x>0.0</x>
                    <y1>0.0</y1>
                </str-tunarray-element>
                <str-tunarray-element>
                    <x>0.0</x>
                    <y1>0.0</y1>
                </str-tunarray-element>
            </t2v>
            <tout>1.0</tout>
        </cap-pulse-4>
    </data>
</entry-cap-pulse>
