<entry-blocks>
    <id>432</id>
    <filename>blocks.bin</filename>
    <version>
        <major>7</major>
        <minor>3</minor>
        <revision>1</revision>
    </version>
    <data>
        <programs>
            <str-tunarray-element>
                <mask>1</mask>
                <slot>0</slot>
                <blocks/>
            </str-tunarray-element>
            <str-tunarray-element>
                <mask>0</mask>
                <slot>0</slot>
                <blocks/>
            </str-tunarray-element>
        </programs>
        <steps>
            <str-tunarray-element>0</str-tunarray-element>
            <str-tunarray-element>1</str-tunarray-element>
        </steps>
    </data>
</entry-blocks>
