<entry-can-suite-gpio>
    <id>47</id>
    <filename>can_gpio.bin</filename>
    <version>
        <major>7</major>
        <minor>3</minor>
        <revision>1</revision>
    </version>
    <data>
        <can-gpio>
            <str-tunarray-element>
                <period>0.1</period>
                <id>
                    <ext>0</ext>
                    <id>0</id>
                </id>
                <virtual_ids>
                    <el_0>255</el_0>
                    <el_1>255</el_1>
                    <el_2>255</el_2>
                    <el_3>255</el_3>
                    <el_4>255</el_4>
                    <el_5>255</el_5>
                    <el_6>255</el_6>
                    <el_7>255</el_7>
                    <el_8>255</el_8>
                    <el_9>255</el_9>
                    <el_10>255</el_10>
                    <el_11>255</el_11>
                    <el_12>255</el_12>
                    <el_13>255</el_13>
                    <el_14>255</el_14>
                    <el_15>255</el_15>
                    <el_16>255</el_16>
                    <el_17>255</el_17>
                    <el_18>255</el_18>
                    <el_19>255</el_19>
                    <el_20>255</el_20>
                    <el_21>255</el_21>
                    <el_22>255</el_22>
                    <el_23>255</el_23>
                    <el_24>255</el_24>
                    <el_25>255</el_25>
                    <el_26>255</el_26>
                    <el_27>255</el_27>
                    <el_28>255</el_28>
                    <el_29>255</el_29>
                    <el_30>255</el_30>
                    <el_31>255</el_31>
                </virtual_ids>
            </str-tunarray-element>
            <str-tunarray-element>
                <period>0.1</period>
                <id>
                    <ext>0</ext>
                    <id>0</id>
                </id>
                <virtual_ids>
                    <el_0>255</el_0>
                    <el_1>255</el_1>
                    <el_2>255</el_2>
                    <el_3>255</el_3>
                    <el_4>255</el_4>
                    <el_5>255</el_5>
                    <el_6>255</el_6>
                    <el_7>255</el_7>
                    <el_8>255</el_8>
                    <el_9>255</el_9>
                    <el_10>255</el_10>
                    <el_11>255</el_11>
                    <el_12>255</el_12>
                    <el_13>255</el_13>
                    <el_14>255</el_14>
                    <el_15>255</el_15>
                    <el_16>255</el_16>
                    <el_17>255</el_17>
                    <el_18>255</el_18>
                    <el_19>255</el_19>
                    <el_20>255</el_20>
                    <el_21>255</el_21>
                    <el_22>255</el_22>
                    <el_23>255</el_23>
                    <el_24>255</el_24>
                    <el_25>255</el_25>
                    <el_26>255</el_26>
                    <el_27>255</el_27>
                    <el_28>255</el_28>
                    <el_29>255</el_29>
                    <el_30>255</el_30>
                    <el_31>255</el_31>
                </virtual_ids>
            </str-tunarray-element>
        </can-gpio>
    </data>
</entry-can-suite-gpio>
