<entry-fstr>
    <id>61</id>
    <filename>fstr.bin</filename>
    <version>
        <major>7</major>
        <minor>3</minor>
        <revision>1</revision>
    </version>
    <data>
        <periode>0.1</periode>
        <fields>
            <str-tunarray-element>
                <data-fieldset>
                    <real-float32>
                        <type>0</type>
                        <id>300</id>
                        <scale>1.0</scale>
                    </real-float32>
                </data-fieldset>
            </str-tunarray-element>
        </fields>
    </data>
</entry-fstr>
