<entry-xpecap>
    <id>100</id>
    <filename>xpecap.bin</filename>
    <version>
        <major>7</major>
        <minor>3</minor>
        <revision>1</revision>
    </version>
    <data>
        <str-tunarray-element>
            <producer>0</producer>
            <consumer>0</consumer>
            <group>0</group>
            <enable-bvar>1</enable-bvar>
        </str-tunarray-element>
        <str-tunarray-element>
            <producer>1</producer>
            <consumer>4</consumer>
            <group>0</group>
            <enable-bvar>1</enable-bvar>
        </str-tunarray-element>
        <str-tunarray-element>
            <producer>2</producer>
            <consumer>5</consumer>
            <group>0</group>
            <enable-bvar>1</enable-bvar>
        </str-tunarray-element>
        <str-tunarray-element>
            <producer>3</producer>
            <consumer>6</consumer>
            <group>0</group>
            <enable-bvar>1</enable-bvar>
        </str-tunarray-element>
    </data>
</entry-xpecap>
