<entry-vehicle-ident>
    <id>380</id>
    <filename>vehicle_ident.bin</filename>
    <version>
        <major>7</major>
        <minor>3</minor>
        <revision>1</revision>
    </version>
    <data>
        <addr>
            <uav>4278190080</uav>
        </addr>
        <v_type>0</v_type>
        <v_subtype>0</v_subtype>
        <payloads>
            <str-tunarray-element>0</str-tunarray-element>
        </payloads>
        <tail_number>
            <str-tunarray-element>52</str-tunarray-element>
            <str-tunarray-element>50</str-tunarray-element>
            <str-tunarray-element>55</str-tunarray-element>
            <str-tunarray-element>56</str-tunarray-element>
            <str-tunarray-element>49</str-tunarray-element>
            <str-tunarray-element>57</str-tunarray-element>
            <str-tunarray-element>48</str-tunarray-element>
            <str-tunarray-element>48</str-tunarray-element>
            <str-tunarray-element>56</str-tunarray-element>
            <str-tunarray-element>48</str-tunarray-element>
            <str-tunarray-element>32</str-tunarray-element>
            <str-tunarray-element>32</str-tunarray-element>
            <str-tunarray-element>32</str-tunarray-element>
            <str-tunarray-element>32</str-tunarray-element>
            <str-tunarray-element>32</str-tunarray-element>
            <str-tunarray-element>0</str-tunarray-element>
        </tail_number>
        <atc_call_sign>
            <str-tunarray-element>32</str-tunarray-element>
            <str-tunarray-element>32</str-tunarray-element>
            <str-tunarray-element>32</str-tunarray-element>
            <str-tunarray-element>32</str-tunarray-element>
            <str-tunarray-element>32</str-tunarray-element>
            <str-tunarray-element>32</str-tunarray-element>
            <str-tunarray-element>32</str-tunarray-element>
            <str-tunarray-element>32</str-tunarray-element>
            <str-tunarray-element>32</str-tunarray-element>
            <str-tunarray-element>32</str-tunarray-element>
            <str-tunarray-element>32</str-tunarray-element>
            <str-tunarray-element>32</str-tunarray-element>
            <str-tunarray-element>32</str-tunarray-element>
            <str-tunarray-element>32</str-tunarray-element>
            <str-tunarray-element>32</str-tunarray-element>
            <str-tunarray-element>32</str-tunarray-element>
            <str-tunarray-element>32</str-tunarray-element>
            <str-tunarray-element>32</str-tunarray-element>
            <str-tunarray-element>32</str-tunarray-element>
            <str-tunarray-element>32</str-tunarray-element>
            <str-tunarray-element>32</str-tunarray-element>
            <str-tunarray-element>32</str-tunarray-element>
            <str-tunarray-element>32</str-tunarray-element>
            <str-tunarray-element>32</str-tunarray-element>
            <str-tunarray-element>32</str-tunarray-element>
            <str-tunarray-element>32</str-tunarray-element>
            <str-tunarray-element>32</str-tunarray-element>
            <str-tunarray-element>32</str-tunarray-element>
            <str-tunarray-element>32</str-tunarray-element>
            <str-tunarray-element>32</str-tunarray-element>
            <str-tunarray-element>32</str-tunarray-element>
            <str-tunarray-element>32</str-tunarray-element>
        </atc_call_sign>
    </data>
</entry-vehicle-ident>
