<entry-stg-port-cfg>
    <id>17</id>
    <filename>stg_ports_cfg.bin</filename>
    <version>
        <major>7</major>
        <minor>3</minor>
        <revision>1</revision>
    </version>
    <data>
        <str-tunarray-element>0</str-tunarray-element>
        <str-tunarray-element>0</str-tunarray-element>
        <str-tunarray-element>0</str-tunarray-element>
        <str-tunarray-element>0</str-tunarray-element>
        <str-tunarray-element>0</str-tunarray-element>
        <str-tunarray-element>0</str-tunarray-element>
    </data>
</entry-stg-port-cfg>
