<entry-maglps>
    <id>276</id>
    <filename>maglps.bin</filename>
    <version>
        <major>7</major>
        <minor>3</minor>
        <revision>1</revision>
    </version>
    <data>
        <sensor0>
            <a00>1.0</a00>
            <a10>0.0</a10>
            <a20>0.0</a20>
            <a01>0.0</a01>
            <a11>1.0</a11>
            <a21>0.0</a21>
            <a02>0.0</a02>
            <a12>0.0</a12>
            <a22>1.0</a22>
        </sensor0>
        <sensor1>
            <a00>1.0</a00>
            <a10>0.0</a10>
            <a20>0.0</a20>
            <a01>0.0</a01>
            <a11>1.0</a11>
            <a21>0.0</a21>
            <a02>0.0</a02>
            <a12>0.0</a12>
            <a22>1.0</a22>
        </sensor1>
        <sensor2>
            <a00>1.0</a00>
            <a10>0.0</a10>
            <a20>0.0</a20>
            <a01>0.0</a01>
            <a11>1.0</a11>
            <a21>0.0</a21>
            <a02>0.0</a02>
            <a12>0.0</a12>
            <a22>1.0</a22>
        </sensor2>
        <sensor3>
            <a00>1.0</a00>
            <a10>0.0</a10>
            <a20>0.0</a20>
            <a01>0.0</a01>
            <a11>1.0</a11>
            <a21>0.0</a21>
            <a02>0.0</a02>
            <a12>0.0</a12>
            <a22>1.0</a22>
        </sensor3>
        <sensor4>
            <a00>1.0</a00>
            <a10>0.0</a10>
            <a20>0.0</a20>
            <a01>0.0</a01>
            <a11>1.0</a11>
            <a21>0.0</a21>
            <a02>0.0</a02>
            <a12>0.0</a12>
            <a22>1.0</a22>
        </sensor4>
        <sensor5>
            <a00>1.0</a00>
            <a10>0.0</a10>
            <a20>0.0</a20>
            <a01>0.0</a01>
            <a11>1.0</a11>
            <a21>0.0</a21>
            <a02>0.0</a02>
            <a12>0.0</a12>
            <a22>1.0</a22>
        </sensor5>
        <sensor6>
            <a00>1.0</a00>
            <a10>0.0</a10>
            <a20>0.0</a20>
            <a01>0.0</a01>
            <a11>1.0</a11>
            <a21>0.0</a21>
            <a02>0.0</a02>
            <a12>0.0</a12>
            <a22>1.0</a22>
        </sensor6>
        <sensor7>
            <a00>1.0</a00>
            <a10>0.0</a10>
            <a20>0.0</a20>
            <a01>0.0</a01>
            <a11>1.0</a11>
            <a21>0.0</a21>
            <a02>0.0</a02>
            <a12>0.0</a12>
            <a22>1.0</a22>
        </sensor7>
        <sensor8>
            <a00>1.0</a00>
            <a10>0.0</a10>
            <a20>0.0</a20>
            <a01>0.0</a01>
            <a11>1.0</a11>
            <a21>0.0</a21>
            <a02>0.0</a02>
            <a12>0.0</a12>
            <a22>1.0</a22>
        </sensor8>
    </data>
</entry-maglps>
