<entry-muvar>
    <id>137</id>
    <filename>muvar.bin</filename>
    <version>
        <major>7</major>
        <minor>3</minor>
        <revision>1</revision>
    </version>
    <data>
        <map>
            <str-tunarray-element>
                <id>1000</id>
                <description>
                    <name>control motor enable intent</name>
                </description>
            </str-tunarray-element>
            <str-tunarray-element>
                <id>1001</id>
                <description>
                    <name>control disabled motor</name>
                </description>
            </str-tunarray-element>
            <str-tunarray-element>
                <id>1002</id>
                <description>
                    <name>control motor arm intent</name>
                </description>
            </str-tunarray-element>
            <str-tunarray-element>
                <id>1019</id>
                <description>
                    <name/>
                </description>
            </str-tunarray-element>
            <str-tunarray-element>
                <id>1003</id>
                <description>
                    <name>control motor source</name>
                </description>
            </str-tunarray-element>
            <str-tunarray-element>
                <id>1100</id>
                <description>
                    <name>controllers mode</name>
                </description>
            </str-tunarray-element>
            <str-tunarray-element>
                <id>1101</id>
                <description>
                    <name>ttcg tracked phase</name>
                </description>
            </str-tunarray-element>
            <str-tunarray-element>
                <id>1102</id>
                <description>
                    <name>ttcg route id</name>
                </description>
            </str-tunarray-element>
            <str-tunarray-element>
                <id>1103</id>
                <description>
                    <name>ttcg route status</name>
                </description>
            </str-tunarray-element>
            <str-tunarray-element>
                <id>1104</id>
                <description>
                    <name>ttcg maneuver id</name>
                </description>
            </str-tunarray-element>
            <str-tunarray-element>
                <id>1105</id>
                <description>
                    <name>ttcg maneuver status</name>
                </description>
            </str-tunarray-element>
            <str-tunarray-element>
                <id>1106</id>
                <description>
                    <name>ttcg transition tracking method</name>
                </description>
            </str-tunarray-element>
            <str-tunarray-element>
                <id>1107</id>
                <description>
                    <name>ttcg transition speed mode</name>
                </description>
            </str-tunarray-element>
            <str-tunarray-element>
                <id>1108</id>
                <description>
                    <name>tsc tracking mode</name>
                </description>
            </str-tunarray-element>
            <str-tunarray-element>
                <id>1109</id>
                <description>
                    <name>sm integrators mode</name>
                </description>
            </str-tunarray-element>
            <str-tunarray-element>
                <id>1110</id>
                <description>
                    <name>sm land mode</name>
                </description>
            </str-tunarray-element>
            <str-tunarray-element>
                <id>1111</id>
                <description>
                    <name>sm takeoff mode</name>
                </description>
            </str-tunarray-element>
            <str-tunarray-element>
                <id>1112</id>
                <description>
                    <name>sm controllers mode</name>
                </description>
            </str-tunarray-element>
            <str-tunarray-element>
                <id>1113</id>
                <description>
                    <name>sm degradation level</name>
                </description>
            </str-tunarray-element>
            <str-tunarray-element>
                <id>1114</id>
                <description>
                    <name>sm gain type</name>
                </description>
            </str-tunarray-element>
            <str-tunarray-element>
                <id>1115</id>
                <description>
                    <name>mixer solver status</name>
                </description>
            </str-tunarray-element>
            <str-tunarray-element>
                <id>1116</id>
                <description>
                    <name>recovery previous track phase</name>
                </description>
            </str-tunarray-element>
            <str-tunarray-element>
                <id>1201</id>
                <description>
                    <name>mon_motor_perf_chk_num_timed_out</name>
                </description>
            </str-tunarray-element>
            <str-tunarray-element>
                <id>1202</id>
                <description>
                    <name>mon_drone_mode</name>
                </description>
            </str-tunarray-element>
            <str-tunarray-element>
                <id>1150</id>
                <description>
                    <name>Initializer imu measurements count</name>
                </description>
            </str-tunarray-element>
            <str-tunarray-element>
                <id>1151</id>
                <description>
                    <name>nav_imu_meas_avg</name>
                </description>
            </str-tunarray-element>
            <str-tunarray-element>
                <id>1152</id>
                <description>
                    <name>nav_imu_meas_max</name>
                </description>
            </str-tunarray-element>
            <str-tunarray-element>
                <id>1138</id>
                <description>
                    <name>mon_raim_num_valid_gps_svs</name>
                </description>
            </str-tunarray-element>
            <str-tunarray-element>
                <id>1139</id>
                <description>
                    <name>mon_raim_num_valid_galileo_svs</name>
                </description>
            </str-tunarray-element>
            <str-tunarray-element>
                <id>1140</id>
                <description>
                    <name>mon_raim_phase</name>
                </description>
            </str-tunarray-element>
            <str-tunarray-element>
                <id>1141</id>
                <description>
                    <name>mon_raim_status</name>
                </description>
            </str-tunarray-element>
            <str-tunarray-element>
                <id>1142</id>
                <description>
                    <name>mon_raim_dgnss_corrections_status</name>
                </description>
            </str-tunarray-element>
            <str-tunarray-element>
                <id>1143</id>
                <description>
                    <name>mon_raim_num_consecutive_successful_solutions</name>
                </description>
            </str-tunarray-element>
            <str-tunarray-element>
                <id>1144</id>
                <description>
                    <name>mon_raim_week</name>
                </description>
            </str-tunarray-element>
            <str-tunarray-element>
                <id>1145</id>
                <description>
                    <name>mon_raim_n_sv_used</name>
                </description>
            </str-tunarray-element>
            <str-tunarray-element>
                <id>1203</id>
                <description>
                    <name>mmdp_top_of_takeoff_maneuver_id</name>
                </description>
            </str-tunarray-element>
            <str-tunarray-element>
                <id>1161</id>
                <description>
                    <name>mon_pvt_init_num_consecutive_success</name>
                </description>
            </str-tunarray-element>
        </map>
    </data>
</entry-muvar>
