<entry-tm>
    <id>60</id>
    <filename>tm.bin</filename>
    <version>
        <major>7</major>
        <minor>3</minor>
        <revision>1</revision>
    </version>
    <data>
        <str-tunarray-element>
            <fields>
                <str-tunarray-element>
                    <data-fieldset>
                        <bit>
                            <type>3</type>
                            <id>1400</id>
                        </bit>
                    </data-fieldset>
                </str-tunarray-element>
                <str-tunarray-element>
                    <data-fieldset>
                        <bit>
                            <type>3</type>
                            <id>1430</id>
                        </bit>
                    </data-fieldset>
                </str-tunarray-element>
                <str-tunarray-element>
                    <data-fieldset>
                        <uinteger16>
                            <type>2</type>
                            <id>1201</id>
                            <min>0.0</min>
                            <max>65535.0</max>
                        </uinteger16>
                    </data-fieldset>
                </str-tunarray-element>
                <str-tunarray-element>
                    <data-fieldset>
                        <real-float32>
                            <type>0</type>
                            <id>3300</id>
                            <scale>1.0</scale>
                        </real-float32>
                    </data-fieldset>
                </str-tunarray-element>
                <str-tunarray-element>
                    <data-fieldset>
                        <real-float32>
                            <type>0</type>
                            <id>3301</id>
                            <scale>1.0</scale>
                        </real-float32>
                    </data-fieldset>
                </str-tunarray-element>
                <str-tunarray-element>
                    <data-fieldset>
                        <bit>
                            <type>3</type>
                            <id>1401</id>
                        </bit>
                    </data-fieldset>
                </str-tunarray-element>
                <str-tunarray-element>
                    <data-fieldset>
                        <bit>
                            <type>3</type>
                            <id>1402</id>
                        </bit>
                    </data-fieldset>
                </str-tunarray-element>
                <str-tunarray-element>
                    <data-fieldset>
                        <bit>
                            <type>3</type>
                            <id>1403</id>
                        </bit>
                    </data-fieldset>
                </str-tunarray-element>
                <str-tunarray-element>
                    <data-fieldset>
                        <bit>
                            <type>3</type>
                            <id>1404</id>
                        </bit>
                    </data-fieldset>
                </str-tunarray-element>
                <str-tunarray-element>
                    <data-fieldset>
                        <bit>
                            <type>3</type>
                            <id>1405</id>
                        </bit>
                    </data-fieldset>
                </str-tunarray-element>
                <str-tunarray-element>
                    <data-fieldset>
                        <bit>
                            <type>3</type>
                            <id>1406</id>
                        </bit>
                    </data-fieldset>
                </str-tunarray-element>
                <str-tunarray-element>
                    <data-fieldset>
                        <bit>
                            <type>3</type>
                            <id>1407</id>
                        </bit>
                    </data-fieldset>
                </str-tunarray-element>
                <str-tunarray-element>
                    <data-fieldset>
                        <bit>
                            <type>3</type>
                            <id>1408</id>
                        </bit>
                    </data-fieldset>
                </str-tunarray-element>
                <str-tunarray-element>
                    <data-fieldset>
                        <bit>
                            <type>3</type>
                            <id>1409</id>
                        </bit>
                    </data-fieldset>
                </str-tunarray-element>
                <str-tunarray-element>
                    <data-fieldset>
                        <bit>
                            <type>3</type>
                            <id>1410</id>
                        </bit>
                    </data-fieldset>
                </str-tunarray-element>
                <str-tunarray-element>
                    <data-fieldset>
                        <bit>
                            <type>3</type>
                            <id>1411</id>
                        </bit>
                    </data-fieldset>
                </str-tunarray-element>
                <str-tunarray-element>
                    <data-fieldset>
                        <bit>
                            <type>3</type>
                            <id>1412</id>
                        </bit>
                    </data-fieldset>
                </str-tunarray-element>
                <str-tunarray-element>
                    <data-fieldset>
                        <bit>
                            <type>3</type>
                            <id>1413</id>
                        </bit>
                    </data-fieldset>
                </str-tunarray-element>
                <str-tunarray-element>
                    <data-fieldset>
                        <bit>
                            <type>3</type>
                            <id>1414</id>
                        </bit>
                    </data-fieldset>
                </str-tunarray-element>
                <str-tunarray-element>
                    <data-fieldset>
                        <bit>
                            <type>3</type>
                            <id>1415</id>
                        </bit>
                    </data-fieldset>
                </str-tunarray-element>
                <str-tunarray-element>
                    <data-fieldset>
                        <bit>
                            <type>3</type>
                            <id>1416</id>
                        </bit>
                    </data-fieldset>
                </str-tunarray-element>
                <str-tunarray-element>
                    <data-fieldset>
                        <bit>
                            <type>3</type>
                            <id>1417</id>
                        </bit>
                    </data-fieldset>
                </str-tunarray-element>
                <str-tunarray-element>
                    <data-fieldset>
                        <bit>
                            <type>3</type>
                            <id>1418</id>
                        </bit>
                    </data-fieldset>
                </str-tunarray-element>
                <str-tunarray-element>
                    <data-fieldset>
                        <bit>
                            <type>3</type>
                            <id>1419</id>
                        </bit>
                    </data-fieldset>
                </str-tunarray-element>
                <str-tunarray-element>
                    <data-fieldset>
                        <bit>
                            <type>3</type>
                            <id>1420</id>
                        </bit>
                    </data-fieldset>
                </str-tunarray-element>
                <str-tunarray-element>
                    <data-fieldset>
                        <bit>
                            <type>3</type>
                            <id>1421</id>
                        </bit>
                    </data-fieldset>
                </str-tunarray-element>
                <str-tunarray-element>
                    <data-fieldset>
                        <bit>
                            <type>3</type>
                            <id>1422</id>
                        </bit>
                    </data-fieldset>
                </str-tunarray-element>
                <str-tunarray-element>
                    <data-fieldset>
                        <bit>
                            <type>3</type>
                            <id>1423</id>
                        </bit>
                    </data-fieldset>
                </str-tunarray-element>
                <str-tunarray-element>
                    <data-fieldset>
                        <bit>
                            <type>3</type>
                            <id>1424</id>
                        </bit>
                    </data-fieldset>
                </str-tunarray-element>
                <str-tunarray-element>
                    <data-fieldset>
                        <bit>
                            <type>3</type>
                            <id>1425</id>
                        </bit>
                    </data-fieldset>
                </str-tunarray-element>
                <str-tunarray-element>
                    <data-fieldset>
                        <bit>
                            <type>3</type>
                            <id>1426</id>
                        </bit>
                    </data-fieldset>
                </str-tunarray-element>
                <str-tunarray-element>
                    <data-fieldset>
                        <bit>
                            <type>3</type>
                            <id>1427</id>
                        </bit>
                    </data-fieldset>
                </str-tunarray-element>
                <str-tunarray-element>
                    <data-fieldset>
                        <bit>
                            <type>3</type>
                            <id>1428</id>
                        </bit>
                    </data-fieldset>
                </str-tunarray-element>
                <str-tunarray-element>
                    <data-fieldset>
                        <bit>
                            <type>3</type>
                            <id>1429</id>
                        </bit>
                    </data-fieldset>
                </str-tunarray-element>
                <str-tunarray-element>
                    <data-fieldset>
                        <bit>
                            <type>3</type>
                            <id>1302</id>
                        </bit>
                    </data-fieldset>
                </str-tunarray-element>
                <str-tunarray-element>
                    <data-fieldset>
                        <bit>
                            <type>3</type>
                            <id>1322</id>
                        </bit>
                    </data-fieldset>
                </str-tunarray-element>
                <str-tunarray-element>
                    <data-fieldset>
                        <bit>
                            <type>3</type>
                            <id>1323</id>
                        </bit>
                    </data-fieldset>
                </str-tunarray-element>
                <str-tunarray-element>
                    <data-fieldset>
                        <bit>
                            <type>3</type>
                            <id>1324</id>
                        </bit>
                    </data-fieldset>
                </str-tunarray-element>
                <str-tunarray-element>
                    <data-fieldset>
                        <bit>
                            <type>3</type>
                            <id>1325</id>
                        </bit>
                    </data-fieldset>
                </str-tunarray-element>
                <str-tunarray-element>
                    <data-fieldset>
                        <bit>
                            <type>3</type>
                            <id>1326</id>
                        </bit>
                    </data-fieldset>
                </str-tunarray-element>
                <str-tunarray-element>
                    <data-fieldset>
                        <bit>
                            <type>3</type>
                            <id>1330</id>
                        </bit>
                    </data-fieldset>
                </str-tunarray-element>
                <str-tunarray-element>
                    <data-fieldset>
                        <bit>
                            <type>3</type>
                            <id>1331</id>
                        </bit>
                    </data-fieldset>
                </str-tunarray-element>
                <str-tunarray-element>
                    <data-fieldset>
                        <bit>
                            <type>3</type>
                            <id>1332</id>
                        </bit>
                    </data-fieldset>
                </str-tunarray-element>
                <str-tunarray-element>
                    <data-fieldset>
                        <bit>
                            <type>3</type>
                            <id>1333</id>
                        </bit>
                    </data-fieldset>
                </str-tunarray-element>
                <str-tunarray-element>
                    <data-fieldset>
                        <bit>
                            <type>3</type>
                            <id>1334</id>
                        </bit>
                    </data-fieldset>
                </str-tunarray-element>
                <str-tunarray-element>
                    <data-fieldset>
                        <bit>
                            <type>3</type>
                            <id>1335</id>
                        </bit>
                    </data-fieldset>
                </str-tunarray-element>
                <str-tunarray-element>
                    <data-fieldset>
                        <bit>
                            <type>3</type>
                            <id>1336</id>
                        </bit>
                    </data-fieldset>
                </str-tunarray-element>
                <str-tunarray-element>
                    <data-fieldset>
                        <bit>
                            <type>3</type>
                            <id>1337</id>
                        </bit>
                    </data-fieldset>
                </str-tunarray-element>
                <str-tunarray-element>
                    <data-fieldset>
                        <bit>
                            <type>3</type>
                            <id>1338</id>
                        </bit>
                    </data-fieldset>
                </str-tunarray-element>
                <str-tunarray-element>
                    <data-fieldset>
                        <bit>
                            <type>3</type>
                            <id>1339</id>
                        </bit>
                    </data-fieldset>
                </str-tunarray-element>
                <str-tunarray-element>
                    <data-fieldset>
                        <real-float32>
                            <type>0</type>
                            <id>2047</id>
                            <scale>1.0</scale>
                        </real-float32>
                    </data-fieldset>
                </str-tunarray-element>
                <str-tunarray-element>
                    <data-fieldset>
                        <real-float32>
                            <type>0</type>
                            <id>2048</id>
                            <scale>1.0</scale>
                        </real-float32>
                    </data-fieldset>
                </str-tunarray-element>
                <str-tunarray-element>
                    <data-fieldset>
                        <real-float32>
                            <type>0</type>
                            <id>2050</id>
                            <scale>1.0</scale>
                        </real-float32>
                    </data-fieldset>
                </str-tunarray-element>
                <str-tunarray-element>
                    <data-fieldset>
                        <real-float32>
                            <type>0</type>
                            <id>2051</id>
                            <scale>1.0</scale>
                        </real-float32>
                    </data-fieldset>
                </str-tunarray-element>
                <str-tunarray-element>
                    <data-fieldset>
                        <real-float32>
                            <type>0</type>
                            <id>2052</id>
                            <scale>1.0</scale>
                        </real-float32>
                    </data-fieldset>
                </str-tunarray-element>
                <str-tunarray-element>
                    <data-fieldset>
                        <real-float32>
                            <type>0</type>
                            <id>2053</id>
                            <scale>1.0</scale>
                        </real-float32>
                    </data-fieldset>
                </str-tunarray-element>
                <str-tunarray-element>
                    <data-fieldset>
                        <bit>
                            <type>3</type>
                            <id>402</id>
                        </bit>
                    </data-fieldset>
                </str-tunarray-element>
                <str-tunarray-element>
                    <data-fieldset>
                        <real-float32>
                            <type>0</type>
                            <id>2099</id>
                            <scale>1.0</scale>
                        </real-float32>
                    </data-fieldset>
                </str-tunarray-element>
                <str-tunarray-element>
                    <data-fieldset>
                        <real-float32>
                            <type>0</type>
                            <id>2094</id>
                            <scale>1.0</scale>
                        </real-float32>
                    </data-fieldset>
                </str-tunarray-element>
                <str-tunarray-element>
                    <data-fieldset>
                        <real-float32>
                            <type>0</type>
                            <id>2095</id>
                            <scale>1.0</scale>
                        </real-float32>
                    </data-fieldset>
                </str-tunarray-element>
                <str-tunarray-element>
                    <data-fieldset>
                        <real-float32>
                            <type>0</type>
                            <id>2096</id>
                            <scale>1.0</scale>
                        </real-float32>
                    </data-fieldset>
                </str-tunarray-element>
                <str-tunarray-element>
                    <data-fieldset>
                        <real-float32>
                            <type>0</type>
                            <id>2097</id>
                            <scale>1.0</scale>
                        </real-float32>
                    </data-fieldset>
                </str-tunarray-element>
                <str-tunarray-element>
                    <data-fieldset>
                        <real-float32>
                            <type>0</type>
                            <id>2098</id>
                            <scale>1.0</scale>
                        </real-float32>
                    </data-fieldset>
                </str-tunarray-element>
                <str-tunarray-element>
                    <data-fieldset>
                        <uinteger16>
                            <type>2</type>
                            <id>425</id>
                            <min>0.0</min>
                            <max>65535.0</max>
                        </uinteger16>
                    </data-fieldset>
                </str-tunarray-element>
                <str-tunarray-element>
                    <data-fieldset>
                        <bit>
                            <type>3</type>
                            <id>401</id>
                        </bit>
                    </data-fieldset>
                </str-tunarray-element>
                <str-tunarray-element>
                    <data-fieldset>
                        <real-float32>
                            <type>0</type>
                            <id>2054</id>
                            <scale>1.0</scale>
                        </real-float32>
                    </data-fieldset>
                </str-tunarray-element>
                <str-tunarray-element>
                    <data-fieldset>
                        <real-float32>
                            <type>0</type>
                            <id>2055</id>
                            <scale>1.0</scale>
                        </real-float32>
                    </data-fieldset>
                </str-tunarray-element>
                <str-tunarray-element>
                    <data-fieldset>
                        <bit>
                            <type>3</type>
                            <id>403</id>
                        </bit>
                    </data-fieldset>
                </str-tunarray-element>
                <str-tunarray-element>
                    <data-fieldset>
                        <real-float32>
                            <type>0</type>
                            <id>2046</id>
                            <scale>1.0</scale>
                        </real-float32>
                    </data-fieldset>
                </str-tunarray-element>
                <str-tunarray-element>
                    <data-fieldset>
                        <real-float32>
                            <type>0</type>
                            <id>2049</id>
                            <scale>1.0</scale>
                        </real-float32>
                    </data-fieldset>
                </str-tunarray-element>
                <str-tunarray-element>
                    <data-fieldset>
                        <uinteger16>
                            <type>2</type>
                            <id>399</id>
                            <min>0.0</min>
                            <max>65535.0</max>
                        </uinteger16>
                    </data-fieldset>
                </str-tunarray-element>
                <str-tunarray-element>
                    <data-fieldset>
                        <bit>
                            <type>3</type>
                            <id>400</id>
                        </bit>
                    </data-fieldset>
                </str-tunarray-element>
                <str-tunarray-element>
                    <data-fieldset>
                        <real-float32>
                            <type>0</type>
                            <id>1763</id>
                            <scale>1.0</scale>
                        </real-float32>
                    </data-fieldset>
                </str-tunarray-element>
                <str-tunarray-element>
                    <data-fieldset>
                        <real-float32>
                            <type>0</type>
                            <id>1764</id>
                            <scale>1.0</scale>
                        </real-float32>
                    </data-fieldset>
                </str-tunarray-element>
                <str-tunarray-element>
                    <data-fieldset>
                        <real-float32>
                            <type>0</type>
                            <id>1765</id>
                            <scale>1.0</scale>
                        </real-float32>
                    </data-fieldset>
                </str-tunarray-element>
                <str-tunarray-element>
                    <data-fieldset>
                        <real-float32>
                            <type>0</type>
                            <id>1766</id>
                            <scale>1.0</scale>
                        </real-float32>
                    </data-fieldset>
                </str-tunarray-element>
                <str-tunarray-element>
                    <data-fieldset>
                        <uinteger16>
                            <type>2</type>
                            <id>505</id>
                            <min>0.0</min>
                            <max>65535.0</max>
                        </uinteger16>
                    </data-fieldset>
                </str-tunarray-element>
                <str-tunarray-element>
                    <data-fieldset>
                        <uinteger16>
                            <type>2</type>
                            <id>506</id>
                            <min>0.0</min>
                            <max>65535.0</max>
                        </uinteger16>
                    </data-fieldset>
                </str-tunarray-element>
                <str-tunarray-element>
                    <data-fieldset>
                        <uinteger16>
                            <type>2</type>
                            <id>507</id>
                            <min>0.0</min>
                            <max>65535.0</max>
                        </uinteger16>
                    </data-fieldset>
                </str-tunarray-element>
                <str-tunarray-element>
                    <data-fieldset>
                        <uinteger16>
                            <type>2</type>
                            <id>508</id>
                            <min>0.0</min>
                            <max>65535.0</max>
                        </uinteger16>
                    </data-fieldset>
                </str-tunarray-element>
                <str-tunarray-element>
                    <data-fieldset>
                        <bit>
                            <type>3</type>
                            <id>1341</id>
                        </bit>
                    </data-fieldset>
                </str-tunarray-element>
            </fields>
            <enable>1</enable>
            <periode>0.05</periode>
            <address>
                <uav>2</uav>
            </address>
        </str-tunarray-element>
        <str-tunarray-element>
            <fields>
                <str-tunarray-element>
                    <data-fieldset>
                        <real-float32>
                            <type>0</type>
                            <id>3242</id>
                            <scale>1.0</scale>
                        </real-float32>
                    </data-fieldset>
                </str-tunarray-element>
                <str-tunarray-element>
                    <data-fieldset>
                        <real-float32>
                            <type>0</type>
                            <id>3243</id>
                            <scale>1.0</scale>
                        </real-float32>
                    </data-fieldset>
                </str-tunarray-element>
                <str-tunarray-element>
                    <data-fieldset>
                        <real-float32>
                            <type>0</type>
                            <id>3302</id>
                            <scale>1.0</scale>
                        </real-float32>
                    </data-fieldset>
                </str-tunarray-element>
                <str-tunarray-element>
                    <data-fieldset>
                        <real-float32>
                            <type>0</type>
                            <id>3303</id>
                            <scale>1.0</scale>
                        </real-float32>
                    </data-fieldset>
                </str-tunarray-element>
                <str-tunarray-element>
                    <data-fieldset>
                        <real-float32>
                            <type>0</type>
                            <id>3304</id>
                            <scale>1.0</scale>
                        </real-float32>
                    </data-fieldset>
                </str-tunarray-element>
                <str-tunarray-element>
                    <data-fieldset>
                        <real-float32>
                            <type>0</type>
                            <id>3305</id>
                            <scale>1.0</scale>
                        </real-float32>
                    </data-fieldset>
                </str-tunarray-element>
                <str-tunarray-element>
                    <data-fieldset>
                        <real-float32>
                            <type>0</type>
                            <id>3306</id>
                            <scale>1.0</scale>
                        </real-float32>
                    </data-fieldset>
                </str-tunarray-element>
                <str-tunarray-element>
                    <data-fieldset>
                        <real-float32>
                            <type>0</type>
                            <id>3307</id>
                            <scale>1.0</scale>
                        </real-float32>
                    </data-fieldset>
                </str-tunarray-element>
                <str-tunarray-element>
                    <data-fieldset>
                        <real-float32>
                            <type>0</type>
                            <id>3308</id>
                            <scale>1.0</scale>
                        </real-float32>
                    </data-fieldset>
                </str-tunarray-element>
                <str-tunarray-element>
                    <data-fieldset>
                        <real-float32>
                            <type>0</type>
                            <id>3309</id>
                            <scale>1.0</scale>
                        </real-float32>
                    </data-fieldset>
                </str-tunarray-element>
                <str-tunarray-element>
                    <data-fieldset>
                        <real-float32>
                            <type>0</type>
                            <id>3310</id>
                            <scale>1.0</scale>
                        </real-float32>
                    </data-fieldset>
                </str-tunarray-element>
                <str-tunarray-element>
                    <data-fieldset>
                        <real-float32>
                            <type>0</type>
                            <id>3311</id>
                            <scale>1.0</scale>
                        </real-float32>
                    </data-fieldset>
                </str-tunarray-element>
                <str-tunarray-element>
                    <data-fieldset>
                        <real-float32>
                            <type>0</type>
                            <id>3312</id>
                            <scale>1.0</scale>
                        </real-float32>
                    </data-fieldset>
                </str-tunarray-element>
                <str-tunarray-element>
                    <data-fieldset>
                        <real-float32>
                            <type>0</type>
                            <id>3313</id>
                            <scale>1.0</scale>
                        </real-float32>
                    </data-fieldset>
                </str-tunarray-element>
                <str-tunarray-element>
                    <data-fieldset>
                        <real-float32>
                            <type>0</type>
                            <id>3314</id>
                            <scale>1.0</scale>
                        </real-float32>
                    </data-fieldset>
                </str-tunarray-element>
                <str-tunarray-element>
                    <data-fieldset>
                        <real-float32>
                            <type>0</type>
                            <id>3315</id>
                            <scale>1.0</scale>
                        </real-float32>
                    </data-fieldset>
                </str-tunarray-element>
                <str-tunarray-element>
                    <data-fieldset>
                        <real-float32>
                            <type>0</type>
                            <id>3316</id>
                            <scale>1.0</scale>
                        </real-float32>
                    </data-fieldset>
                </str-tunarray-element>
                <str-tunarray-element>
                    <data-fieldset>
                        <real-float32>
                            <type>0</type>
                            <id>3317</id>
                            <scale>1.0</scale>
                        </real-float32>
                    </data-fieldset>
                </str-tunarray-element>
                <str-tunarray-element>
                    <data-fieldset>
                        <real-float32>
                            <type>0</type>
                            <id>3419</id>
                            <scale>1.0</scale>
                        </real-float32>
                    </data-fieldset>
                </str-tunarray-element>
                <str-tunarray-element>
                    <data-fieldset>
                        <real-float32>
                            <type>0</type>
                            <id>3420</id>
                            <scale>1.0</scale>
                        </real-float32>
                    </data-fieldset>
                </str-tunarray-element>
                <str-tunarray-element>
                    <data-fieldset>
                        <real-float32>
                            <type>0</type>
                            <id>3421</id>
                            <scale>1.0</scale>
                        </real-float32>
                    </data-fieldset>
                </str-tunarray-element>
                <str-tunarray-element>
                    <data-fieldset>
                        <real-float32>
                            <type>0</type>
                            <id>3422</id>
                            <scale>1.0</scale>
                        </real-float32>
                    </data-fieldset>
                </str-tunarray-element>
                <str-tunarray-element>
                    <data-fieldset>
                        <real-float32>
                            <type>0</type>
                            <id>3423</id>
                            <scale>1.0</scale>
                        </real-float32>
                    </data-fieldset>
                </str-tunarray-element>
                <str-tunarray-element>
                    <data-fieldset>
                        <real-float32>
                            <type>0</type>
                            <id>3424</id>
                            <scale>1.0</scale>
                        </real-float32>
                    </data-fieldset>
                </str-tunarray-element>
                <str-tunarray-element>
                    <data-fieldset>
                        <real-float32>
                            <type>0</type>
                            <id>3425</id>
                            <scale>1.0</scale>
                        </real-float32>
                    </data-fieldset>
                </str-tunarray-element>
                <str-tunarray-element>
                    <data-fieldset>
                        <real-float32>
                            <type>0</type>
                            <id>3426</id>
                            <scale>1.0</scale>
                        </real-float32>
                    </data-fieldset>
                </str-tunarray-element>
                <str-tunarray-element>
                    <data-fieldset>
                        <real-float32>
                            <type>0</type>
                            <id>3427</id>
                            <scale>1.0</scale>
                        </real-float32>
                    </data-fieldset>
                </str-tunarray-element>
                <str-tunarray-element>
                    <data-fieldset>
                        <real-float32>
                            <type>0</type>
                            <id>3428</id>
                            <scale>1.0</scale>
                        </real-float32>
                    </data-fieldset>
                </str-tunarray-element>
                <str-tunarray-element>
                    <data-fieldset>
                        <real-float32>
                            <type>0</type>
                            <id>3429</id>
                            <scale>1.0</scale>
                        </real-float32>
                    </data-fieldset>
                </str-tunarray-element>
                <str-tunarray-element>
                    <data-fieldset>
                        <real-float32>
                            <type>0</type>
                            <id>3430</id>
                            <scale>1.0</scale>
                        </real-float32>
                    </data-fieldset>
                </str-tunarray-element>
                <str-tunarray-element>
                    <data-fieldset>
                        <real-float32>
                            <type>0</type>
                            <id>3431</id>
                            <scale>1.0</scale>
                        </real-float32>
                    </data-fieldset>
                </str-tunarray-element>
                <str-tunarray-element>
                    <data-fieldset>
                        <real-float32>
                            <type>0</type>
                            <id>3432</id>
                            <scale>1.0</scale>
                        </real-float32>
                    </data-fieldset>
                </str-tunarray-element>
                <str-tunarray-element>
                    <data-fieldset>
                        <real-float32>
                            <type>0</type>
                            <id>3433</id>
                            <scale>1.0</scale>
                        </real-float32>
                    </data-fieldset>
                </str-tunarray-element>
                <str-tunarray-element>
                    <data-fieldset>
                        <real-float32>
                            <type>0</type>
                            <id>3434</id>
                            <scale>1.0</scale>
                        </real-float32>
                    </data-fieldset>
                </str-tunarray-element>
                <str-tunarray-element>
                    <data-fieldset>
                        <real-float32>
                            <type>0</type>
                            <id>3435</id>
                            <scale>1.0</scale>
                        </real-float32>
                    </data-fieldset>
                </str-tunarray-element>
                <str-tunarray-element>
                    <data-fieldset>
                        <real-float32>
                            <type>0</type>
                            <id>3436</id>
                            <scale>1.0</scale>
                        </real-float32>
                    </data-fieldset>
                </str-tunarray-element>
                <str-tunarray-element>
                    <data-fieldset>
                        <real-float32>
                            <type>0</type>
                            <id>3437</id>
                            <scale>1.0</scale>
                        </real-float32>
                    </data-fieldset>
                </str-tunarray-element>
                <str-tunarray-element>
                    <data-fieldset>
                        <real-float32>
                            <type>0</type>
                            <id>3438</id>
                            <scale>1.0</scale>
                        </real-float32>
                    </data-fieldset>
                </str-tunarray-element>
                <str-tunarray-element>
                    <data-fieldset>
                        <real-float32>
                            <type>0</type>
                            <id>3439</id>
                            <scale>1.0</scale>
                        </real-float32>
                    </data-fieldset>
                </str-tunarray-element>
                <str-tunarray-element>
                    <data-fieldset>
                        <real-float32>
                            <type>0</type>
                            <id>3440</id>
                            <scale>1.0</scale>
                        </real-float32>
                    </data-fieldset>
                </str-tunarray-element>
                <str-tunarray-element>
                    <data-fieldset>
                        <uinteger16>
                            <type>2</type>
                            <id>1151</id>
                            <min>0.0</min>
                            <max>65535.0</max>
                        </uinteger16>
                    </data-fieldset>
                </str-tunarray-element>
                <str-tunarray-element>
                    <data-fieldset>
                        <uinteger16>
                            <type>2</type>
                            <id>1152</id>
                            <min>0.0</min>
                            <max>65535.0</max>
                        </uinteger16>
                    </data-fieldset>
                </str-tunarray-element>
            </fields>
            <enable>1</enable>
            <periode>0.05</periode>
            <address>
                <uav>2</uav>
            </address>
        </str-tunarray-element>
        <str-tunarray-element>
            <fields>
                <str-tunarray-element>
                    <data-fieldset>
                        <uinteger16>
                            <type>2</type>
                            <id>1150</id>
                            <min>0.0</min>
                            <max>65535.0</max>
                        </uinteger16>
                    </data-fieldset>
                </str-tunarray-element>
                <str-tunarray-element>
                    <data-fieldset>
                        <bit>
                            <type>3</type>
                            <id>1431</id>
                        </bit>
                    </data-fieldset>
                </str-tunarray-element>
                <str-tunarray-element>
                    <data-fieldset>
                        <bit>
                            <type>3</type>
                            <id>1432</id>
                        </bit>
                    </data-fieldset>
                </str-tunarray-element>
                <str-tunarray-element>
                    <data-fieldset>
                        <bit>
                            <type>3</type>
                            <id>1433</id>
                        </bit>
                    </data-fieldset>
                </str-tunarray-element>
                <str-tunarray-element>
                    <data-fieldset>
                        <bit>
                            <type>3</type>
                            <id>1434</id>
                        </bit>
                    </data-fieldset>
                </str-tunarray-element>
                <str-tunarray-element>
                    <data-fieldset>
                        <bit>
                            <type>3</type>
                            <id>1435</id>
                        </bit>
                    </data-fieldset>
                </str-tunarray-element>
                <str-tunarray-element>
                    <data-fieldset>
                        <bit>
                            <type>3</type>
                            <id>1436</id>
                        </bit>
                    </data-fieldset>
                </str-tunarray-element>
                <str-tunarray-element>
                    <data-fieldset>
                        <bit>
                            <type>3</type>
                            <id>1437</id>
                        </bit>
                    </data-fieldset>
                </str-tunarray-element>
                <str-tunarray-element>
                    <data-fieldset>
                        <bit>
                            <type>3</type>
                            <id>1438</id>
                        </bit>
                    </data-fieldset>
                </str-tunarray-element>
                <str-tunarray-element>
                    <data-fieldset>
                        <bit>
                            <type>3</type>
                            <id>1439</id>
                        </bit>
                    </data-fieldset>
                </str-tunarray-element>
                <str-tunarray-element>
                    <data-fieldset>
                        <bit>
                            <type>3</type>
                            <id>1440</id>
                        </bit>
                    </data-fieldset>
                </str-tunarray-element>
                <str-tunarray-element>
                    <data-fieldset>
                        <real-float32>
                            <type>0</type>
                            <id>3332</id>
                            <scale>1.0</scale>
                        </real-float32>
                    </data-fieldset>
                </str-tunarray-element>
                <str-tunarray-element>
                    <data-fieldset>
                        <real-float32>
                            <type>0</type>
                            <id>3333</id>
                            <scale>1.0</scale>
                        </real-float32>
                    </data-fieldset>
                </str-tunarray-element>
                <str-tunarray-element>
                    <data-fieldset>
                        <real-float32>
                            <type>0</type>
                            <id>3225</id>
                            <scale>1.0</scale>
                        </real-float32>
                    </data-fieldset>
                </str-tunarray-element>
                <str-tunarray-element>
                    <data-fieldset>
                        <real-float32>
                            <type>0</type>
                            <id>3226</id>
                            <scale>1.0</scale>
                        </real-float32>
                    </data-fieldset>
                </str-tunarray-element>
                <str-tunarray-element>
                    <data-fieldset>
                        <real-float32>
                            <type>0</type>
                            <id>3400</id>
                            <scale>1.0</scale>
                        </real-float32>
                    </data-fieldset>
                </str-tunarray-element>
                <str-tunarray-element>
                    <data-fieldset>
                        <real-float32>
                            <type>0</type>
                            <id>3401</id>
                            <scale>1.0</scale>
                        </real-float32>
                    </data-fieldset>
                </str-tunarray-element>
                <str-tunarray-element>
                    <data-fieldset>
                        <real-float32>
                            <type>0</type>
                            <id>3402</id>
                            <scale>1.0</scale>
                        </real-float32>
                    </data-fieldset>
                </str-tunarray-element>
                <str-tunarray-element>
                    <data-fieldset>
                        <real-float32>
                            <type>0</type>
                            <id>3403</id>
                            <scale>1.0</scale>
                        </real-float32>
                    </data-fieldset>
                </str-tunarray-element>
                <str-tunarray-element>
                    <data-fieldset>
                        <real-float32>
                            <type>0</type>
                            <id>3404</id>
                            <scale>1.0</scale>
                        </real-float32>
                    </data-fieldset>
                </str-tunarray-element>
                <str-tunarray-element>
                    <data-fieldset>
                        <real-float32>
                            <type>0</type>
                            <id>3405</id>
                            <scale>1.0</scale>
                        </real-float32>
                    </data-fieldset>
                </str-tunarray-element>
                <str-tunarray-element>
                    <data-fieldset>
                        <real-float32>
                            <type>0</type>
                            <id>3406</id>
                            <scale>1.0</scale>
                        </real-float32>
                    </data-fieldset>
                </str-tunarray-element>
                <str-tunarray-element>
                    <data-fieldset>
                        <real-float32>
                            <type>0</type>
                            <id>3407</id>
                            <scale>1.0</scale>
                        </real-float32>
                    </data-fieldset>
                </str-tunarray-element>
                <str-tunarray-element>
                    <data-fieldset>
                        <bit>
                            <type>3</type>
                            <id>1441</id>
                        </bit>
                    </data-fieldset>
                </str-tunarray-element>
                <str-tunarray-element>
                    <data-fieldset>
                        <bit>
                            <type>3</type>
                            <id>1442</id>
                        </bit>
                    </data-fieldset>
                </str-tunarray-element>
                <str-tunarray-element>
                    <data-fieldset>
                        <bit>
                            <type>3</type>
                            <id>1443</id>
                        </bit>
                    </data-fieldset>
                </str-tunarray-element>
                <str-tunarray-element>
                    <data-fieldset>
                        <bit>
                            <type>3</type>
                            <id>1444</id>
                        </bit>
                    </data-fieldset>
                </str-tunarray-element>
                <str-tunarray-element>
                    <data-fieldset>
                        <bit>
                            <type>3</type>
                            <id>1445</id>
                        </bit>
                    </data-fieldset>
                </str-tunarray-element>
                <str-tunarray-element>
                    <data-fieldset>
                        <bit>
                            <type>3</type>
                            <id>1446</id>
                        </bit>
                    </data-fieldset>
                </str-tunarray-element>
                <str-tunarray-element>
                    <data-fieldset>
                        <bit>
                            <type>3</type>
                            <id>1447</id>
                        </bit>
                    </data-fieldset>
                </str-tunarray-element>
                <str-tunarray-element>
                    <data-fieldset>
                        <bit>
                            <type>3</type>
                            <id>1448</id>
                        </bit>
                    </data-fieldset>
                </str-tunarray-element>
                <str-tunarray-element>
                    <data-fieldset>
                        <bit>
                            <type>3</type>
                            <id>1449</id>
                        </bit>
                    </data-fieldset>
                </str-tunarray-element>
                <str-tunarray-element>
                    <data-fieldset>
                        <bit>
                            <type>3</type>
                            <id>1450</id>
                        </bit>
                    </data-fieldset>
                </str-tunarray-element>
                <str-tunarray-element>
                    <data-fieldset>
                        <real-float32>
                            <type>0</type>
                            <id>3200</id>
                            <scale>1.0</scale>
                        </real-float32>
                    </data-fieldset>
                </str-tunarray-element>
                <str-tunarray-element>
                    <data-fieldset>
                        <real-float32>
                            <type>0</type>
                            <id>3201</id>
                            <scale>1.0</scale>
                        </real-float32>
                    </data-fieldset>
                </str-tunarray-element>
                <str-tunarray-element>
                    <data-fieldset>
                        <real-float32>
                            <type>0</type>
                            <id>3230</id>
                            <scale>1.0</scale>
                        </real-float32>
                    </data-fieldset>
                </str-tunarray-element>
                <str-tunarray-element>
                    <data-fieldset>
                        <real-float32>
                            <type>0</type>
                            <id>3231</id>
                            <scale>1.0</scale>
                        </real-float32>
                    </data-fieldset>
                </str-tunarray-element>
                <str-tunarray-element>
                    <data-fieldset>
                        <real-float32>
                            <type>0</type>
                            <id>3232</id>
                            <scale>1.0</scale>
                        </real-float32>
                    </data-fieldset>
                </str-tunarray-element>
                <str-tunarray-element>
                    <data-fieldset>
                        <real-float32>
                            <type>0</type>
                            <id>3233</id>
                            <scale>1.0</scale>
                        </real-float32>
                    </data-fieldset>
                </str-tunarray-element>
                <str-tunarray-element>
                    <data-fieldset>
                        <real-float32>
                            <type>0</type>
                            <id>3234</id>
                            <scale>1.0</scale>
                        </real-float32>
                    </data-fieldset>
                </str-tunarray-element>
                <str-tunarray-element>
                    <data-fieldset>
                        <real-float32>
                            <type>0</type>
                            <id>3235</id>
                            <scale>1.0</scale>
                        </real-float32>
                    </data-fieldset>
                </str-tunarray-element>
                <str-tunarray-element>
                    <data-fieldset>
                        <real-float32>
                            <type>0</type>
                            <id>3236</id>
                            <scale>1.0</scale>
                        </real-float32>
                    </data-fieldset>
                </str-tunarray-element>
                <str-tunarray-element>
                    <data-fieldset>
                        <real-float32>
                            <type>0</type>
                            <id>3237</id>
                            <scale>1.0</scale>
                        </real-float32>
                    </data-fieldset>
                </str-tunarray-element>
                <str-tunarray-element>
                    <data-fieldset>
                        <real-float32>
                            <type>0</type>
                            <id>3238</id>
                            <scale>1.0</scale>
                        </real-float32>
                    </data-fieldset>
                </str-tunarray-element>
                <str-tunarray-element>
                    <data-fieldset>
                        <real-float32>
                            <type>0</type>
                            <id>3239</id>
                            <scale>1.0</scale>
                        </real-float32>
                    </data-fieldset>
                </str-tunarray-element>
                <str-tunarray-element>
                    <data-fieldset>
                        <real-float32>
                            <type>0</type>
                            <id>3240</id>
                            <scale>1.0</scale>
                        </real-float32>
                    </data-fieldset>
                </str-tunarray-element>
                <str-tunarray-element>
                    <data-fieldset>
                        <real-float32>
                            <type>0</type>
                            <id>3241</id>
                            <scale>1.0</scale>
                        </real-float32>
                    </data-fieldset>
                </str-tunarray-element>
                <str-tunarray-element>
                    <data-fieldset>
                        <real-float32>
                            <type>0</type>
                            <id>3418</id>
                            <scale>1.0</scale>
                        </real-float32>
                    </data-fieldset>
                </str-tunarray-element>
                <str-tunarray-element>
                    <data-fieldset>
                        <real-float32>
                            <type>0</type>
                            <id>3214</id>
                            <scale>1.0</scale>
                        </real-float32>
                    </data-fieldset>
                </str-tunarray-element>
                <str-tunarray-element>
                    <data-fieldset>
                        <real-float32>
                            <type>0</type>
                            <id>3215</id>
                            <scale>1.0</scale>
                        </real-float32>
                    </data-fieldset>
                </str-tunarray-element>
                <str-tunarray-element>
                    <data-fieldset>
                        <real-float32>
                            <type>0</type>
                            <id>3218</id>
                            <scale>1.0</scale>
                        </real-float32>
                    </data-fieldset>
                </str-tunarray-element>
                <str-tunarray-element>
                    <data-fieldset>
                        <real-float32>
                            <type>0</type>
                            <id>3219</id>
                            <scale>1.0</scale>
                        </real-float32>
                    </data-fieldset>
                </str-tunarray-element>
                <str-tunarray-element>
                    <data-fieldset>
                        <uinteger16>
                            <type>2</type>
                            <id>1138</id>
                            <min>0.0</min>
                            <max>65535.0</max>
                        </uinteger16>
                    </data-fieldset>
                </str-tunarray-element>
                <str-tunarray-element>
                    <data-fieldset>
                        <uinteger16>
                            <type>2</type>
                            <id>1139</id>
                            <min>0.0</min>
                            <max>65535.0</max>
                        </uinteger16>
                    </data-fieldset>
                </str-tunarray-element>
                <str-tunarray-element>
                    <data-fieldset>
                        <uinteger16>
                            <type>2</type>
                            <id>1140</id>
                            <min>0.0</min>
                            <max>65535.0</max>
                        </uinteger16>
                    </data-fieldset>
                </str-tunarray-element>
                <str-tunarray-element>
                    <data-fieldset>
                        <bit>
                            <type>3</type>
                            <id>1460</id>
                        </bit>
                    </data-fieldset>
                </str-tunarray-element>
                <str-tunarray-element>
                    <data-fieldset>
                        <bit>
                            <type>3</type>
                            <id>1462</id>
                        </bit>
                    </data-fieldset>
                </str-tunarray-element>
                <str-tunarray-element>
                    <data-fieldset>
                        <real-float32>
                            <type>0</type>
                            <id>3439</id>
                            <scale>1.0</scale>
                        </real-float32>
                    </data-fieldset>
                </str-tunarray-element>
                <str-tunarray-element>
                    <data-fieldset>
                        <real-float32>
                            <type>0</type>
                            <id>3440</id>
                            <scale>1.0</scale>
                        </real-float32>
                    </data-fieldset>
                </str-tunarray-element>
                <str-tunarray-element>
                    <data-fieldset>
                        <real-float32>
                            <type>0</type>
                            <id>3444</id>
                            <scale>1.0</scale>
                        </real-float32>
                    </data-fieldset>
                </str-tunarray-element>
                <str-tunarray-element>
                    <data-fieldset>
                        <real-float32>
                            <type>0</type>
                            <id>3445</id>
                            <scale>1.0</scale>
                        </real-float32>
                    </data-fieldset>
                </str-tunarray-element>
                <str-tunarray-element>
                    <data-fieldset>
                        <real-float32>
                            <type>0</type>
                            <id>3446</id>
                            <scale>1.0</scale>
                        </real-float32>
                    </data-fieldset>
                </str-tunarray-element>
                <str-tunarray-element>
                    <data-fieldset>
                        <real-float32>
                            <type>0</type>
                            <id>3447</id>
                            <scale>1.0</scale>
                        </real-float32>
                    </data-fieldset>
                </str-tunarray-element>
                <str-tunarray-element>
                    <data-fieldset>
                        <real-float32>
                            <type>0</type>
                            <id>3448</id>
                            <scale>1.0</scale>
                        </real-float32>
                    </data-fieldset>
                </str-tunarray-element>
                <str-tunarray-element>
                    <data-fieldset>
                        <real-float32>
                            <type>0</type>
                            <id>3449</id>
                            <scale>1.0</scale>
                        </real-float32>
                    </data-fieldset>
                </str-tunarray-element>
                <str-tunarray-element>
                    <data-fieldset>
                        <real-float32>
                            <type>0</type>
                            <id>3450</id>
                            <scale>1.0</scale>
                        </real-float32>
                    </data-fieldset>
                </str-tunarray-element>
                <str-tunarray-element>
                    <data-fieldset>
                        <real-float32>
                            <type>0</type>
                            <id>3451</id>
                            <scale>1.0</scale>
                        </real-float32>
                    </data-fieldset>
                </str-tunarray-element>
                <str-tunarray-element>
                    <data-fieldset>
                        <real-float32>
                            <type>0</type>
                            <id>3452</id>
                            <scale>1.0</scale>
                        </real-float32>
                    </data-fieldset>
                </str-tunarray-element>
                <str-tunarray-element>
                    <data-fieldset>
                        <real-float32>
                            <type>0</type>
                            <id>3453</id>
                            <scale>1.0</scale>
                        </real-float32>
                    </data-fieldset>
                </str-tunarray-element>
                <str-tunarray-element>
                    <data-fieldset>
                        <real-float32>
                            <type>0</type>
                            <id>3454</id>
                            <scale>1.0</scale>
                        </real-float32>
                    </data-fieldset>
                </str-tunarray-element>
                <str-tunarray-element>
                    <data-fieldset>
                        <real-float32>
                            <type>0</type>
                            <id>3455</id>
                            <scale>1.0</scale>
                        </real-float32>
                    </data-fieldset>
                </str-tunarray-element>
                <str-tunarray-element>
                    <data-fieldset>
                        <real-float32>
                            <type>0</type>
                            <id>3456</id>
                            <scale>1.0</scale>
                        </real-float32>
                    </data-fieldset>
                </str-tunarray-element>
                <str-tunarray-element>
                    <data-fieldset>
                        <real-float32>
                            <type>0</type>
                            <id>3457</id>
                            <scale>1.0</scale>
                        </real-float32>
                    </data-fieldset>
                </str-tunarray-element>
                <str-tunarray-element>
                    <data-fieldset>
                        <real-float32>
                            <type>0</type>
                            <id>3458</id>
                            <scale>1.0</scale>
                        </real-float32>
                    </data-fieldset>
                </str-tunarray-element>
                <str-tunarray-element>
                    <data-fieldset>
                        <real-float32>
                            <type>0</type>
                            <id>3459</id>
                            <scale>1.0</scale>
                        </real-float32>
                    </data-fieldset>
                </str-tunarray-element>
                <str-tunarray-element>
                    <data-fieldset>
                        <real-float32>
                            <type>0</type>
                            <id>3460</id>
                            <scale>1.0</scale>
                        </real-float32>
                    </data-fieldset>
                </str-tunarray-element>
                <str-tunarray-element>
                    <data-fieldset>
                        <real-float32>
                            <type>0</type>
                            <id>3461</id>
                            <scale>1.0</scale>
                        </real-float32>
                    </data-fieldset>
                </str-tunarray-element>
                <str-tunarray-element>
                    <data-fieldset>
                        <real-float32>
                            <type>0</type>
                            <id>3462</id>
                            <scale>1.0</scale>
                        </real-float32>
                    </data-fieldset>
                </str-tunarray-element>
                <str-tunarray-element>
                    <data-fieldset>
                        <real-float32>
                            <type>0</type>
                            <id>3463</id>
                            <scale>1.0</scale>
                        </real-float32>
                    </data-fieldset>
                </str-tunarray-element>
                <str-tunarray-element>
                    <data-fieldset>
                        <real-float32>
                            <type>0</type>
                            <id>3464</id>
                            <scale>1.0</scale>
                        </real-float32>
                    </data-fieldset>
                </str-tunarray-element>
                <str-tunarray-element>
                    <data-fieldset>
                        <real-float32>
                            <type>0</type>
                            <id>3465</id>
                            <scale>1.0</scale>
                        </real-float32>
                    </data-fieldset>
                </str-tunarray-element>
                <str-tunarray-element>
                    <data-fieldset>
                        <real-float32>
                            <type>0</type>
                            <id>3466</id>
                            <scale>1.0</scale>
                        </real-float32>
                    </data-fieldset>
                </str-tunarray-element>
                <str-tunarray-element>
                    <data-fieldset>
                        <real-float32>
                            <type>0</type>
                            <id>3467</id>
                            <scale>1.0</scale>
                        </real-float32>
                    </data-fieldset>
                </str-tunarray-element>
                <str-tunarray-element>
                    <data-fieldset>
                        <real-float32>
                            <type>0</type>
                            <id>3468</id>
                            <scale>1.0</scale>
                        </real-float32>
                    </data-fieldset>
                </str-tunarray-element>
                <str-tunarray-element>
                    <data-fieldset>
                        <real-float32>
                            <type>0</type>
                            <id>3469</id>
                            <scale>1.0</scale>
                        </real-float32>
                    </data-fieldset>
                </str-tunarray-element>
                <str-tunarray-element>
                    <data-fieldset>
                        <real-float32>
                            <type>0</type>
                            <id>3470</id>
                            <scale>1.0</scale>
                        </real-float32>
                    </data-fieldset>
                </str-tunarray-element>
                <str-tunarray-element>
                    <data-fieldset>
                        <real-float32>
                            <type>0</type>
                            <id>3471</id>
                            <scale>1.0</scale>
                        </real-float32>
                    </data-fieldset>
                </str-tunarray-element>
                <str-tunarray-element>
                    <data-fieldset>
                        <real-float32>
                            <type>0</type>
                            <id>3472</id>
                            <scale>1.0</scale>
                        </real-float32>
                    </data-fieldset>
                </str-tunarray-element>
                <str-tunarray-element>
                    <data-fieldset>
                        <real-float32>
                            <type>0</type>
                            <id>3473</id>
                            <scale>1.0</scale>
                        </real-float32>
                    </data-fieldset>
                </str-tunarray-element>
                <str-tunarray-element>
                    <data-fieldset>
                        <real-float32>
                            <type>0</type>
                            <id>3474</id>
                            <scale>1.0</scale>
                        </real-float32>
                    </data-fieldset>
                </str-tunarray-element>
                <str-tunarray-element>
                    <data-fieldset>
                        <real-float32>
                            <type>0</type>
                            <id>3475</id>
                            <scale>1.0</scale>
                        </real-float32>
                    </data-fieldset>
                </str-tunarray-element>
                <str-tunarray-element>
                    <data-fieldset>
                        <real-float32>
                            <type>0</type>
                            <id>3476</id>
                            <scale>1.0</scale>
                        </real-float32>
                    </data-fieldset>
                </str-tunarray-element>
                <str-tunarray-element>
                    <data-fieldset>
                        <real-float32>
                            <type>0</type>
                            <id>3477</id>
                            <scale>1.0</scale>
                        </real-float32>
                    </data-fieldset>
                </str-tunarray-element>
                <str-tunarray-element>
                    <data-fieldset>
                        <real-float32>
                            <type>0</type>
                            <id>3478</id>
                            <scale>1.0</scale>
                        </real-float32>
                    </data-fieldset>
                </str-tunarray-element>
                <str-tunarray-element>
                    <data-fieldset>
                        <real-float32>
                            <type>0</type>
                            <id>3479</id>
                            <scale>1.0</scale>
                        </real-float32>
                    </data-fieldset>
                </str-tunarray-element>
                <str-tunarray-element>
                    <data-fieldset>
                        <real-float32>
                            <type>0</type>
                            <id>3480</id>
                            <scale>1.0</scale>
                        </real-float32>
                    </data-fieldset>
                </str-tunarray-element>
                <str-tunarray-element>
                    <data-fieldset>
                        <real-float32>
                            <type>0</type>
                            <id>3481</id>
                            <scale>1.0</scale>
                        </real-float32>
                    </data-fieldset>
                </str-tunarray-element>
                <str-tunarray-element>
                    <data-fieldset>
                        <real-float32>
                            <type>0</type>
                            <id>3482</id>
                            <scale>1.0</scale>
                        </real-float32>
                    </data-fieldset>
                </str-tunarray-element>
                <str-tunarray-element>
                    <data-fieldset>
                        <real-float32>
                            <type>0</type>
                            <id>3483</id>
                            <scale>1.0</scale>
                        </real-float32>
                    </data-fieldset>
                </str-tunarray-element>
                <str-tunarray-element>
                    <data-fieldset>
                        <real-float32>
                            <type>0</type>
                            <id>3484</id>
                            <scale>1.0</scale>
                        </real-float32>
                    </data-fieldset>
                </str-tunarray-element>
                <str-tunarray-element>
                    <data-fieldset>
                        <real-float32>
                            <type>0</type>
                            <id>3485</id>
                            <scale>1.0</scale>
                        </real-float32>
                    </data-fieldset>
                </str-tunarray-element>
                <str-tunarray-element>
                    <data-fieldset>
                        <real-float32>
                            <type>0</type>
                            <id>3486</id>
                            <scale>1.0</scale>
                        </real-float32>
                    </data-fieldset>
                </str-tunarray-element>
                <str-tunarray-element>
                    <data-fieldset>
                        <real-float32>
                            <type>0</type>
                            <id>3318</id>
                            <scale>1.0</scale>
                        </real-float32>
                    </data-fieldset>
                </str-tunarray-element>
                <str-tunarray-element>
                    <data-fieldset>
                        <real-float32>
                            <type>0</type>
                            <id>3319</id>
                            <scale>1.0</scale>
                        </real-float32>
                    </data-fieldset>
                </str-tunarray-element>
                <str-tunarray-element>
                    <data-fieldset>
                        <real-float32>
                            <type>0</type>
                            <id>3490</id>
                            <scale>1.0</scale>
                        </real-float32>
                    </data-fieldset>
                </str-tunarray-element>
                <str-tunarray-element>
                    <data-fieldset>
                        <real-float32>
                            <type>0</type>
                            <id>3491</id>
                            <scale>1.0</scale>
                        </real-float32>
                    </data-fieldset>
                </str-tunarray-element>
                <str-tunarray-element>
                    <data-fieldset>
                        <real-float32>
                            <type>0</type>
                            <id>3492</id>
                            <scale>1.0</scale>
                        </real-float32>
                    </data-fieldset>
                </str-tunarray-element>
                <str-tunarray-element>
                    <data-fieldset>
                        <real-float32>
                            <type>0</type>
                            <id>3493</id>
                            <scale>1.0</scale>
                        </real-float32>
                    </data-fieldset>
                </str-tunarray-element>
                <str-tunarray-element>
                    <data-fieldset>
                        <real-float32>
                            <type>0</type>
                            <id>3494</id>
                            <scale>1.0</scale>
                        </real-float32>
                    </data-fieldset>
                </str-tunarray-element>
                <str-tunarray-element>
                    <data-fieldset>
                        <real-float32>
                            <type>0</type>
                            <id>3495</id>
                            <scale>1.0</scale>
                        </real-float32>
                    </data-fieldset>
                </str-tunarray-element>
                <str-tunarray-element>
                    <data-fieldset>
                        <bit>
                            <type>3</type>
                            <id>1478</id>
                        </bit>
                    </data-fieldset>
                </str-tunarray-element>
                <str-tunarray-element>
                    <data-fieldset>
                        <bit>
                            <type>3</type>
                            <id>1479</id>
                        </bit>
                    </data-fieldset>
                </str-tunarray-element>
                <str-tunarray-element>
                    <data-fieldset>
                        <bit>
                            <type>3</type>
                            <id>1480</id>
                        </bit>
                    </data-fieldset>
                </str-tunarray-element>
                <str-tunarray-element>
                    <data-fieldset>
                        <bit>
                            <type>3</type>
                            <id>1481</id>
                        </bit>
                    </data-fieldset>
                </str-tunarray-element>
                <str-tunarray-element>
                    <data-fieldset>
                        <bit>
                            <type>3</type>
                            <id>1482</id>
                        </bit>
                    </data-fieldset>
                </str-tunarray-element>
                <str-tunarray-element>
                    <data-fieldset>
                        <bit>
                            <type>3</type>
                            <id>1483</id>
                        </bit>
                    </data-fieldset>
                </str-tunarray-element>
                <str-tunarray-element>
                    <data-fieldset>
                        <bit>
                            <type>3</type>
                            <id>1484</id>
                        </bit>
                    </data-fieldset>
                </str-tunarray-element>
                <str-tunarray-element>
                    <data-fieldset>
                        <bit>
                            <type>3</type>
                            <id>1485</id>
                        </bit>
                    </data-fieldset>
                </str-tunarray-element>
                <str-tunarray-element>
                    <data-fieldset>
                        <bit>
                            <type>3</type>
                            <id>1486</id>
                        </bit>
                    </data-fieldset>
                </str-tunarray-element>
                <str-tunarray-element>
                    <data-fieldset>
                        <bit>
                            <type>3</type>
                            <id>1487</id>
                        </bit>
                    </data-fieldset>
                </str-tunarray-element>
                <str-tunarray-element>
                    <data-fieldset>
                        <bit>
                            <type>3</type>
                            <id>1488</id>
                        </bit>
                    </data-fieldset>
                </str-tunarray-element>
                <str-tunarray-element>
                    <data-fieldset>
                        <bit>
                            <type>3</type>
                            <id>1489</id>
                        </bit>
                    </data-fieldset>
                </str-tunarray-element>
                <str-tunarray-element>
                    <data-fieldset>
                        <bit>
                            <type>3</type>
                            <id>1490</id>
                        </bit>
                    </data-fieldset>
                </str-tunarray-element>
                <str-tunarray-element>
                    <data-fieldset>
                        <bit>
                            <type>3</type>
                            <id>1491</id>
                        </bit>
                    </data-fieldset>
                </str-tunarray-element>
                <str-tunarray-element>
                    <data-fieldset>
                        <bit>
                            <type>3</type>
                            <id>1492</id>
                        </bit>
                    </data-fieldset>
                </str-tunarray-element>
                <str-tunarray-element>
                    <data-fieldset>
                        <bit>
                            <type>3</type>
                            <id>1493</id>
                        </bit>
                    </data-fieldset>
                </str-tunarray-element>
                <str-tunarray-element>
                    <data-fieldset>
                        <uinteger16>
                            <type>2</type>
                            <id>1141</id>
                            <min>0.0</min>
                            <max>65535.0</max>
                        </uinteger16>
                    </data-fieldset>
                </str-tunarray-element>
                <str-tunarray-element>
                    <data-fieldset>
                        <uinteger16>
                            <type>2</type>
                            <id>1142</id>
                            <min>0.0</min>
                            <max>65535.0</max>
                        </uinteger16>
                    </data-fieldset>
                </str-tunarray-element>
                <str-tunarray-element>
                    <data-fieldset>
                        <uinteger16>
                            <type>2</type>
                            <id>1143</id>
                            <min>0.0</min>
                            <max>65535.0</max>
                        </uinteger16>
                    </data-fieldset>
                </str-tunarray-element>
                <str-tunarray-element>
                    <data-fieldset>
                        <uinteger16>
                            <type>2</type>
                            <id>1144</id>
                            <min>0.0</min>
                            <max>65535.0</max>
                        </uinteger16>
                    </data-fieldset>
                </str-tunarray-element>
                <str-tunarray-element>
                    <data-fieldset>
                        <uinteger16>
                            <type>2</type>
                            <id>1145</id>
                            <min>0.0</min>
                            <max>65535.0</max>
                        </uinteger16>
                    </data-fieldset>
                </str-tunarray-element>
                <str-tunarray-element>
                    <data-fieldset>
                        <uinteger16>
                            <type>2</type>
                            <id>1203</id>
                            <min>0.0</min>
                            <max>65535.0</max>
                        </uinteger16>
                    </data-fieldset>
                </str-tunarray-element>
            </fields>
            <enable>1</enable>
            <periode>0.05</periode>
            <address>
                <uav>2</uav>
            </address>
        </str-tunarray-element>
    </data>
</entry-tm>
