<entry-stg-subsys>
    <id>377</id>
    <filename>stg_subsystem.bin</filename>
    <version>
        <major>7</major>
        <minor>3</minor>
        <revision>1</revision>
    </version>
    <data>
        <subsys0>
            <str-tunarray-element>
                <key>
                    <comp_n>0</comp_n>
                    <subcomp_n>0</subcomp_n>
                </key>
                <uvar>2000</uvar>
            </str-tunarray-element>
        </subsys0>
        <subsys1>
            <str-tunarray-element>
                <key>
                    <comp_n>0</comp_n>
                    <subcomp_n>0</subcomp_n>
                </key>
                <uvar>2000</uvar>
            </str-tunarray-element>
        </subsys1>
        <subsys2>
            <str-tunarray-element>
                <key>
                    <comp_n>0</comp_n>
                    <subcomp_n>0</subcomp_n>
                </key>
                <uvar>2000</uvar>
            </str-tunarray-element>
        </subsys2>
        <subsys3>
            <str-tunarray-element>
                <key>
                    <comp_n>0</comp_n>
                    <subcomp_n>0</subcomp_n>
                </key>
                <uvar>2000</uvar>
            </str-tunarray-element>
        </subsys3>
        <subsys4>
            <str-tunarray-element>
                <key>
                    <comp_n>0</comp_n>
                    <subcomp_n>0</subcomp_n>
                </key>
                <uvar>2000</uvar>
            </str-tunarray-element>
        </subsys4>
        <subsys5>
            <str-tunarray-element>
                <key>
                    <comp_n>0</comp_n>
                    <subcomp_n>0</subcomp_n>
                </key>
                <uvar>2000</uvar>
            </str-tunarray-element>
        </subsys5>
        <subsys6>
            <str-tunarray-element>
                <key>
                    <comp_n>0</comp_n>
                    <subcomp_n>0</subcomp_n>
                </key>
                <uvar>2000</uvar>
            </str-tunarray-element>
        </subsys6>
        <subsys7>
            <str-tunarray-element>
                <key>
                    <comp_n>0</comp_n>
                    <subcomp_n>0</subcomp_n>
                </key>
                <uvar>2000</uvar>
            </str-tunarray-element>
        </subsys7>
        <subsys8>
            <str-tunarray-element>
                <key>
                    <comp_n>0</comp_n>
                    <subcomp_n>0</subcomp_n>
                </key>
                <uvar>2000</uvar>
            </str-tunarray-element>
        </subsys8>
        <subsys9>
            <str-tunarray-element>
                <key>
                    <comp_n>0</comp_n>
                    <subcomp_n>0</subcomp_n>
                </key>
                <uvar>2000</uvar>
            </str-tunarray-element>
        </subsys9>
        <subsys10>
            <str-tunarray-element>
                <key>
                    <comp_n>0</comp_n>
                    <subcomp_n>0</subcomp_n>
                </key>
                <uvar>2000</uvar>
            </str-tunarray-element>
        </subsys10>
        <subsys11>
            <str-tunarray-element>
                <key>
                    <comp_n>0</comp_n>
                    <subcomp_n>0</subcomp_n>
                </key>
                <uvar>2000</uvar>
            </str-tunarray-element>
        </subsys11>
        <subsys12>
            <str-tunarray-element>
                <key>
                    <comp_n>0</comp_n>
                    <subcomp_n>0</subcomp_n>
                </key>
                <uvar>2000</uvar>
            </str-tunarray-element>
        </subsys12>
        <subsys13>
            <str-tunarray-element>
                <key>
                    <comp_n>0</comp_n>
                    <subcomp_n>0</subcomp_n>
                </key>
                <uvar>2000</uvar>
            </str-tunarray-element>
        </subsys13>
        <subsys14>
            <str-tunarray-element>
                <key>
                    <comp_n>0</comp_n>
                    <subcomp_n>0</subcomp_n>
                </key>
                <uvar>2000</uvar>
            </str-tunarray-element>
        </subsys14>
        <subsys15>
            <str-tunarray-element>
                <key>
                    <comp_n>0</comp_n>
                    <subcomp_n>0</subcomp_n>
                </key>
                <uvar>2000</uvar>
            </str-tunarray-element>
        </subsys15>
        <subsys16>
            <str-tunarray-element>
                <key>
                    <comp_n>0</comp_n>
                    <subcomp_n>0</subcomp_n>
                </key>
                <uvar>2000</uvar>
            </str-tunarray-element>
        </subsys16>
        <subsys17>
            <str-tunarray-element>
                <key>
                    <comp_n>0</comp_n>
                    <subcomp_n>0</subcomp_n>
                </key>
                <uvar>2000</uvar>
            </str-tunarray-element>
        </subsys17>
        <subsys18>
            <str-tunarray-element>
                <key>
                    <comp_n>0</comp_n>
                    <subcomp_n>0</subcomp_n>
                </key>
                <uvar>2000</uvar>
            </str-tunarray-element>
        </subsys18>
        <subsys19>
            <str-tunarray-element>
                <key>
                    <comp_n>0</comp_n>
                    <subcomp_n>0</subcomp_n>
                </key>
                <uvar>2000</uvar>
            </str-tunarray-element>
        </subsys19>
        <subsys20>
            <str-tunarray-element>
                <key>
                    <comp_n>0</comp_n>
                    <subcomp_n>0</subcomp_n>
                </key>
                <uvar>2000</uvar>
            </str-tunarray-element>
        </subsys20>
        <subsys21>
            <str-tunarray-element>
                <key>
                    <comp_n>0</comp_n>
                    <subcomp_n>0</subcomp_n>
                </key>
                <uvar>2000</uvar>
            </str-tunarray-element>
        </subsys21>
        <subsys22>
            <str-tunarray-element>
                <key>
                    <comp_n>0</comp_n>
                    <subcomp_n>0</subcomp_n>
                </key>
                <uvar>2000</uvar>
            </str-tunarray-element>
        </subsys22>
        <subsys23>
            <str-tunarray-element>
                <key>
                    <comp_n>0</comp_n>
                    <subcomp_n>0</subcomp_n>
                </key>
                <uvar>2000</uvar>
            </str-tunarray-element>
        </subsys23>
        <subsys24>
            <str-tunarray-element>
                <key>
                    <comp_n>0</comp_n>
                    <subcomp_n>0</subcomp_n>
                </key>
                <uvar>2000</uvar>
            </str-tunarray-element>
        </subsys24>
        <subsys25>
            <str-tunarray-element>
                <key>
                    <comp_n>0</comp_n>
                    <subcomp_n>0</subcomp_n>
                </key>
                <uvar>2000</uvar>
            </str-tunarray-element>
        </subsys25>
        <subsys26>
            <str-tunarray-element>
                <key>
                    <comp_n>0</comp_n>
                    <subcomp_n>0</subcomp_n>
                </key>
                <uvar>2000</uvar>
            </str-tunarray-element>
        </subsys26>
        <subsys27>
            <str-tunarray-element>
                <key>
                    <comp_n>0</comp_n>
                    <subcomp_n>0</subcomp_n>
                </key>
                <uvar>2000</uvar>
            </str-tunarray-element>
        </subsys27>
        <subsys28>
            <str-tunarray-element>
                <key>
                    <comp_n>0</comp_n>
                    <subcomp_n>0</subcomp_n>
                </key>
                <uvar>2000</uvar>
            </str-tunarray-element>
        </subsys28>
        <subsys29>
            <str-tunarray-element>
                <key>
                    <comp_n>0</comp_n>
                    <subcomp_n>0</subcomp_n>
                </key>
                <uvar>2000</uvar>
            </str-tunarray-element>
        </subsys29>
        <subsys30>
            <str-tunarray-element>
                <key>
                    <comp_n>0</comp_n>
                    <subcomp_n>0</subcomp_n>
                </key>
                <uvar>2000</uvar>
            </str-tunarray-element>
        </subsys30>
        <subsys31>
            <str-tunarray-element>
                <key>
                    <comp_n>0</comp_n>
                    <subcomp_n>0</subcomp_n>
                </key>
                <uvar>2000</uvar>
            </str-tunarray-element>
        </subsys31>
    </data>
</entry-stg-subsys>
