<entry-gyrocal>
    <id>249</id>
    <filename>gyrocal.bin</filename>
    <version>
        <major>7</major>
        <minor>3</minor>
        <revision>1</revision>
    </version>
    <data>
        <c0>
            <x>
                <bias>0.0</bias>
                <scale-factor>0.0</scale-factor>
                <variance>0.0</variance>
            </x>
            <y>
                <bias>0.0</bias>
                <scale-factor>0.0</scale-factor>
                <variance>0.0</variance>
            </y>
            <z>
                <bias>0.0</bias>
                <scale-factor>0.0</scale-factor>
                <variance>0.0</variance>
            </z>
        </c0>
        <c1>
            <x>
                <bias>0.0</bias>
                <scale-factor>0.0</scale-factor>
                <variance>0.0</variance>
            </x>
            <y>
                <bias>0.0</bias>
                <scale-factor>0.0</scale-factor>
                <variance>0.0</variance>
            </y>
            <z>
                <bias>0.0</bias>
                <scale-factor>0.0</scale-factor>
                <variance>0.0</variance>
            </z>
        </c1>
        <c2>
            <x>
                <bias>0.0</bias>
                <scale-factor>0.0</scale-factor>
                <variance>0.0</variance>
            </x>
            <y>
                <bias>0.0</bias>
                <scale-factor>0.0</scale-factor>
                <variance>0.0</variance>
            </y>
            <z>
                <bias>0.0</bias>
                <scale-factor>0.0</scale-factor>
                <variance>0.0</variance>
            </z>
        </c2>
        <c3>
            <x>
                <bias>0.0</bias>
                <scale-factor>0.0</scale-factor>
                <variance>0.0</variance>
            </x>
            <y>
                <bias>0.0</bias>
                <scale-factor>0.0</scale-factor>
                <variance>0.0</variance>
            </y>
            <z>
                <bias>0.0</bias>
                <scale-factor>0.0</scale-factor>
                <variance>0.0</variance>
            </z>
        </c3>
        <c4>
            <x>
                <bias>0.0</bias>
                <scale-factor>0.0</scale-factor>
                <variance>0.0</variance>
            </x>
            <y>
                <bias>0.0</bias>
                <scale-factor>0.0</scale-factor>
                <variance>0.0</variance>
            </y>
            <z>
                <bias>0.0</bias>
                <scale-factor>0.0</scale-factor>
                <variance>0.0</variance>
            </z>
        </c4>
        <c5>
            <x>
                <bias>0.0</bias>
                <scale-factor>0.0</scale-factor>
                <variance>0.0</variance>
            </x>
            <y>
                <bias>0.0</bias>
                <scale-factor>0.0</scale-factor>
                <variance>0.0</variance>
            </y>
            <z>
                <bias>0.0</bias>
                <scale-factor>0.0</scale-factor>
                <variance>0.0</variance>
            </z>
        </c5>
        <c6>
            <x>
                <bias>0.0</bias>
                <scale-factor>0.0</scale-factor>
                <variance>0.0</variance>
            </x>
            <y>
                <bias>0.0</bias>
                <scale-factor>0.0</scale-factor>
                <variance>0.0</variance>
            </y>
            <z>
                <bias>0.0</bias>
                <scale-factor>0.0</scale-factor>
                <variance>0.0</variance>
            </z>
        </c6>
        <c7>
            <x>
                <bias>0.0</bias>
                <scale-factor>0.0</scale-factor>
                <variance>0.0</variance>
            </x>
            <y>
                <bias>0.0</bias>
                <scale-factor>0.0</scale-factor>
                <variance>0.0</variance>
            </y>
            <z>
                <bias>0.0</bias>
                <scale-factor>0.0</scale-factor>
                <variance>0.0</variance>
            </z>
        </c7>
    </data>
</entry-gyrocal>
